id,artists_id,uploaded_by
11320,233,408647073007
7956,453,563388874988
7,8,
3282,"1109,1110",929819142165
14,,
20,,
3,3,
27,30,
7952,145,812649641749
1,1,
2,2,
5,"5,6","618355761471,496854931147,869395596643"
9,1,"874158820580,123317730197,994985901817,616554609597,348461817543"
11,"11,12",
13,14,
16,"7,16,17",
18,23,
23,27,
29,32,
30,33,175682234295
31,"34,35",426362434662
32,"36,37",
33,38,
2373,885,"128533184648,536320523506"
3283,412,462346580459
40,42,
10924,191,949538583064
60,60,
1228,"758,759",140289111734
2398,215,584661223260
53,54,312759452298
34,"28,17",393625365002
38,40,
39,41,
42,"44,45,46",
44,"36,37",
46,47,
47,"36,37",
48,50,
50,33,
55,56,
56,57,"812649641749,694195477658,313128132368"
58,33,812649641749
62,"62,63,64",
64,66,
65,"67,17,68",
66,69,
68,70,
70,72,
81,82,
2739,234,"579377061875,407445230620,309842505795"
5180,2230,249593721612
83,85,
7626,163,355242680870
8014,"3077,295","438071472030,438071472030"
12784,638,394117657821
11131,1887,408647073007
49,51,"177371299101,769929183709,849733476327,172105222291"
69,71,
74,76,
79,80,"812649641749,716282150015"
80,81,874158820580
82,"83,84",
85,18,"874158820580,197341950772"
87,50,
89,88,
91,"90,91",
93,93,874158820580
94,94,
99,95,
100,49,
120,115,"874158820580,874158820580"
1229,29,"542654609056,958249908971,172095131804"
112,"106,107,108",703052179864
7627,1688,365660435784
7962,2582,904324119139
2740,710,130713082052
7990,343,"636545644634,368390667456,126580655982,636545644634"
7991,353,812649641749
113,89,515788758231
1230,,769929183709
8115,3106,175682234295
10689,"2048,3878",531129283270
7628,"2944,2945",658081147494
143,"140,141,142",929819142165
107,"99,100",801392618851
110,104,"509760591885,509760591885,509760591885"
115,"109,110",515788758231
116,"111,112,113,114",509760591885
121,"116,117",102374066294
122,"118,119","874158820580,874158820580"
124,"120,44",874158820580
125,"44,121,122",874158820580
126,123,"874158820580,812649641749,616040736095"
132,131,263021605118
140,"136,113,137",509760591885
1231,760,769929183709
1232,760,769929183709
17,"18,19,20,21,22",874158820580
142,139,356452813834
7774,834,536320523506
5182,54,896894389979
13206,1221,"892495927684,616554609597"
151,303,515788758231
10691,916,566789475601
145,"144,107,108","703052179864,703052179864,140289111734,703052179864,168459389183"
138,214,906787991853
10692,"1672,3879",567839591024
129,"127,128","929819142165,929819142165"
130,129,"929819142165,996405937084"
134,132,"509760591885,509760591885,801392618851,509760591885"
139,135,232920340516
144,143,821068817689
146,135,"515788758231,329418732523"
149,147,140289111734
150,148,"509760591885,509760591885,509760591885,951313012753"
157,154,"515788758231,783298102704"
163,157,801392618851
164,"44,157",874158820580
166,159,515788758231
175,132,509760591885
178,166,102374066294
179,167,394117657821
159,,177371299101
6362,770,498927610170
8022,3078,971657212338
174,164,140289111734
5117,953,"462346580459,898318050461"
211,187,867935070956
180,147,867935070956
158,135,515788758231
176,165,145533674118
181,168,"915949105834,703052179864,497893661469"
183,169,"509760591885,509760591885,817434891767,467506873802"
184,169,"509760591885,275983206365"
186,170,579377061875
187,171,579377061875
191,148,"515788758231,509760591885"
199,177,874158820580
208,185,"874158820580,812649641749,863329919180"
215,191,"509760591885,509760591885"
1233,"475,476",874158820580
12147,17,"263021605118,288354675743"
8060,"244,2550,108","867935070956,867935070956"
7630,52,658081147494
2122,17,753128310892
5184,29,409371505827
5183,550,591971526382
8040,3082,106063004519
2817,1476,140289111734
8042,1418,873750467314
237,205,667094331416
220,"181,195",102374066294
234,202,867935070956
230,145,"801392618851,922388669862,173975302140"
19,24,812649641749
195,174,"515788758231,799443797620"
198,176,"874158820580,874158820580"
209,175,"874158820580,478701691965,812649641749,396287033930,197341950772"
217,"193,107,108",515788758231
218,60,821068817689
222,196,394117657821
235,203,509760591885
236,204,667094331416
239,207,801392618851
2743,1446,734535702313
2355,1283,"929819142165,888721759330"
233,202,867935070956
12163,4405,"629902110827,497893661469"
8554,"149,1",812649641749
10694,2747,397699130328
7782,353,888721759330
10925,3946,951313012753
11132,2158,408647073007
258,"217,219,220",929819142165
276,,253595547136
255,1570,"906787991853,906787991853"
10926,181,824142047736
328,275,114447454905
63,65,812649641749
238,"206,107,108",667094331416
240,208,867935070956
242,210,"911593860202,867935070956"
246,212,"102374066294,680101439838"
250,214,906787991853
251,"215,216",929819142165
253,167,394117657821
259,221,145533674118
260,222,177371299101
264,226,"801392618851,964657504129"
268,146,509760591885
269,145,801392618851
772,234,"321316551291,616040736095"
2402,"1304,1305","804121600141,462346580459"
12173,4407,987344432335
2744,1447,407575456169
796,181,"849733476327,849733476327,849733476327"
2745,186,734535702313
2982,968,"753128310892,874158820580"
307,167,867935070956
7631,2946,438071472030
301,283,801346475500
10019,68,706302919753
280,"196,235",394117657821
271,230,145533674118
272,"231,117","703052179864,703052179864"
278,234,801346475500
283,239,734535702313
286,95,509760591885
288,95,509760591885
289,159,515788758231
290,164,697274345222
291,242,"748039353331,563580450746"
295,245,"801346475500,892587510952,569047383287"
298,"244,248",801392618851
299,"147,249",741416130534
302,251,748039353331
304,254,515788758231
303,"252,253",801392618851
798,184,579377061875
2123,420,509760591885
2395,461,906787991853
4938,2157,"764118488854,812649641749"
4336,488,"438071472030,706986751636,365660435784,280468269439"
8128,28,756372794491
332,"147,279",906787991853
310,186,734535702313
333,280,102374066294
2385,1257,801346475500
314,261,801392618851
5805,"147,1647","545559172177,540859075517"
293,244,"867935070956,365660435784,758444174081"
308,"256,257,258",874158820580
309,259,874158820580
311,260,"509760591885,509760591885"
317,157,874158820580
319,265,"801392618851,365660435784"
320,266,874158820580
321,"267,268,269",906787991853
322,270,874158820580
324,272,114447454905
329,276,509760591885
330,277,114447454905
334,281,874158820580
869,"571,68","874158820580,130713082052"
6888,4,"563388874988,662106175294,923485882084"
12416,488,854624519688
340,"286,287",114447454905
2142,29,"321316551291,687229846531,123317730197,123317730197,689317362970"
824,,867935070956
8046,1388,869955988052
2746,"1448,1449",242725736100
10696,3881,769573635661
362,,321316551291
341,"288,159",515788758231
940,200,"579377061875,218093200747,823943248698"
323,271,"263021605118,263021605118"
256,182,"509760591885,509760591885,509760591885"
337,282,"697274345222,687229846531,923485882084"
344,290,874158820580
353,18,874158820580
361,300,"139817792074,728361123480,245143586034"
363,"126,17","321316551291,438071472030"
364,168,"874158820580,666167540785"
366,18,874158820580
848,573,"769929183709,245143586034,656985579957,406194970961"
888,"597,598,599",867935070956
917,613,"929819142165,888721759330"
2383,"323,1297",584661223260
2747,,632667648014
7635,2948,849733476327
6892,2739,756372794491
8073,196,438071472030
10697,"1672,1478",563388874988
386,"319,320,117",867935070956
984,473,684627654521
370,305,929819142165
371,306,321316551291
372,307,801392618851
375,"310,261",874158820580
376,311,579377061875
377,312,177371299101
383,316,"874158820580,587657647248"
387,321,867935070956
388,322,394117657821
389,"323,282,324",321316551291
392,326,874158820580
393,327,874158820580
394,"328,329,330",874158820580
395,"125,331",874158820580
826,557,"750156468469,472558623157"
948,"29,636,28","475272494144,929819142165"
1236,33,804121600141
1256,,"804121600141,883913356047"
2748,787,632667648014
2403,"1306,60",874158820580
2458,"374,1334,1335",130713082052
2464,1221,"321316551291,783298102704"
2493,1350,801346475500
399,"334,335",232920340516
411,344,734535702313
2520,447,750156468469
2522,885,929819142165
7636,184,951313012753
10698,3882,336636676011
398,41,867935070956
400,336,114447454905
401,337,139817792074
406,342,509760591885
408,343,"410618275779,979910711272,979910711272,636545644634"
416,196,"801346475500,591971526382"
417,343,410618275779
420,343,410618275779
425,"61,347",959078742794
426,348,"509760591885,509760591885"
830,562,410618275779
7637,184,563388874988
8074,2359,280468269439
2148,17,"753128310892,756372794491"
430,181,230986011321
2750,11,874158820580
2751,"283,1",874158820580
7638,184,823943248698
457,974,734535702313
450,181,579377061875
1010,655,606884302092
446,357,867935070956
8076,147,152461457404
435,224,"750156468469,817321833631,242725736100,450900851690"
438,352,509760591885
440,352,509760591885
441,353,"750156468469,974609541585,430020105059,142118830886"
442,"28,354",874158820580
451,234,"321316551291,951313012753"
453,358,"750156468469,315631053874"
454,358,509760591885
455,109,242725736100
884,166,383616851268
912,611,676591585116
11782,"263,117",280468269439
458,,175407856212
2150,641,"801346475500,853065672752,812649641749"
7746,443,"888721759330,706302919753"
8097,446,769573635661
1239,761,509760591885
8109,3103,666167540785
484,"372,373",509760591885
2451,54,394117657821
459,169,750156468469
460,213,242725736100
462,361,929819142165
463,362,"750156468469,740901501816,353868443200,545559172177"
465,363,"867935070956,867935070956"
467,169,"475272494144,666167540785"
474,31,"270247321047,823943248698"
473,169,475272494144
481,369,651724853829
482,370,651724853829
485,374,509760591885
486,288,509760591885
487,375,509760591885
850,575,296272052435
1238,353,"750156468469,996405937084,735612117095,448540462163,368390667456"
2162,631,"783298102704,958249908971,438071472030,123317730197,869228245033,169631732730"
7640,"2949,107,108",994985901817
2558,"482,1381",321316551291
488,"372,376,377,372,376,378",270247321047
507,"390,335,329,390,335,391",874158820580
2752,"935,1226","874158820580,368390667456"
8086,3096,216743486564
7639,"482,476,475",812649641749
8121,87,"858030157299,396287033930"
512,"395,26",270247321047
491,379,"750156468469,717899694521,355242680870"
494,146,509760591885
495,381,"874158820580,874158820580,812649641749"
501,385,253595547136
502,386,107532415064
503,387,383616851268
504,"388,389",874158820580
505,1,"874158820580,348461817543"
508,78,874158820580
513,396,270247321047
854,323,690937716610
1240,159,748039353331
529,407,206727921604
2432,1322,140289111734
541,413,867935070956
2753,213,242725736100
3210,471,783298102704
8104,"231,117",618355761471
523,196,"804121600141,407575456169,801765945254,312759452298,208149793229"
2939,1517,653559399185
2495,,277883390501
7641,365,"801765945254,892534879101,758444174081"
1241,54,383616851268
547,"298,415","410618275779,270247321047"
524,403,270247321047
526,"404,405",242725736100
528,406,206727921604
531,"207,107,108",927373721855
533,356,750156468469
534,408,657730610795
537,410,867935070956
540,412,475272494144
542,414,867935070956
545,75,"410618275779,210965998732"
552,416,206727921604
557,356,"750156468469,558673205516,760029738066,395780866633,703614684224,822922842616"
856,196,"579377061875,639551774688"
8120,500,245032061699
2043,"811,847,848",130713082052
564,,206727921604
8136,1386,438071472030
585,425,206727921604
556,169,"750156468469,210965998732,218093200747,653911562158"
559,356,"750156468469,863329919180"
563,148,"750156468469,245143586034"
567,398,750156468469
570,146,750156468469
573,422,296272052435
574,423,296272052435
578,146,"509760591885,509760591885"
579,146,216743486564
589,428,216743486564
1029,668,230986011321
1069,"681,650",270247321047
1071,682,741416130534
1097,693,804121600141
1283,18,874158820580
11363,57,996405937084
2179,1002,"107688298394,949538583064"
2755,1452,230986011321
8145,710,545559172177
582,"18,424,19",874158820580
596,196,394117657821
614,,542654609056
475,367,"216743486564,410618275779"
580,31,216743486564
583,207,801346475500
587,427,734535702313
592,89,804121600141
595,434,906787991853
603,"166,103",867935070956
604,437,867935070956
605,438,750156468469
606,439,874158820580
610,441,114447454905
611,441,114447454905
615,443,"509760591885,888721759330"
2461,211,509760591885
640,"455,456",769929183709
3000,1544,"410040702296,206778660188,123317730197,758444174081"
625,138,216743486564
7642,1825,971657212338
8102,571,634676158068
11368,4077,210965998732
1242,"164,762",867935070956
641,,206727921604
655,"462,463",867935070956
651,"461,279",867935070956
616,411,544463456298
620,88,270247321047
623,181,817321833631
627,447,"750156468469,750156468469"
628,448,216743486564
630,450,799443797620
635,78,"750156468469,162342107260,438071472030"
636,78,874158820580
637,78,750156468469
654,458,579377061875
659,467,874158820580
938,626,769929183709
939,627,"238042137625,225297020098"
6896,2740,438071472030
8107,"3101,3102",666167540785
8148,234,474462054755
670,798,491201620041
2489,"44,1348",874158820580
660,468,"874158820580,817321833631,949538583064"
643,"26,29",270247321047
331,278,"874158820580,874158820580"
645,457,817321833631
652,208,242725736100
653,458,"734535702313,849733476327"
656,78,"750156468469,438071472030,563388874988"
658,"464,465,466",750156468469
661,109,509760591885
680,472,874158820580
681,256,874158820580
683,474,750156468469
684,"475,476,477",321316551291
685,"475,477",321316551291
689,172,509760591885
690,172,509760591885
1243,591,896894389979
2760,1454,974609541585
3211,"1636,192",131801535028
7922,3045,368390667456
8166,"126,695",438071472030
13210,517,604665014408
7644,2950,849733476327
702,"486,487,486,486",929819142165
718,500,769929183709
719,,769929183709
722,,657730610795
728,506,906787991853
3212,1637,296272052435
593,432,"600928040850,874158820580"
675,228,"929819142165,929819142165"
678,75,"410618275779,869228245033"
692,168,874158820580
694,"481,482,475",321316551291
696,484,750156468469
697,482,874158820580
708,491,804121600141
710,"494,495",874158820580
724,276,509760591885
945,"631,632,633,634","874158820580,438071472030"
8171,3118,"245032061699,245032061699"
8188,798,413739000844
709,493,867935070956
8192,65,126580655982
10319,2013,"245032061699,869228245033,653911562158"
10706,787,604665014408
700,196,475272494144
704,490,863699380035
714,498,804121600141
720,"501,502",296272052435
721,408,657730610795
723,503,475272494144
725,504,804121600141
726,505,216743486564
727,337,139817792074
732,509,750156468469
734,157,874158820580
736,178,"874158820580,874158820580"
739,362,750156468469
742,224,661251333274
749,515,874158820580
758,518,206727921604
759,519,206727921604
2516,1366,734535702313
2761,239,131801535028
7645,"608,1938",438071472030
8189,"798,125",245032061699
10708,3884,863329919180
13239,"969,4738",888990630183
787,298,801346475500
782,"533,534,535,535,536,537",468835526493
781,54,468835526493
1312,181,"929819142165,929819142165,569047383287"
786,145,"492424079933,892534879101"
765,521,509760591885
733,149,874158820580
740,504,661251333274
744,196,475272494144
751,516,799443797620
761,146,509760591885
766,522,874158820580
770,"166,117",394117657821
771,526,946525509013
773,"475,527,528",321316551291
779,532,270247321047
967,167,579377061875
972,61,145507500900
973,643,"509760591885,509760591885"
1022,663,874158820580
6897,295,438071472030
2996,645,579377061875
3041,519,"974609541585,616554609597"
13257,4749,424429512863
793,506,906787991853
817,54,734535702313
3376,1438,"896894389979,758079066679"
3384,"1685,1686",929819142165
811,182,115890368776
812,551,801346475500
816,"553,554",492424079933
768,524,750156468469
778,"531,295,17",270247321047
790,"539,540",836928405393
791,525,579377061875
799,"217,541","929819142165,929819142165"
801,164,468835526493
803,542,509760591885
805,545,475272494144
809,549,874158820580
1245,764,867935070956
1246,765,"959078742794,994985901817"
804,"543,544",849733476327
2509,1360,213478247449
6907,43,888721759330
10709,1218,690719799488
820,77,874158820580
818,555,817321833631
10710,,690719799488
827,"558,559,560",703052179864
3213,146,419245996818
825,145,230986011321
836,569,867935070956
3002,344,"407575456169,407575456169"
7647,263,168459389183
841,163,"145507500900,680101439838,969756702642,932750930957"
813,"488,117",383616851268
2548,295,"801346475500,218093200747"
807,547,661251333274
810,550,115890368776
821,172,509760591885
828,561,817321833631
835,568,579377061875
837,"570,107,108",867935070956
840,186,145507500900
846,"140,141",874158820580
847,"571,572,68",874158820580
2765,1377,734535702313
5198,200,567839591024
7923,3046,130713082052
838,163,579377061875
2764,"184,1377",734535702313
10711,3885,280468269439
870,"586,586,586,587,586",140289111734
872,"469,125",475272494144
829,238,"874158820580,951313012753"
831,1,"410618275779,218093200747,812649641749"
832,"563,564,565",270247321047
844,163,509760591885
845,163,145507500900
852,577,139817792074
853,"44,578",874158820580
855,579,230986011321
858,580,"896894389979,339046812284,261100721749"
864,585,750156468469
867,"571,68",874158820580
871,167,"579377061875,136486185997"
875,590,321316551291
1008,196,"579377061875,516695344247"
1062,1,748039353331
2521,1238,896894389979
1003,166,383616851268
5200,356,996405937084
868,603,801346475500
10712,3886,690719799488
1313,,867935070956
877,"262,262,575,575",509760591885
896,181,579377061875
1033,186,867935070956
865,"571,68","929819142165,263021605118"
866,479,874158820580
881,594,296272052435
882,104,750156468469
885,596,509760591885
889,600,410618275779
897,605,"410618275779,509760591885"
902,607,"750156468469,589867706993"
903,608,321316551291
904,67,874158820580
906,"515,7",874158820580
997,262,238042137625
1087,691,491201620041
1120,135,"296272052435,812649641749,399854590127"
1254,774,"713815986884,709960603219"
2766,196,734535702313
2839,488,383616851268
7749,2988,636545644634
931,"622,623",874158820580
936,"145,456",230986011321
909,"603,609",410618275779
843,163,"818493235519,924489435838"
880,593,"296272052435,296272052435,604665014408"
892,602,509760591885
899,"433,118","321316551291,874158820580,868239522489"
907,7,874158820580
908,157,"410618275779,438071472030,424901071220"
910,610,296272052435
913,612,676591585116
915,189,"509760591885,509760591885"
920,615,315631053874
923,617,296272052435
924,618,140289111734
927,619,230986011321
930,621,321316551291
932,571,874158820580
935,624,140289111734
1026,666,579377061875
1043,673,929819142165
926,33,959078742794
2181,1002,"107688298394,863329919180,863329919180"
8217,183,756372794491
3197,1544,911593860202
5201,167,"372828469540,365660435784,394117657821"
956,264,867935070956
964,"482,476",874158820580
965,263,383616851268
937,625,579377061875
941,262,509760591885
943,629,296272052435
944,630,296272052435
946,28,"929819142165,756372794491"
950,"230,571",874158820580
953,109,804121600141
954,109,804121600141
957,639,867935070956
958,167,394117657821
960,460,657730610795
961,482,874158820580
963,"126,67",874158820580
1056,146,509760591885
1099,694,315631053874
2184,223,"929819142165,929819142165"
2818,1477,115890368776
7750,1736,756372794491
929,620,"296272052435,296272052435"
968,642,140289111734
976,645,579377061875
977,646,270247321047
978,646,270247321047
979,563,270247321047
980,563,270247321047
983,647,296272052435
985,211,509760591885
986,4,475272494144
989,585,750156468469
990,649,296272052435
993,620,296272052435
994,618,270247321047
995,"433,650",321316551291
996,651,579377061875
1145,433,230986011321
1147,"687,688,719","874158820580,874158820580,812649641749"
1135,713,750156468469
8287,636,634676158068
2535,657,"929819142165,426362434662,355242680870,469005496082,616554609597,616554609597,869395596643"
2551,1377,734535702313
1011,"656,54",321316551291
1247,"766,767",230986011321
857,53,"216743486564,216743486564"
998,652,867935070956
1000,620,296272052435
1001,175,"874158820580,213478247449"
1004,653,296272052435
1005,653,296272052435
1006,654,661251333274
1013,525,867935070956
1016,658,509760591885
1019,445,509760591885
1020,"631,661,662",230986011321
1023,"482,481,267,268",906787991853
1024,"18,21,664",874158820580
1098,154,"509760591885,509760591885"
1217,749,867935070956
1261,777,804121600141
2550,"1375,1376,836",929819142165
2613,1403,896894389979
2657,525,394117657821
7751,1816,221736714783
1051,676,383616851268
2819,1478,115890368776
1028,667,"874158820580,812649641749"
3015,1552,"542654609056,891558330436"
3021,54,394117657821
1025,665,867935070956
3071,261,140289111734
8289,636,634676158068
1034,186,867935070956
160,155,"515788758231,509760591885"
1027,196,579377061875
1031,670,"509760591885,760029738066"
1032,196,874158820580
1038,"475,476,329",321316551291
1042,672,145507500900
1050,167,"579377061875,731159599603,438071472030,497893661469"
1053,678,242725736100
1110,700,697274345222
3288,80,985288390348
2820,182,115890368776
5206,,
7924,3047,426362434662
7925,3048,245032061699
1073,739,230986011321
1072,298,253595547136
1070,298,410618275779
1068,298,"410618275779,844849809695"
1060,7,"874158820580,396287033930,812649641749,951313012753"
1066,147,140289111734
1076,298,410618275779
1079,686,579377061875
1081,"687,688,6",874158820580
1082,181,804121600141
1083,181,321316551291
1084,"689,690",270247321047
1122,"705,293,455,706",321316551291
1170,352,743672317735
1174,"267,268,269",906787991853
1176,244,"867935070956,257206398811"
1094,"181,692",394117657821
2576,1388,"509760591885,734535702313"
2821,295,836928405393
1100,196,230986011321
1109,699,230986011321
1255,,140289111734
8301,267,258810996865
3045,1564,410040702296
3105,"1585,720",703052179864
1155,,140289111734
3125,1463,"632667648014,321316551291,257206398811,604665014408"
1086,181,"579377061875,323273455984,984398789005,616554609597"
3013,295,836928405393
1088,419,"270247321047,206778660188"
1089,403,661251333274
1095,455,230986011321
1102,"695,696",874158820580
1103,1,270247321047
1104,697,579377061875
1108,698,230986011321
1111,167,394117657821
1112,"701,165",874158820580
1115,7,874158820580
1117,703,804121600141
1131,"488,711,712",107532415064
1132,"488,711,712",107532415064
3198,1631,296272052435
8227,343,"409371505827,261672904480,126580655982,636545644634"
10720,1215,812649641749
1130,"488,711,712",107532415064
2823,"1479,1480,622,1481",140289111734
1140,54,383616851268
1142,"716,717",874158820580
1121,146,509760591885
1123,146,509760591885
1125,146,509760591885
1126,"707,708",206727921604
1129,710,"661251333274,536320523506,536320523506"
1136,149,874158820580
1138,146,509760591885
1139,"167,714",394117657821
1141,715,804121600141
1143,299,874158820580
1205,743,661251333274
1272,213,661251333274
1284,790,874158820580
7755,196,405513968079
7757,"2169,2989",426362434662
8233,504,"355242680870,126580655982"
1164,729,684877701428
5324,49,706986751636
10721,1033,666167540785
1162,"726,727,728","748039353331,867935070956,169631732730"
1150,,162342107260
1149,720,230986011321
1151,"571,126,230",874158820580
1152,721,579377061875
1153,722,"874158820580,874158820580"
1154,175,874158820580
1156,181,579377061875
1159,723,874158820580
1160,724,684877701428
1167,158,929819142165
1171,732,743672317735
1172,733,"238042137625,979910711272"
1175,734,979910711272
1177,735,804121600141
1178,736,743672317735
1180,737,242725736100
1182,278,874158820580
1248,768,"776694933307,776694933307"
2824,"1482,1483,107,108",867935070956
1190,202,394117657821
7758,"2990,2169",426362434662
8304,1217,"210965998732,812649641749,202863342858"
1179,729,"734535702313,438071472030"
8532,1695,709960603219
8572,3243,312759452298
10723,671,245143586034
8236,200,"769573635661,620810420306,557097932039"
1075,683,"140289111734,438071472030"
1169,731,804121600141
1184,602,579377061875
1189,741,140289111734
1191,504,"509760591885,213187897294"
1194,742,"874158820580,874158820580,197341950772"
1196,"282,456",230986011321
1198,181,579377061875
1200,"571,68",874158820580
1201,"571,68",874158820580
1203,"571,68",874158820580
1208,744,394117657821
1209,445,509760591885
1218,167,801346475500
1220,750,804121600141
1225,756,979910711272
2574,"964,1386",929819142165
2622,200,407575456169
8306,1699,563388874988
1204,,928449532550
1251,771,117011297946
2825,448,"509760591885,563388874988"
3262,60,916532885936
10930,3461,315631053874
7940,,165501917790
682,473,"867935070956,867935070956"
1269,"780,780,781,782",140289111734
1271,"784,107,108",394117657821
1260,776,804121600141
1211,"140,745,746",321316551291
1213,96,979910711272
1214,126,874158820580
1219,675,270247321047
1221,"751,752,753",140289111734
1223,754,750156468469
1224,755,"750156468469,951313012753"
1249,769,657730610795
1250,770,296272052435
1253,"773,423",187786157506
1301,"797,107,108","634022492611,634022492611"
2579,509,230986011321
7759,571,438071472030
2607,"1401,117",230986011321
3016,145,801392618851
3042,1562,193162374003
8250,"1781,3135",750156468469
1276,"787,255",489816938483
1298,774,713815986884
1310,54,394117657821
2638,186,130713082052
1266,145,"867935070956,365660435784"
1173,155,"509760591885,509760591885,509760591885"
1259,775,867935070956
1268,779,428068560716
1274,785,804121600141
1275,786,934994947731
1279,390,"713815986884,713815986884,713815986884"
1281,"335,329,323,168",713815986884
1300,29,874158820580
1304,799,874158820580
1353,824,"804121600141,296272052435"
10726,"3889,3890",531129283270
2193,1207,"979910711272,410618275779"
3200,1134,"874158820580,407575456169,245143586034"
7760,259,951313012753
8238,2415,122678901963
5209,,314462754950
1315,802,867935070956
1318,"804,456",867935070956
1320,,926529509896
1321,282,867935070956
1185,738,102374066294
1323,805,867935070956
1324,"806,807",867935070956
8307,1695,"760029738066,426362434662,951313012753"
43,"47,48",874158820580
1289,792,140289111734
1297,"795,796",867935070956
1305,575,"509760591885,653911562158"
1306,800,776694933307
1314,801,579377061875
1328,126,874158820580
1340,716,296272052435
7761,"2991,2992,1018,2993",123317730197
1334,300,867935070956
2194,146,509760591885
2772,1457,874158820580
8263,798,413739000844
8286,3147,"368390667456,426362434662,248275867936"
8310,3153,175682234295
8430,"527,528,641","438071472030,812649641749"
1362,54,"394117657821,867935070956"
942,628,"661251333274,750156468469"
1322,641,"867935070956,812649641749"
1330,809,804121600141
1332,811,867935070956
1336,814,321316551291
1339,816,296272052435
1344,228,929819142165
1345,820,296272052435
1346,821,296272052435
1347,822,799443797620
1349,146,"509760591885,509760591885"
1355,175,874158820580
1358,244,428393280338
1370,830,769929183709
8272,393,706302919753
8573,"165,67,3244",472558623157
1394,"29,127,636,28",929819142165
1375,833,867935070956
8299,411,"934291818657,175682234295"
1357,825,979172156527
108,101,"753128310892,753128310892"
701,342,"509760591885,509760591885"
1195,"631,349",230986011321
1354,365,383616851268
1361,760,684627654521
1363,827,929819142165
1368,829,979910711272
1373,"831,571,17",874158820580
1377,172,509760591885
1379,836,296272052435
1381,839,140289111734
1384,92,874158820580
1388,504,509760591885
1391,774,874158820580
1395,843,509760591885
1396,265,529287433425
1397,844,509760591885
1398,844,509760591885
3627,,"618355761471,618355761471"
1392,842,867935070956
2775,1458,974609541585
3033,1558,130713082052
8280,365,438071472030
1207,"54,344",383616851268
1390,841,"115890368776,122678901963,620810420306,158358714146,450900851690"
2587,"452,261,147","783298102704,604665014408,339046812284,339046812284,616040736095"
6,7,874158820580
185,169,"509760591885,509760591885"
471,365,"394117657821,821068817689,394117657821"
1166,730,"929819142165,929819142165"
1399,845,410618275779
1400,"846,847,848",574593264528
1401,849,296272052435
1403,211,"509760591885,245032061699"
1404,241,296272052435
1406,850,"929819142165,929819142165"
1412,213,296272052435
1416,853,929819142165
1417,854,929819142165
1418,17,874158820580
1422,855,"754817958681,996405937084,996405937084,996405937084,202863342858,653911562158"
7793,"3003,3004",175682234295
2776,1459,130713082052
5213,"2242,2243",438071472030
3070,"261,1575",410040702296
97,95,"475272494144,509760591885,245032061699"
1212,747,574593264528
1407,"150,151,851",140289111734
1426,43,509760591885
1427,595,657730610795
1428,856,242725736100
1430,227,817321833631
1436,858,817321833631
1437,224,817321833631
1441,358,509760591885
1442,859,817321833631
1445,861,"979910711272,868239522489,497382152459"
1447,801,579377061875
1448,"863,117",906787991853
1450,865,874158820580
1451,181,579377061875
1452,75,410618275779
2777,968,315631053874
7763,452,863699380035
1456,"868,117",867935070956
8338,"126,571",438071472030
8574,225,413739000844
10730,491,949538583064
2554,244,"230986011321,563388874988,263940288201"
532,189,"509760591885,509760591885,462628741767"
624,445,"509760591885,509760591885,605301471334,653911562158"
1440,301,509760591885
1454,181,804121600141
1459,628,750156468469
1464,211,605301471334
1465,211,605301471334
1467,508,242725736100
1468,872,703052179864
1469,873,296272052435
1471,760,"769929183709,616554609597"
1472,80,"321316551291,874158820580"
1474,874,114447454905
1475,875,270247321047
1476,876,979910711272
1477,877,929819142165
1478,590,"230986011321,123317730197"
1479,878,114447454905
7795,10,563388874988
1488,882,"271712851903,896894389979"
2201,1210,"874158820580,874158820580,812649641749"
3024,1554,162342107260
3035,710,137654565281
8402,28,756372794491
5214,2244,438071472030
10731,145,"849733476327,365660435784"
1438,224,"817321833631,817321833631,567839591024"
1482,880,"804121600141,348461817543"
1486,873,296272052435
1490,884,979910711272
1491,698,979910711272
1494,196,"817321833631,128989895054"
1498,"323,641",874158820580
1502,887,"242725736100,413739000844"
1503,888,818493235519
1504,889,804121600141
1506,170,579377061875
1507,890,817321833631
7890,31,756372794491
8367,1717,567839591024
8348,3168,699692779863
1538,196,"102374066294,394117657821"
8448,902,996405937084
8453,3201,381205542744
8502,"126,67,3217",438071472030
11170,2977,812649641749
1515,181,102374066294
1518,"181,195",102374066294
1520,4424,230986011321
7765,2995,218093200747
8524,87,"616554609597,616554609597,616554609597"
5216,642,409371505827
1509,146,509760591885
1513,261,140289111734
1516,"898,899",102374066294
1522,508,804121600141
1525,902,"509760591885,812649641749"
1530,223,817321833631
1535,903,874158820580
1537,906,102374066294
7797,497,363508735347
7767,"126,1510",316195095367
1561,921,804121600141
1557,920,383616851268
1563,,"867935070956,867935070956"
2780,748,959078742794
3297,"1653,1654",516726561240
3302,481,"817321833631,812649641749"
1559,276,394117657821
2624,"560,1408,560",867935070956
1560,622,140289111734
7766,2995,849733476327
1540,54,"383616851268,438071472030"
1264,48,270247321047
1542,"908,909",383616851268
1543,910,114447454905
1544,"911,912","929819142165,929819142165"
1545,"913,550","929819142165,929819142165"
1549,542,509760591885
1550,914,"114447454905,408647073007"
1554,"917,918",230986011321
1555,919,874158820580
1568,380,817321833631
1569,923,817321833631
1263,778,140289111734
2781,1335,509760591885
3405,1695,"709960603219,824142047736,631346754147,497893661469"
3420,934,653559399185
3432,353,"239675946514,653911562158"
3486,1733,996405937084
7768,2996,396287033930
3416,1701,567839591024
8351,186,"173975302140,357041318124"
1547,365,"801346475500,769929183709"
1573,139,929819142165
1575,"687,688",753128310892
1579,298,410618275779
1581,148,509760591885
1590,929,321316551291
1589,928,321316551291
1591,930,"321316551291,616554609597"
1592,931,979910711272
1593,301,509760591885
1594,932,867935070956
1596,1,874158820580
1597,1,874158820580
1604,270,874158820580
1606,163,579377061875
7769,365,245032061699
6747,66,756372794491
8366,3174,849733476327
8452,774,"173975302140,951313012753"
10737,3894,883913356047
1621,471,648644218308
1601,476,959078742794
1599,234,801346475500
1602,935,"242725736100,666167540785"
1605,49,896894389979
1608,126,263021605118
1609,936,783298102704
1610,937,817321833631
1611,938,817321833631
1613,939,140289111734
1614,940,979910711272
1616,"455,941",410618275779
1619,"145,117",801392618851
1622,238,242725736100
1631,145,817321833631
1632,145,817321833631
1633,145,817321833631
1647,"953,954",107688298394
2202,1211,979910711272
7770,450,462346580459
1635,461,867935070956
3993,1044,"604665014408,618355761471"
4145,168,448540462163
4163,"323,1035",140289111734
1642,951,509760591885
8371,365,438071472030
8365,3173,849733476327
1645,469,817321833631
1627,774,"783298102704,713815986884"
1638,949,221587201648
1639,482,713815986884
1640,"390,335,950",713815986884
1641,145,579377061875
1648,927,"516695344247,717899694521"
1652,956,242725736100
1655,"959,960",221587201648
1656,"571,68","277883390501,756372794491"
1657,961,979910711272
1672,"966,117",979910711272
1676,"968,969,970",315631053874
1678,"971,972",242725736100
7798,1700,812649641749
2784,1462,407575456169
5219,374,980857559390
1662,1210,107688298394
8470,196,365660435784
1677,555,383616851268
1682,3251,137654565281
5218,603,706986751636
1338,"815,117",187786157506
8543,4750,438071472030
1691,977,817321833631
10739,234,407445230620
1670,359,928487713665
1700,"295,92",741416130534
1293,793,489816938483
1709,"9,984,985",140289111734
1658,234,"769929183709,824142047736"
1659,962,783298102704
1668,964,"321316551291,852351726930,173975302140"
1674,967,657730610795
1679,"973,103",107688298394
1683,974,734520369898
1690,976,509760591885
1696,850,929819142165
1710,455,874158820580
7771,1228,658081147494
7772,238,812649641749
7803,965,812649641749
8434,485,"823943248698,557097932039"
10740,3895,"434679292018,280468269439"
10742,"231,107,108",703052179864
10741,359,666167540785
1698,980,632667648014
1702,927,804121600141
1703,982,"874158820580,448540462163,444873390371"
1704,398,"804121600141,974609541585,951313012753,165501917790,605301471334,740982016794"
1705,481,321316551291
1707,983,867935070956
1718,988,979910711272
1722,"990,334,991",428068560716
1724,"992,993",509760591885
1726,995,648644218308
1730,"482,527",713815986884
1732,697,579377061875
1733,998,509760591885
1734,697,579377061875
1736,211,516726561240
1737,999,516695344247
1740,1001,"509760591885,509760591885"
2222,1220,"410618275779,230986011321,438071472030,210733336914"
3307,"1655,1656",394117657821
7773,651,974609541585
8423,395,563388874988
8485,215,591971526382
13606,517,869395596643
3340,476,179161809007
1746,1003,801346475500
2786,147,410040702296
1766,26,783298102704
1719,33,296272052435
1727,996,107688298394
1731,145,801392618851
1748,167,634022492611
1752,1004,139817792074
1753,267,783298102704
1754,591,579377061875
1755,524,750156468469
1757,1004,634022492611
1760,"267,269",906787991853
1767,1011,197522769737
2787,319,131801535028
5221,2246,175682234295
1758,1007,383616851268
10743,,280468269439
1774,186,979910711272
5222,1191,783298102704
7775,,426362434662
8536,5,716282150015
8449,3202,563388874988
8469,3207,703052179864
8528,1090,438071472030
1295,794,804121600141
1749,511,509760591885
1751,234,579377061875
1756,"1005,1006",874158820580
1759,1008,128533184648
1762,1010,"979910711272,518686299686"
1763,323,140289111734
1776,670,509760591885
1779,261,"140289111734,616040736095"
1783,863,867935070956
1784,200,"874158820580,801392618851"
1797,1019,296272052435
1799,1021,296272052435
2788,7,874158820580
7776,181,165501917790
8552,"755,916",662106175294
8600,16,869228245033
10744,"3896,117",872992090369
1824,68,929819142165
1808,"150,1027",783298102704
1654,958,"874158820580,874158820580,874158820580,438071472030"
1364,828,"657730610795,783298102704"
1789,390,296272052435
1791,1016,"516695344247,756372794491"
1798,1020,"896894389979,390520901691"
1800,"964,481",321316551291
1801,1021,296272052435
1811,18,874158820580
1815,"863,117",867935070956
1816,196,817321833631
1818,166,804121600141
1820,1029,107688298394
1822,863,187786157506
1823,1030,242725736100
1825,"906,235",394117657821
2789,1464,657730610795
5223,"476,477","783298102704,497893661469"
7777,"2997,2998",817434891767
7778,2999,245032061699
1837,1036,783298102704
8471,511,245143586034
8473,2337,888721759330
8516,1976,666167540785
1833,555,741416130534
10745,234,703052179864
1813,571,753128310892
1817,"145,117",867935070956
1826,438,979910711272
1827,186,867935070956
1830,1032,509760591885
1831,"1033,1034",801392618851
1839,"801,1037",579377061875
1840,196,"579377061875,817321833631"
1844,89,"874158820580,869228245033"
1845,"1039,1040",321316551291
1846,1041,"242725736100,971657212338"
1847,1042,783298102704
1848,1042,783298102704
1853,7,783298102704
2791,1465,131801535028
10931,7,812649641749
5224,2247,175682234295
7779,392,440370063730
8575,1887,312759452298
8497,"507,3215,3216",596020596118
8562,342,315631053874
8598,2568,179161809007
8601,16,239675946514
10746,3897,"616554609597,636545644634,424901071220,890294665745,616554609597"
1838,482,783298102704
1854,1043,867935070956
1855,"1044,1045",648644218308
1856,1046,661251333274
1860,308,509760591885
1862,196,394117657821
1864,"455,650",874158820580
1866,1053,270247321047
1868,"571,295",783298102704
1872,1054,799443797620
1874,1055,753128310892
1876,"488,117",867935070956
1881,365,321316551291
1883,1058,874158820580
10747,"323,3463",812649641749
1877,,874158820580
1319,259,867935070956
2792,1466,867935070956
12174,2386,987344432335
5225,2248,910355213795
10748,3898,149062085809
1904,"390,481",713815986884
1907,1066,107688298394
1911,1068,"703052179864,652884912716,703052179864"
1898,26,410618275779
1869,"681,650","783298102704,812649641749,604665014408"
1873,504,804121600141
1885,359,302358807979
1887,215,516695344247
1888,211,277883390501
1889,1060,277883390501
1896,660,783298102704
1902,1064,509760591885
1903,462,874158820580
1906,135,"911593860202,863329919180,863329919180"
1909,17,"783298102704,270247321047"
1910,"817,1067",929819142165
3081,476,131801535028
12444,3111,462628741767
1917,,849733476327
3101,1217,315631053874
1929,1078,867935070956
3110,"779,117",131801535028
3135,941,974609541585
8591,412,817434891767
8595,225,589867706993
10750,2816,636545644634
1930,885,867935070956
1932,"372,373,1079",509760591885
1938,1082,821032141765
1939,1082,821032141765
347,159,"748039353331,748039353331,923041323258"
1913,186,321316551291
1915,"1069,482",321316551291
1923,"1074,695","874158820580,929819142165"
1926,1076,783298102704
1928,1077,296272052435
1931,259,516726561240
1934,1081,315631053874
1936,454,750156468469
1937,132,509760591885
1946,1087,804121600141
2794,1468,"131801535028,393625365002"
2796,1384,144838920781
9631,2447,863329919180
1960,"1092,1092,1092,1092",140289111734
1950,"181,1091",394117657821
1956,196,896270580909
7780,"54,261,3000,1479,1564",658081147494
10751,,
8593,"87,2163","616554609597,616554609597,616554609597"
385,318,"676591585116,783298102704,750156468469,783298102704,764118488854,323273455984,472558623157,430020105059"
1316,"803,456",867935070956
1941,953,107688298394
1948,1090,102374066294
1949,315,979910711272
1951,196,817321833631
1952,196,817321833631
1954,196,817321833631
1955,196,817321833631
1958,488,107532415064
1959,144,661251333274
1961,927,516695344247
1962,1093,296272052435
1974,1101,253595547136
1988,1080,579377061875
1977,,979910711272
2795,1384,144838920781
2797,1384,144838920781
2798,1469,611142688826
10752,11,812649641749
2010,,516726561240
2016,80,516695344247
1970,319,867935070956
1971,"1099,1100,1085",713815986884
1976,"1102,1103,1104",748039353331
1978,359,"750156468469,923485882084,225297020098"
1982,1106,509760591885
1984,"1107,1108",741416130534
1986,1111,"929819142165,426362434662"
1987,"1112,1113",516695344247
1990,"17,1114,67",929819142165
1991,"1114,17,68","929819142165,438071472030,929819142165"
1995,1116,817321833631
1996,1116,817321833631
2003,1118,579377061875
2008,"1121,1122",509760591885
2011,1123,516726561240
2018,1125,187786157506
2019,491,804121600141
12406,2510,225666126939
2001,202,801346475500
2707,167,130713082052
3201,267,"140289111734,582138190135"
8602,2415,"769573635661,666167540785"
10753,3192,636545644634
2034,,979910711272
2032,"1134,1135",874158820580
2024,"458,1130",801346475500
2023,"1128,1129",867935070956
2033,563,137654565281
2028,"1132,456",107688298394
2000,215,"929819142165,888721759330"
2004,452,140289111734
2005,1119,648644218308
2006,1120,242725736100
2012,1124,705555476885
2020,476,959078742794
2021,1126,959078742794
2026,217,929819142165
2031,476,242725736100
2035,270,491201620041
2039,834,140289111734
2042,671,270247321047
2046,"471,964","648644218308,438071472030,438071472030,314462754950,891558330436"
2049,315,817321833631
2635,1234,"929819142165,929819142165"
2655,"147,1417",492424079933
7783,3001,500357715903
2667,1423,753128310892
5229,2249,558673205516
3083,1519,690937716610
3146,1602,703052179864
9638,89,"478701691965,410618275779,758444174081"
2072,1141,394117657821
2070,"372,373",509760591885
2749,1450,258810996865
2059,"147,261",137654565281
2056,298,107688298394
2030,283,821032141765
1337,247,270247321047
2037,181,394117657821
2047,860,"312656726945,868239522489"
2054,880,804121600141
2061,1138,509760591885
2064,1139,911593860202
2071,282,632667648014
2067,359,750156468469
2073,1142,867935070956
2078,1146,799443797620
7784,"220,217,219",929819142165
2694,184,874158820580
9641,2310,666167540785
10754,3899,863329919180
11176,145,616040736095
8618,,"849945006481,616554609597"
2800,1065,"896894389979,801765945254"
2101,763,867935070956
3082,1579,974609541585
2106,1157,867935070956
3097,1480,140289111734
2723,1441,"911593860202,687229846531,165501917790"
3137,"295,28","242725736100,497893661469"
2075,1144,734535702313
2077,1145,994685553389
2085,723,"896894389979,438071472030,868239522489"
2086,497,107688298394
2087,"18,21,22",911593860202
2088,"1148,107,108",230986011321
2092,1151,929819142165
2093,975,929819142165
2097,"1153,25",242725736100
2098,482,799443797620
2107,445,509760591885
2117,1168,804121600141
2120,"1170,1155",929819142165
12505,4378,486438530862
7785,1361,658081147494
2127,173,394117657821
2114,"1164,1165",896894389979
2124,1171,741416130534
2131,"461,461,1175,461,1175",906787991853
2112,"1162,1163",107688298394
8620,247,259698176019
2136,1178,394117657821
2118,1169,114447454905
8651,"244,248",824142047736
2099,710,"648644218308,591971526382,339931740950"
2103,"1154,541,217",929819142165
2105,"1155,1156",929819142165
2109,1159,657730610795
2125,1172,270247321047
2129,"166,103",324684994569
2133,1177,979910711272
2134,167,579377061875
2137,167,579377061875
2801,512,"131801535028,438071472030"
3202,"165,1632,1363","929819142165,929819142165"
8672,488,413739000844
8702,3281,117886705769
12579,613,499011384384
2128,"244,117",867935070956
2130,1174,"321316551291,123317730197,123317730197"
2140,1181,107688298394
2151,"1182,1183",994685553389
2153,,137654565281
10932,"2555,1027",616554609597
8647,1484,312759452298
2163,196,230986011321
2139,1180,230986011321
2161,"793,1189,282,1190",140289111734
2144,,383616851268
2152,298,107688298394
7786,"1750,1751,157,2223,1781",265932231836
2157,1186,783298102704
8810,3321,413739000844
2143,224,"959078742794,245143586034"
2145,"87,349",411436249746
2167,1195,"994685553389,245143586034"
2149,433,817321833631
2155,1185,690937716610
2158,1187,783298102704
2159,1188,783298102704
2165,"1192,1193",896894389979
2166,1194,916532885936
8638,461,700584410923
12252,2335,944365330747
7980,1679,"824142047736,519522036651"
8650,2332,692836399858
2185,"1202,1203",130713082052
8675,109,126580655982
2172,"1197,455",748039353331
10933,3947,280468269439
2192,61,994685553389
7787,3002,455989312956
2176,710,"929819142165,929819142165"
2204,"723,1213",783298102704
2182,1201,"145533674118,558673205516"
1356,"270,641",874158820580
2183,1131,"140289111734,629902110827,399854590127"
2186,1204,896270580909
2188,196,"394117657821,394117657821"
2189,1206,867935070956
2190,118,321316551291
2191,628,750156468469
2195,1208,911593860202
2196,454,750156468469
2197,"41,117",867935070956
2198,"913,1154",929819142165
2200,1209,817321833631
2214,181,394117657821
2216,729,867935070956
6913,43,717899694521
2219,"1219,125",979910711272
2218,164,748039353331
2213,224,277883390501
2221,1555,804121600141
2234,"935,1226",874158820580
2203,1212,"750156468469,321316551291"
859,581,"115890368776,321316551291"
2210,1216,994685553389
2211,1217,315631053874
2212,542,509760591885
2215,145,230986011321
2220,145,114447454905
2223,1221,253595547136
2224,1222,874158820580
2225,208,799443797620
2228,447,"750156468469,355242680870"
2239,1228,974609541585
2722,"482,1381","321316551291,812649641749,497893661469"
3121,1593,"230986011321,892587510952"
3223,1201,407575456169
12580,3111,218093200747
14489,5187,758444174081
9718,3464,863329919180
2230,1665,410040702296
2236,244,"734535702313,896894389979"
5238,1633,817321833631
1333,812,"114447454905,114447454905"
1371,145,529287433425
2238,"244,248",168459389183
2241,117,258810996865
2242,"244,248",168459389183
2243,1229,911593860202
2249,"911,216,1230","929819142165,929819142165"
2251,1231,690937716610
2253,"1201,1232",114447454905
2254,1233,130713082052
2255,267,"140289111734,323273455984"
2257,1234,929819142165
2258,482,713815986884
2261,1235,750156468469
2266,271,"114447454905,210733336914"
3347,841,"764118488854,764118488854"
3359,1679,"616286639596,519522036651"
2696,1133,579377061875
8684,1068,312759452298
12582,4565,486438530862
2272,1239,410040702296
2666,"729,103",979910711272
2259,710,"114447454905,500357715903,516726561240"
7788,395,971657212338
8707,2492,312759452298
2292,481,407575456169
2300,"1249,388,389,1250,1251",874158820580
2286,1246,928487713665
2262,267,"491201620041,407575456169,604665014408"
2269,454,750156468469
2271,1238,896894389979
2275,244,"168459389183,646088311507,257206398811"
2276,163,896270580909
2279,"217,1241,1242",929819142165
2280,1243,804121600141
2281,1244,929819142165
2285,1245,509760591885
2293,1218,407575456169
2296,"571,256",874158820580
2306,1256,574593264528
2676,1425,734535702313
3532,1747,"914621111859,758444174081"
2295,"1247,1248",874158820580
7789,213,971657212338
2310,"1257,1258",867935070956
8703,184,"123317730197,339931740950"
8720,2348,869955988052
2312,"1260,1261",489816938483
8813,710,410040702296
8743,"3295,3296",312759452298
8752,289,121852315273
2299,"388,389","874158820580,812649641749,868239522489"
2289,298,"410618275779,357041318124"
2294,298,410618275779
2301,1252,874158820580
783,351,"750156468469,769573635661,824142047736,666167540785"
2302,"7,1253",321316551291
2303,80,321316551291
2311,1259,230986011321
2313,542,270247321047
2321,"1263,1264",979910711272
2320,860,137654565281
2336,"964,323",321316551291
2806,"207,117",131801535028
2807,"1470,107,108",131801535028
5239,2252,812649641749
8757,481,173975302140
8770,144,"680101439838,636545644634"
9911,239,"716282150015,704473490741"
2330,33,974609541585
2345,1276,489816938483
2347,"1278,1279",874158820580
2356,52,974609541585
2362,181,394117657821
2341,1275,242725736100
2322,"1265,107,108",230986011321
2326,54,"140289111734,716282150015"
2325,1268,750156468469
1583,927,"509760591885,509760591885"
1660,158,"783298102704,783298102704"
2331,1271,509760591885
2334,1272,929819142165
2340,1274,509760591885
2342,443,114447454905
2352,"435,29",874158820580
2363,"1287,1288,1289",911593860202
2364,"1290,488",974609541585
2365,247,"896894389979,632616090422"
12253,342,315631053874
2360,"830,830,1285,1285",140289111734
7790,196,365660435784
2353,439,994685553389
2227,1224,750156468469
2357,1284,145533674118
2358,"641,482","321316551291,245143586034,604665014408,210396356827"
8736,3291,934291818657
2379,1294,394117657821
2366,247,"410618275779,632616090422,245143586034,245143586034"
2367,"247,1291",874158820580
2371,147,242725736100
1365,557,253595547136
2372,186,"579377061875,280468269439"
2382,"388,389,1296",874158820580
2388,270,874158820580
2390,"435,29",321316551291
2392,1301,874158820580
2399,1259,896270580909
10937,223,812649641749
3204,1634,407575456169
5241,2253,996405937084
10939,3948,801765945254
11177,4026,750156468469
12257,854,542654609056
2376,885,128533184648
2394,44,657730610795
2891,,323273455984
7791,1523,872992090369
8766,3301,824142047736
10940,"847,3949",604665014408
2422,1317,867935070956
1372,145,"579377061875,616040736095"
2378,768,"407575456169,951313012753"
2888,267,"140289111734,467506873802"
2389,1300,277883390501
2393,1302,509760591885
2405,497,750156468469
2409,1309,804121600141
2410,365,867935070956
2416,1313,874158820580
2418,1315,277883390501
2419,1074,"753128310892,868239522489"
2421,968,874158820580
2430,1320,783298102704
2685,1427,383616851268
2808,1471,242725736100
2828,433,753128310892
2865,371,959078742794
2407,1053,928487713665
2423,1354,896894389979
8836,1669,888721759330
8863,259,122678901963
9769,75,"210965998732,114426911424"
2448,716,928487713665
2453,147,959078742794
2426,186,"801346475500,706986751636"
7792,181,438071472030
1374,832,"929819142165,929819142165,407575456169"
2408,1308,657730610795
2414,"1311,1312",130713082052
2420,1316,407575456169
2427,1319,584661223260
2436,1324,509760591885
2437,519,867935070956
2440,207,867935070956
2442,1325,801392618851
2443,1326,750156468469
2445,"1327,117",906787991853
2447,144,407575456169
2449,1329,928487713665
2455,186,407575456169
2457,1333,979910711272
2829,1484,974609541585
5242,"2254,80",812649641749
9223,3437,126580655982
7794,182,"165501917790,165501917790"
10942,3204,604665014408
2446,1328,"661251333274,706302919753,430020105059,769929922987"
8896,3348,616554609597
2450,1330,734520369898
2479,,162342107260
8778,3309,"817434891767,381205542744"
8786,2881,"996405937084,996405937084"
10941,1480,604665014408
2454,"1331,599","394117657821,703052179864,210396356827"
1378,835,911593860202
2459,987,296272052435
2462,1336,230986011321
2466,224,750156468469
2468,"267,1339,269","584661223260,467506873802"
2469,471,929819142165
2476,508,509760591885
2477,485,734535702313
2480,1343,896894389979
2481,"1344,1345",509760591885
2482,1346,"874158820580,756372794491,812649641749,390520901691"
2484,163,734535702313
2483,181,394117657821
5243,"126,67",563388874988
12258,303,987087585474
8787,1727,284356751435
8831,482,951313012753
2487,655,928487713665
8815,168,858030157299
2503,1356,806130336591
8835,29,616554609597
10943,181,165501917790
2491,"99,100",230986011321
2510,1,542654609056
11004,3965,179161809007
2499,234,632667648014
2472,1340,734535702313
2474,186,407575456169
2478,1342,657730610795
2490,228,"584661223260,756372794491"
2494,1351,407575456169
2500,1353,270247321047
2501,"1354,1355",896894389979
2504,1357,750156468469
2506,1358,874158820580
2512,"1361,1362",974609541585
2513,1363,"874158820580,257206398811"
5245,"28,571",756372794491
7796,"10,3005",971657212338
11374,412,636545644634
2229,262,253595547136
8871,"267,269,282",824142047736
8804,"196,255",394117657821
10944,482,812649641749
2534,,974609541585
2508,511,509760591885
2519,793,489816938483
2502,3,806130336591
2505,503,821032141765
2514,"1364,1365",321316551291
2526,1371,230986011321
2528,238,916532885936
2537,"1020,107,108",230986011321
2538,1372,253595547136
2539,269,410040702296
2540,196,"394117657821,332049503008"
2541,1373,410040702296
2542,511,"929819142165,323273455984,888721759330,604665014408"
2543,1374,"836928405393,144838920781,824142047736"
2544,642,407575456169
5246,1480,517277741262
2546,,974609541585
5248,2255,706986751636
10188,716,868239522489
2570,757,867935070956
2567,,230986011321
2569,"488,244",734535702313
2810,"54,599",867935070956
2811,,130713082052
5328,,462346580459
8837,3328,245032061699
2566,54,394117657821
2708,181,"394117657821,994985901817"
2549,326,874158820580
2552,244,974609541585
2553,1378,242725736100
2556,1379,407575456169
2555,181,734535702313
2557,1380,"874158820580,812649641749"
2560,839,"130713082052,618355761471"
2562,1382,509760591885
2565,225,509760591885
2564,1384,974609541585
2568,1134,"407575456169,896894389979"
2812,332,896894389979
3684,916,764118488854
3690,234,801765945254
5337,2274,996405937084
2577,"1389,1100,1085",979910711272
11380,4079,996405937084
2597,54,394117657821
8838,663,448540462163
2585,1321,911593860202
2595,,979910711272
11178,557,563580450746
2590,61,"974609541585,138008228727"
2594,,979910711272
2603,"458,1399,1399",874158820580
2662,"1422,295",242725736100
2598,1397,801392618851
2578,179,979910711272
2581,882,734535702313
2583,1391,979910711272
2584,1392,979910711272
2588,1393,383616851268
2589,18,230986011321
2591,"1394,1395",896894389979
2600,163,734535702313
2601,1398,753128310892
2602,126,130713082052
2605,1400,867935070956
2608,793,407575456169
2614,800,579377061875
5326,7,270247321047
8864,169,817434891767
10194,"539,540","362057624131,640284426813"
2611,1402,584661223260
2625,"760,1409",867935070956
2631,"1412,1413",230986011321
2719,"1439,107,108",230986011321
2604,381,"874158820580,849733476327"
2654,"147,1417",277883390501
2609,1002,911593860202
2610,604,874158820580
2617,"1109,1110",929819142165
2618,1404,394117657821
2620,"1405,1406",874158820580
2623,"488,1407",974609541585
2627,1410,929819142165
2632,1414,162342107260
2633,1415,509760591885
2634,225,509760591885
3132,430,296272052435
3150,"41,107,108",131801535028
3152,1519,407575456169
7944,2901,"545559172177,852351726930"
7982,3064,"368390667456,368390667456"
2661,1421,867935070956
8856,174,"381205542744,202863342858"
2658,,867935070956
8875,"1695,3340",589867706993
8903,3349,"616554609597,616554609597"
2636,1234,"491201620041,824142047736"
2637,184,"734535702313,783298102704"
10947,147,928449770753
9773,571,634676158068
2640,958,"874158820580,858030157299,951313012753"
8977,145,"537894940826,869395596643"
2649,"147,1417","690937716610,140289111734"
5249,26,"849733476327,849733476327"
2644,710,"783298102704,929819142165"
1402,241,296272052435
2641,1090,"874158820580,438071472030"
2645,482,783298102704
2648,1148,130713082052
2650,1418,896894389979
2653,"817,228,1419",584661223260
2656,1420,"867935070956,858030157299"
2660,202,734535702313
2665,167,394117657821
3206,1635,"750156468469,980857559390"
2688,1428,509760591885
2690,"231,456",634022492611
8886,"1883,885",929819142165
8948,3366,126580655982
9015,264,888721759330
13621,517,869395596643
2672,1424,867935070956
2677,186,867935070956
2664,1310,"911593860202,472558623157"
7799,1545,399060327379
2697,,979910711272
2670,"1154,541",407575456169
2720,,974609541585
2671,244,"974609541585,867935070956,567839591024"
822,207,"867935070956,321316551291,383616851268"
2675,866,242725736100
2679,1426,492424079933
2682,163,734535702313
2683,1388,734535702313
2687,631,"874158820580,478701691965"
2689,167,"801346475500,372828469540,198947507883"
2692,89,242725736100
2706,113,509760591885
2718,267,130713082052
5251,1827,213478247449
8892,"525,117","616554609597,616554609597,616554609597"
8894,"1901,230,354,126",756372794491
9028,3392,448594932067
10949,2901,149062085809
2709,1434,107532415064
2695,1430,"753128310892,399854590127"
2813,1474,131801535028
2816,262,230986011321
2699,1431,579377061875
2700,"1310,575",579377061875
2701,1432,230986011321
2704,181,579377061875
2710,1435,579377061875
2711,1436,734535702313
2715,"126,230,67",277883390501
2716,163,734535702313
2721,1440,734535702313
2724,"1442,1443,194","874158820580,616554609597"
2726,163,734535702313
2727,1444,162342107260
2729,1008,491201620041
2731,877,491201620041
2732,147,182215334644
2815,"1475,117",394117657821
5252,218,457524436096
7800,379,558673205516
8897,403,"210965998732,951313012753"
12266,829,543878232429
8931,359,666167540785
2848,1488,140289111734
8933,935,823943248698
9040,3213,426362434662
2862,"1171,1492,1171,1493",140289111734
2725,238,916532885936
2736,"159,107,108",489816938483
2830,494,230986011321
2831,1463,321316551291
2833,301,"509760591885,563388874988,438102585810"
2834,"186,163",874158820580
2836,1486,140289111734
2838,1,"959078742794,438071472030"
2841,"499,38",563388874988
2846,211,509760591885
2847,757,140289111734
2856,1490,315631053874
2860,38,563388874988
3809,1827,"996405937084,996405937084"
5335,351,"971657212338,971657212338"
13679,401,393625365002
2845,282,867935070956
8922,3354,563580450746
9111,3410,616554609597
10343,948,175682234295
2855,885,"140289111734,760029738066,582138190135,497893661469"
2874,"1160,1161",131801535028
2857,885,"407575456169,852351726930"
2887,,131801535028
2886,186,974609541585
2893,186,162342107260
2858,1491,315631053874
2861,"1171,1171,1171,1171",140289111734
612,442,"321316551291,162342107260,478701691965"
1278,788,"579377061875,579377061875"
1311,757,"713815986884,713815986884"
1409,213,"296272052435,888721759330"
2863,1494,753128310892
2870,1496,974609541585
2878,1500,162342107260
2881,595,230986011321
2883,184,"492424079933,173975302140"
2895,1502,750156468469
5352,2286,739619745461
12169,15,616554609597
2885,1650,162342107260
2894,186,661251333274
8930,1065,284356751435
7802,3006,173975302140
2905,"1505,54",162342107260
2877,1499,"242725736100,951313012753"
2913,"1509,1510",928487713665
9039,724,265932231836
9138,167,"634676158068,372828469540"
10951,3950,315631053874
2879,1501,509760591885
2924,1463,632667648014
11182,2046,245143586034
2923,54,140289111734
9255,145,"879531035402,405513968079"
2884,87,783298102704
2890,148,509760591885
2899,"5,1503",579377061875
2906,379,131801535028
2909,731,315631053874
2914,1511,928487713665
2916,1513,974609541585
2920,175,874158820580
2922,175,874158820580
2902,"193,107,108","867935070956,173975302140"
7804,841,"355242680870,122678901963"
5357,,563580450746
8947,"3364,3365",312759452298
2933,1515,906787991853
2945,"1171,1171,1171",140289111734
9082,3401,368390667456
9297,1669,888721759330
10952,"244,117",703052179864
10953,1438,315631053874
2950,1520,230986011321
1415,852,262777213425
2907,367,"916532885936,916532885936"
2919,832,896894389979
2921,1514,959078742794
2925,458,"579377061875,928449770753"
2936,459,394117657821
2942,164,748039353331
2944,1519,140289111734
2946,261,410040702296
2948,11,874158820580
2952,1452,911593860202
2953,1521,563388874988
2954,1521,563388874988
7805,3007,517277741262
7806,3008,438071472030
5253,"425,456",974609541585
2960,"1523,1027",709960603219
2962,"1524,1524,760,1525,1526",140289111734
2981,,410040702296
2976,"1536,1537",542654609056
2758,1453,162342107260
2935,742,874158820580
2941,233,"509760591885,509760591885"
2940,1518,131801535028
2947,1519,407575456169
2951,173,"579377061875,801765945254"
2956,163,579377061875
2961,1158,579377061875
2963,1527,407575456169
2965,1506,162342107260
2964,1506,"162342107260,383092039780"
2966,"1528,1529",516726561240
2968,1530,874158820580
2971,41,131801535028
2974,651,145533674118
2977,234,690937716610
2979,224,242725736100
2980,1383,509760591885
8967,3375,218093200747
8973,148,"616554609597,616554609597"
2973,,131801535028
2967,644,130713082052
2991,1125,974609541585
2994,"1541,1542",230986011321
2993,1441,"783298102704,257206398811,616554609597"
1413,213,296272052435
2975,"1534,1535",959078742794
2978,362,690937716610
2983,1538,584661223260
2984,1539,"974609541585,566789475601"
2987,471,"140289111734,629902110827"
2990,1540,874158820580
2992,1238,783298102704
2995,1543,579377061875
3004,"1546,1547",130713082052
3006,276,"911593860202,764118488854"
3007,1549,974609541585
3008,1550,296272052435
3009,1551,137654565281
3698,185,812649641749
4107,1906,323273455984
3032,"261,1556,1557","131801535028,290735419117"
2268,1237,"804121600141,140289111734"
7808,3009,849733476327
8993,3382,221736714783
3036,"323,1559,1560",140289111734
9122,3414,472558623157
9247,"488,2676","245032061699,270247321047"
12108,4387,
1408,145,"579377061875,566789475601"
2915,1512,"162342107260,162342107260"
2998,"550,832",137654565281
3005,"1391,1548",874158820580
3017,358,750156468469
3018,488,"817927469568,812649641749"
3020,1553,661251333274
9308,636,448540462163
3025,"528,482","874158820580,812649641749"
9365,615,996405937084
3030,1555,"140289111734,783298102704"
3034,234,131801535028
3209,"1473,892",874158820580
10954,3854,636545644634
9416,"488,117",129490601796
3027,834,131801535028
10955,3248,604665014408
11389,16,"812649641749,696859435341"
7810,"3002,195",383616851268
3064,,145533674118
9004,"367,1781,2223",405513968079
9007,3388,173975302140
2374,"1292,1293","874158820580,874158820580"
9105,902,315631053874
3043,"471,599",140289111734
3094,167,"407575456169,817927469568,407445230620"
2438,"270,462","874158820580,874158820580"
3039,200,230986011321
3046,"58,1189",137654565281
9121,887,126580655982
3048,228,144838920781
3052,887,242725736100
3055,471,867935070956
3058,1567,107532415064
3059,249,410040702296
3062,"1570,720",867935070956
3065,1572,140289111734
3208,"244,248",321316551291
5255,2256,980857559390
9436,3502,257206398811
3080,482,258810996865
3031,641,"817321833631,131801535028,812649641749"
7811,1354,916532885936
3092,,817927469568
3091,"261,261",137654565281
3074,,206727921604
3085,54,"703052179864,703052179864"
10957,"66,636",263021605118
3053,1566,"874158820580,812649641749,812649641749"
3090,145,"801392618851,463689773804"
9109,"298,1387","165501917790,245143586034"
3086,"847,1580",230986011321
1424,196,579377061875
3056,"217,216",929819142165
3072,621,994685553389
3073,276,818493235519
3075,1576,323273455984
3066,1573,753128310892
3077,1578,"323273455984,323273455984"
3076,1577,323273455984
3078,261,140289111734
3079,1418,394117657821
3087,862,821068817689
3088,1581,911593860202
3093,710,653559399185
3098,1583,874158820580
9074,2582,394117657821
9081,"2237,2236",951313012753
3100,"476,477,475",874158820580
10958,"3952,3807,571,3953",929819142165
3118,"1591,117",383616851268
3108,"1480,168,1587,1557",137654565281
3099,622,410040702296
3103,196,"394117657821,731059186891"
10959,3954,263021605118
3133,"1596,1597",296272052435
3102,1584,162342107260
914,16,"509760591885,509760591885"
1455,867,114447454905
3104,184,874158820580
3111,1512,162342107260
3112,1588,"162342107260,175682234295"
3113,471,410040702296
3114,1589,783298102704
3116,1463,"867935070956,801392618851,666328158492"
3119,1592,296272052435
3136,1598,175407856212
5258,225,706302919753
8796,1703,175682234295
3122,1065,407575456169
3139,778,383616851268
3126,1594,410040702296
3185,1624,906787991853
9107,2169,"916532885936,916532885936"
3144,147,"137654565281,800705054080,604665014408,869395596643"
3143,78,985288390348
3127,33,916532885936
3154,1606,145533674118
3129,929,137654565281
3131,1595,690937716610
3134,452,131801535028
3138,"1599,1600",137654565281
3140,1593,"542654609056,438071472030"
3141,"270,1601",130713082052
3142,476,584661223260
3147,1044,"137654565281,969896260093,658081147494,616040736095"
3148,1603,"867935070956,257206398811,563580450746,179161809007"
3149,1604,"874158820580,812649641749"
3151,1605,783298102704
3153,181,867935070956
3161,757,137654565281
3217,234,238042137625
3277,"267,269",140289111734
2769,"1456,107,108",867935070956
3195,,131801535028
10961,167,771243982573
7814,"3011,3012",369511456011
3193,,131801535028
9137,1700,812649641749
9276,3455,126580655982
3232,,206727921604
3236,545,"462346580459,817434891767,123317730197"
1134,"482,476,475","321316551291,874158820580"
1425,227,242725736100
1432,"390,335,329",296272052435
3160,1609,753128310892
3162,"325,117","801392618851,801392618851"
3181,1623,690937716610
3182,651,974609541585
3183,542,783298102704
3184,261,"906787991853,703052179864"
3189,1627,232920340516
3190,1628,509760591885
3191,1629,296272052435
3196,1630,754817958681
3221,370,542654609056
3230,545,419245996818
3239,1640,929819142165
9158,231,396287033930
3233,1053,928487713665
9254,182,152461457404
9375,1310,764118488854
3224,"475,476,477",874158820580
3214,1585,"383616851268,964657504129,666328158492"
3256,1519,407575456169
3216,1519,407575456169
3259,,"258810996865,208149793229"
3218,95,"509760591885,958249908971"
3231,145,"537894940826,263940288201"
7815,26,218093200747
1435,857,817321833631
3219,1384,"296272052435,750156468469"
3225,283,584661223260
3226,1638,"656985579957,858030157299"
3227,"244,117",230986011321
3228,1639,801392618851
3229,456,906787991853
3235,528,874158820580
3241,"990,1641",131801535028
3242,319,464595536941
3244,803,144838920781
3257,1644,"964657504129,964657504129"
7816,"2923,2924",658081147494
7817,3013,165501917790
2404,238,"874158820580,874158820580"
3273,,238042137625
3246,"267,268",140289111734
9159,3421,849733476327
11404,3081,863329919180
3254,1643,974609541585
9298,47,812649641749
6940,2750,"658081147494,658081147494"
9309,"2698,184","764118488854,951313012753"
3255,"325,117","656985579957,656985579957"
117,33,"801392618851,509760591885,874158820580"
3260,1645,849733476327
3261,33,"959078742794,662106175294,849733476327,165501917790"
3263,89,705555476885
3264,1646,616040736095
3266,146,509760591885
3268,1647,567839591024
3270,1648,914879674634
3271,1649,130713082052
3289,641,179161809007
5263,2259,996405937084
5264,2260,783298102704
5265,2261,958249908971
3267,1480,137654565281
6925,1411,929819142165
3286,"1134,1134",874158820580
9166,3275,413739000844
3293,,783298102704
9156,"130,103",126580655982
3306,,964657504129
9216,184,563388874988
9477,"256,3515",381205542744
9493,271,500357715903
5266,2262,260075900073
3308,1657,867935070956
3284,182,"758079066679,475272494144,405513968079"
3285,462,137654565281
3287,760,"230986011321,616554609597"
3291,"1221,1652",130713082052
3298,839,"750156468469,377551715313,616554609597"
3300,478,849733476327
3303,1057,"296272052435,958249908971"
3313,591,753128310892
3314,1658,509760591885
3315,"1134,59",817321833631
3318,186,407575456169
10963,"473,1875",604665014408
3296,,"537894940826,537894940826,537894940826"
7819,663,929819142165
9167,"1809,3423,3424",812649641749
3328,,206727921604
2233,1225,"748039353331,632616090422,653911562158"
3323,"1154,541,1661,1269",896894389979
3343,,606884302092
3312,1314,783298102704
3326,"500,1662",394117657821
3320,1659,974609541585
10964,54,742575839305
11133,"481,147",812649641749
3329,"295,1664","758079066679,817434891767"
3335,87,916532885936
3332,1667,"874158820580,812649641749"
1449,864,114447454905
3334,1669,717899694521
3337,1670,703052179864
3339,167,"776694933307,365660435784,396287033930"
3342,1643,218093200747
3344,1672,145533674118
5267,902,213478247449
6927,2617,238042137625
9168,234,407445230620
3327,1663,783298102704
9217,1523,823943248698
10965,29,218093200747
3336,832,407575456169
3374,365,394117657821
3348,841,516726561240
498,276,"509760591885,750156468469,488989482109"
560,356,"216743486564,750156468469"
3350,1674,462346580459
3352,1675,168459389183
3355,1676,319917514408
3358,1678,"616286639596,519522036651"
3360,1678,616286639596
3362,200,318509972361
3363,1680,"646088311507,334291829935"
3364,1681,158181543896
3366,18,238042137625
3367,1678,"863699380035,497893661469,519522036651"
3368,1683,162342107260
3371,929,"130713082052,616040736095"
3372,"161,162",515788758231
3373,211,509760591885
3380,295,753128310892
3333,1668,"750156468469,874158820580,618355761471"
7822,479,929819142165
9195,233,"355242680870,823943248698,801392618851,863329919180"
9214,3436,"175682234295,690508181523"
9275,"568,3310",122678901963
3397,"1692,1693",758079066679
3375,"507,531","321316551291,438071472030"
3377,1638,131801535028
3417,1702,934291818657
3418,1702,934291818657
3393,"145,1690",218093200747
539,411,"509760591885,509760591885,238042137625"
1461,146,"509760591885,869955988052"
3382,"161,162",515788758231
3385,1687,563388874988
3386,1688,365660435784
3387,109,515788758231
3388,927,750156468469
3392,"161,162",515788758231
3394,832,407575456169
3395,384,764118488854
3398,581,238042137625
3406,1696,563388874988
5175,1722,996405937084
7984,3065,337133474998
3426,1706,394117657821
3425,154,849733476327
9280,1231,381205542744
2235,1227,584661223260
9978,160,245032061699
10967,3956,"381678968179,130713082052"
3450,"1650,687,688,1721",812649641749
3442,1717,"567839591024,362057624131"
3401,1694,130713082052
3403,224,144838920781
3407,"1234,710",852351726930
3409,1674,"462346580459,426362434662"
3410,1568,817321833631
3412,"636,1698",929819142165
3415,1700,964657504129
3421,1704,"867935070956,801765945254,488989482109"
3422,1705,"896894389979,639551774688"
3423,1523,"168459389183,438071472030"
3427,"868,107,108",383616851268
3434,"1710,1711,1712",964657504129
3440,1716,684455797374
3444,1719,783298102704
5269,1870,994985901817
3447,,646088311507
10005,3693,823943248698
10968,24,812649641749
10969,24,812649641749
2244,571,753128310892
3431,1709,867935070956
3438,283,758079066679
9256,3449,165501917790
9246,"1523,3034,3443,3444,3445,458,3446",563388874988
3439,1715,"964657504129,869395596643"
241,209,"579377061875,131801535028,868239522489,868239522489"
3445,1720,175871889340
3449,268,"684455797374,709960603219"
3452,476,812649641749
3453,80,858030157299
3454,10,448540462163
3455,507,929819142165
3456,1722,213478247449
3460,"1723,1724",584661223260
3480,"1669,125",245032061699
3482,1532,"996405937084,812649641749"
5292,1669,"717899694521,174502362825"
9282,211,869228245033
3457,3678,318509972361
9273,2846,616554609597
3495,"58,1737",812649641749
7823,"3014,3015",658081147494
10970,"2634,3957",916532885936
3512,,914621111859
3462,1725,"964657504129,964657504129"
3469,228,558673205516
3470,228,929819142165
3475,228,566789475601
3477,1727,462346580459
3478,1728,591971526382
3479,"1729,1730",584661223260
3484,1731,996405937084
3491,"126,1736",929819142165
3492,68,754817958681
3493,"1244,1419",929819142165
3496,"527,1738",684455797374
3504,1740,929819142165
3507,"1741,354",812649641749
3510,"301,132",817927469568
3513,148,509760591885
9296,3064,368390667456
11410,160,951313012753
9381,595,687229846531
7824,357,658081147494
3490,1731,213478247449
3539,,536320523506
9451,371,128533184648
3535,1748,383616851268
461,360,"929819142165,462346580459"
3494,1377,245032061699
3499,1739,996405937084
3501,"841,117",488989482109
3503,"868,107,108","290735419117,280468269439,636545644634"
3505,"482,528",812649641749
3508,488,"168459389183,547168561028"
3509,1729,584661223260
3511,126,800705054080
3517,"482,117",858030157299
3531,1467,914621111859
3533,1747,817321833631
3534,1747,817321833631
5272,1686,247037694794
6775,225,"888721759330,409371505827"
6938,295,706302919753
9358,3477,"355242680870,426362434662"
3292,75,315631053874
9361,3478,996405937084
3524,1744,911593860202
3526,"1744,125",245032061699
3557,,536320523506
9391,3486,498927610170
3537,571,558673205516
7825,,247037694794
5273,54,245032061699
3540,"1750,1751",448540462163
3547,26,218093200747
1128,709,"911593860202,462346580459"
3542,1752,"812649641749,888990630183"
3548,461,488989482109
3553,1753,584661223260
3559,1755,"296272052435,868239522489"
3562,1757,964657504129
3565,1758,218093200747
3566,1759,964657504129
9354,398,210733336914
9456,3505,165501917790
10972,3959,812649641749
3555,471,616286639596
7826,3016,658081147494
3591,1766,849733476327
10973,3960,"812649641749,758444174081"
3597,1769,969896260093
3598,1770,632667648014
3587,167,488989482109
3290,263,"964657504129,964657504129"
3589,263,964657504129
3558,267,817321833631
3568,183,"929819142165,929819142165"
3573,1761,509760591885
3574,167,407575456169
3579,710,929819142165
3580,167,323273455984
3583,181,415381452411
3586,196,"218093200747,951313012753,758444174081"
3592,1765,929819142165
3594,398,827772977470
3595,"1480,1768",140289111734
6782,89,"175682234295,542654609056"
11418,4091,658197689408
9349,3472,284356751435
3155,811,489816938483
9355,3474,407575456169
9341,193,928487713665
2247,507,616286639596
3611,"1570,117",383616851268
9434,443,126580655982
10974,166,159135092439
3617,31,616286639596
3601,246,509760591885
9377,3481,562418724503
3602,167,407575456169
3603,1065,365660435784
3607,1773,974609541585
3608,1774,168459389183
3609,89,"812649641749,406194970961"
3612,1065,407575456169
3613,1065,801765945254
3619,1065,801765945254
3618,1629,318509972361
3625,885,"536320523506,536320523506"
5274,33,801392618851
11419,4091,"658197689408,202863342858"
7827,935,"355242680870,812649641749,467506873802,467506873802"
7928,"3049,3050,3051",368390667456
9422,488,716282150015
3657,1786,935341232937
9502,3526,165501917790
3630,748,218093200747
3631,1473,542654609056
3633,1683,168459389183
3637,1090,669489524419
3640,"1778,1779",618355761471
3639,247,"971657212338,462346580459"
3641,1780,756372794491
3642,710,"536320523506,536320523506"
3643,1134,"812649641749,812649641749"
3646,1134,"964657504129,245143586034,136486185997"
3647,261,618355761471
3650,834,415381452411
3651,109,242725736100
3652,"1781,1782,1750,1783",218093200747
3653,1784,175682234295
3654,1785,462346580459
3659,"1787,1788",172095131804
5276,1404,314462754950
10975,1,616554609597
11425,244,263940288201
9463,2671,996405937084
9516,234,309842505795
2867,443,"509760591885,996405937084,888721759330"
9531,1033,"923437623782,280468269439"
9581,"3550,151",634676158068
9591,3553,315631053874
3665,181,"669489524419,396287033930"
3658,89,175682234295
3669,"87,650,847,848",618355761471
3664,196,669489524419
3668,173,"245032061699,888721759330,929819142165"
3670,556,567839591024
3671,1791,"964657504129,964657504129"
3675,"200,107,108","618355761471,169631732730"
3676,"182,107,108",858030157299
3678,215,"929819142165,355242680870"
3679,215,929819142165
9616,146,355242680870
3681,4,"687229846531,971657212338,357700371135,245143586034"
3688,1793,"849733476327,971657212338"
3692,1794,407575456169
10976,448,869228245033
6809,2724,764118488854
6810,169,175682234295
7986,1704,801765945254
9551,,616554609597
9499,58,716282150015
9504,3527,502231921744
10977,448,315631053874
10978,448,221736714783
2698,1418,"407575456169,755780681559"
2767,710,407575456169
3656,211,"302111336101,858030157299"
1489,883,296272052435
1908,211,"929819142165,929819142165"
3685,"755,916",717899694521
3691,1383,969896260093
3694,185,996405937084
3696,185,996405937084
3697,185,"996405937084,996405937084"
3700,1648,964657504129
3701,181,"669489524419,444873390371"
3702,211,858030157299
3706,211,929819142165
3709,211,245032061699
3724,1797,218093200747
6939,295,563388874988
9464,1919,152461457404
5293,17,800705054080
10979,2439,658197689408
3729,"1109,1110","263021605118,636545644634"
3754,"779,456",488989482109
3749,"793,1189,1119,1804,1805,1806,1190",536320523506
3746,,536320523506
3758,200,462346580459
3733,1798,426362434662
3739,138,245032061699
3740,1801,218093200747
1067,262,"748039353331,536320523506,399854590127"
1729,"261,997","128533184648,858030157299"
3745,1065,"407575456169,407445230620,407575456169"
3747,1803,302111336101
3753,238,964657504129
3756,223,858030157299
7801,2040,563388874988
1495,196,"817321833631,817321833631,365660435784,639551774688,407445230620,702092704484,992505173378,758444174081"
2248,80,230986011321
3764,211,605301471334
9595,3555,488989482109
9570,"295,17",245143586034
9580,334,488989482109
10980,1259,179161809007
3787,1329,644081273478
3770,224,353868443200
3772,224,144838920781
1463,871,"605301471334,750156468469,605301471334,888721759330"
3773,224,"159790379354,500357715903,666167540785"
3774,224,296272052435
3776,1065,801765945254
3780,1437,755780681559
3785,261,703052179864
3784,1815,611142688826
3786,1816,221736714783
3788,300,"896894389979,318509972361,923485882084"
5294,1722,996405937084
9546,,666167540785
6947,"228,2754",924489435838
3799,1824,605301471334
9512,207,407575456169
9550,2415,883913356047
13685,401,393625365002
10981,"3961,3962",138008228727
3816,,462346580459
3824,1831,709960603219
88,"18,19,21,22,20",812649641749
3792,507,929819142165
3793,1818,"801765945254,801765945254"
3796,1819,687229846531
3797,1820,964657504129
3803,1824,144838920781
3805,1308,175682234295
3806,417,162342107260
3807,1826,801765945254
3808,1238,703052179864
3812,325,964657504129
3815,325,717899694521
3817,155,475272494144
3834,228,756372794491
5295,1722,996405937084
6955,452,"812649641749,812649641749,869395596643,869395596643"
10982,1567,280468269439
3839,1200,558673205516
1496,211,509760591885
3818,280,652884912716
3821,"1828,1829,1830",755780681559
3822,18,159790379354
3823,191,509760591885
3830,228,"756372794491,756372794491"
3833,228,462346580459
3837,228,263021605118
3841,228,"616286639596,806130336591,616286639596"
3842,448,515788758231
3843,230,"756372794491,756372794491"
3844,1833,558673205516
3847,1834,407575456169
3854,"481,475",140289111734
3867,"986,1067,1843",756372794491
3868,"986,1605",929819142165
3869,986,756372794491
3873,1845,756372794491
3849,"1836,1837,1838",964657504129
7832,3020,221736714783
9601,68,868239522489
10983,75,210965998732
1500,886,"140289111734,245143586034,245143586034,616554609597,616554609597,616554609597,616554609597,869395596643,616554609597"
3850,1839,117886705769
3853,1841,910355213795
3855,267,"858030157299,312759452298"
3865,"986,17",929819142165
3870,986,929819142165
3871,1844,509760591885
3874,1845,929819142165
3875,1845,756372794491
3877,1845,"756372794491,486438530862"
3878,"1845,1640",929819142165
3879,1845,756372794491
3881,850,567839591024
3884,927,558673205516
3890,"636,1846,228",929819142165
3891,636,756372794491
3897,774,296272052435
5296,281,562580531983
7835,"1304,1305",215997887587
9679,53,381205542744
1539,54,394117657821
3913,,315631053874
3922,1856,858030157299
3915,1853,315631053874
3925,,448540462163
3921,1855,394117657821
3929,1860,314462754950
3926,1858,974609541585
1235,174,"769929183709,521144791562,724040360681,812649641749,812649641749,108235469049"
3889,636,"756372794491,756372794491"
3894,181,849733476327
3899,1849,964657504129
3905,1695,709960603219
3907,1851,"323273455984,536192518463"
3914,130,"758995275474,858030157299,245143586034"
3918,1217,315631053874
3919,557,448540462163
3920,130,263940288201
3924,319,218093200747
3927,1859,"849733476327,849733476327"
3928,130,"849733476327,179161809007"
5297,2267,277883390501
3955,1869,849733476327
3954,,521144791562
9617,3562,964657504129
2250,49,"368684668577,666167540785"
3946,"1864,107,108",644081273478
9624,353,165501917790
3945,"147,793,147,793,147",536320523506
5298,"2268,2269,2270,2271,2272",277883390501
3930,1861,849733476327
9652,224,563388874988
3975,"473,1875",604665014408
3931,1862,703052179864
9731,3599,645785362450
3937,207,867935070956
3938,169,318509972361
3943,1865,680101439838
3942,1864,475272494144
3947,1134,"709960603219,869395596643"
3950,168,"964657504129,758079066679"
3951,"295,28","438071472030,438071472030"
3964,"571,68",438071472030
3976,1876,910355213795
5320,244,206778660188
6878,468,812649641749
6973,2761,"448540462163,636545644634,462628741767,296272052435"
7818,"571,68",438071472030
5299,145,336636676011
7838,3022,971657212338
3962,1300,605301471334
9634,"1304,1305",245143586034
13772,256,288354675743
3985,267,140289111734
10985,54,716282150015
3989,,618355761471
3961,"640,571,28",756372794491
9795,2982,863329919180
3969,298,175682234295
3967,"1872,258",929819142165
1497,211,"605301471334,924489435838"
3971,793,"536320523506,536320523506"
3974,1234,824142047736
3978,1878,521144791562
3980,261,488989482109
3981,417,916532885936
3982,742,958249908971
3984,462,438071472030
3986,665,"971657212338,567839591024"
3995,1881,756372794491
3999,437,168459389183
4018,1532,996405937084
6975,613,888721759330
4012,834,438071472030
3994,1880,290735419117
9673,3576,562418724503
9666,786,631346754147
3992,1006,"756372794491,756372794491"
4008,365,652884912716
3996,1882,558673205516
3998,"885,1883",709960603219
4006,1884,604665014408
4007,1739,"996405937084,996405937084"
10986,1972,257206398811
10987,641,812649641749
4014,215,448540462163
3370,186,"703052179864,438071472030,812649641749,703052179864"
2892,186,"867935070956,245032061699,245032061699"
4032,163,"438071472030,951313012753,245143586034,656985579957,158358714146"
391,181,"690937716610,521144791562,888721759330,992505173378,932750930957"
4035,181,"144838920781,218093200747,144838920781"
4010,383,"563388874988,849733476327,261672904480"
4022,"365,1885",521144791562
4041,1888,521144791562
4044,485,245032061699
7839,1765,
13773,256,288354675743
7820,2881,"996405937084,996405937084"
4020,365,521144791562
9664,1571,126580655982
4021,365,"245032061699,144838920781"
9694,3578,666167540785
4027,1886,996405937084
4026,186,"245032061699,245032061699,245032061699"
4034,365,"245032061699,245032061699,245032061699"
2160,365,"394117657821,415381452411,462346580459"
4023,181,"521144791562,323273455984"
4033,"163,103",521144791562
1183,224,"874158820580,144838920781,206778660188,353868443200,666167540785,666167540785"
4038,"196,167",438071472030
4039,"1134,452",604665014408
4040,485,"144838920781,951313012753,218093200747"
4043,488,438071472030
4054,508,605301471334
4056,593,558673205516
4058,"1892,459",703052179864
4061,898,536320523506
4062,1893,"656985579957,197126889433"
4067,1894,438071472030
4070,1895,126580655982
9790,3625,616554609597
13784,4938,923485882084
9680,"53,158",706302919753
4064,803,886093680890
9695,2075,863329919180
13797,4405,497893661469
9667,2962,407575456169
1514,"895,896,897",102374066294
4047,1891,922388669862
4091,,703052179864
9867,3649,812649641749
4085,461,858030157299
4096,267,323273455984
4097,267,323273455984
4055,593,869955988052
4060,793,"536320523506,536320523506"
4066,1570,472176795580
4069,68,800705054080
10988,2358,801392618851
4074,1065,438071472030
4076,1016,756372794491
4079,1898,756372794491
4081,1899,756372794491
4089,747,"488989482109,631346754147"
4090,595,"159790379354,159790379354"
4101,191,509760591885
9681,3435,863329919180
4099,"390,335,329,329,335,641",140289111734
9715,186,407575456169
13812,4891,616554609597
4121,1915,535497907081
4123,1917,102518202006
4077,872,"438071472030,438071472030,869228245033,426362434662,604665014408"
4111,1908,462346580459
7841,283,334291829935
1511,"893,894",817321833631
4088,148,239675946514
4094,"841,117",644081273478
4098,1903,755780681559
4103,1904,509760591885
4104,267,438071472030
4108,872,144838920781
4109,872,558673205516
4110,"323,1907","339046812284,136486185997"
4112,1366,438071472030
4116,1361,849733476327
4119,1527,461120256134
4124,295,756372794491
4125,367,475272494144
4128,1919,764118488854
4130,1918,929819142165
5301,1523,994985901817
5302,186,457524436096
4114,499,706986751636
13867,4970,869395596643
7821,803,563388874988
11134,238,516695344247
4131,1921,438071472030
9747,"847,3606",173975302140
9725,3593,812649641749
4120,1914,"438071472030,438071472030"
9756,839,680101439838
9797,3627,863329919180
4154,551,849733476327
4113,"1909,1910",910355213795
4147,,706986751636
4126,1918,717899694521
4134,832,407575456169
4137,1922,323273455984
4139,1924,102518202006
4140,"147,261",438071472030
4146,1284,448540462163
4149,95,318509972361
4150,95,"213478247449,126580655982"
4151,1065,"863699380035,869395596643"
4155,173,438071472030
4156,911,"929819142165,709960603219"
4159,"1238,1927",407575456169
11426,1676,863329919180
9724,3592,636545644634
5303,551,314462754950
10990,,604665014408
9798,3628,165501917790
9845,"3644,3463,87",616554609597
4153,95,509760591885
4168,200,438071472030
9818,3633,136217760934
4160,485,867935070956
4162,1928,323273455984
4166,1929,562418724503
4164,"1153,25",783298102704
4165,270,812649641749
4167,1838,165501917790
5304,263,"323273455984,316195095367"
1805,290,"509760591885,438071472030"
4178,1684,"321316551291,123317730197"
4180,"1932,1933",438071472030
4183,455,958249908971
4184,185,"869955988052,210965998732"
4186,68,800705054080
7931,3054,365660435784
9759,267,631346754147
4177,1931,604665014408
13880,68,288354675743
4212,834,438071472030
4216,"710,1234",438071472030
10991,3963,797686213271
4191,,463689773804
4200,1756,"928487713665,928487713665"
2822,261,140289111734
9799,145,922388669862
1517,900,"741416130534,783298102704"
4174,1780,"929819142165,971657212338"
4189,616,869955988052
4192,1935,"929819142165,426362434662"
4193,"1936,17,1067",756372794491
4195,1937,929819142165
4197,95,"245032061699,355242680870"
4199,"608,1938",438071472030
4201,1939,438071472030
4203,1940,211485956705
4205,615,996405937084
4206,129,213478247449
4210,"1942,1942",644081273478
4215,1234,"824142047736,824142047736"
4221,1845,929819142165
4228,49,929819142165
11431,4095,658197689408
9810,1134,"410040702296,488989482109"
4242,982,"618355761471,618355761471"
3556,1754,"448540462163,817927469568"
4219,1234,438071472030
9853,763,173975302140
4217,"1234,1944",929819142165
4224,363,535497907081
4266,"597,598",858030157299
4267,1954,849733476327
10992,186,896894389979
4226,186,"709960603219,169631732730"
4233,298,"165501917790,175682234295,210965998732"
4231,1948,867935070956
4234,"245,107,108","521144791562,716282150015"
4235,"200,321",438071472030
4237,519,438071472030
4236,1171,140289111734
4239,345,706986751636
4240,383,261672904480
4241,1949,964657504129
4243,1065,824142047736
4245,1951,680101439838
4248,1761,509760591885
4262,147,690937716610
4269,"126,1272",929819142165
13994,1695,444873390371
9820,3634,126580655982
4251,481,958249908971
4254,,521891611745
9840,1217,"315631053874,315631053874"
9874,75,636545644634
9877,"3653,3654",313128132368
9990,"323,477,475","321316551291,493359161987"
4295,,536320523506
4301,,591971526382
4247,3,130713082052
2226,1223,"584661223260,929819142165"
10110,3721,536103849810
4255,1818,801765945254
4258,145,"849733476327,280468269439"
10119,1594,812649641749
4261,75,213478247449
4265,261,323273455984
4272,"1272,230",756372794491
4273,49,756372794491
4274,1955,709960603219
4277,362,448594932067
4382,507,"218093200747,396287033930"
5321,1523,764118488854
7847,3025,"173975302140,172095131804"
9909,3663,951313012753
9932,5,238042137625
9968,224,563388874988
10134,247,999989006991
13997,"111,4958",758444174081
10993,563,280468269439
9852,433,928487713665
3934,1863,"213478247449,996405937084"
4280,49,717899694521
1534,33,874158820580
4283,149,858030157299
4285,158,261672904480
4287,158,353868443200
4290,760,407575456169
4297,1962,126580655982
4298,462,858030157299
4299,1448,910355213795
4300,341,126580655982
4302,1963,556387407572
4305,1965,323273455984
4306,1966,144838920781
4308,"1968,1969",462346580459
4319,216,929819142165
14161,5075,467506873802
2346,"175,1277","874158820580,213478247449"
4309,641,173975302140
9871,776,381205542744
10994,1991,951313012753
4311,"234,255",852351726930
9927,438,152461457404
4312,"571,68",800705054080
4323,295,"858030157299,245143586034"
4316,"1218,1970",758079066679
4317,641,964657504129
4320,1384,144838920781
4326,1971,448540462163
4330,295,395577313917
4333,244,206778660188
10021,3696,126580655982
4338,"1973,1974",448594932067
4341,1975,958249908971
4342,1975,958249908971
4343,1975,958249908971
4344,1354,916532885936
4345,1975,958249908971
4362,1065,801765945254
10031,1065,407445230620
9896,"2878,2614",258810996865
4244,1950,"591971526382,478701691965"
9925,,488989482109
10996,267,716282150015
4381,,478701691965
1546,54,661251333274
4347,80,858030157299
4350,80,448540462163
4352,80,858030157299
4355,1976,478701691965
4357,695,756372794491
4359,1977,800705054080
4361,640,929819142165
4364,223,858030157299
4366,1605,756372794491
4368,1978,969896260093
4374,1982,426362434662
4379,1820,964657504129
4389,109,717899694521
4390,571,438071472030
4392,1044,"218093200747,245143586034,760121517727"
9902,1920,769573635661
9982,1700,812649641749
2256,468,750156468469
4371,75,"964657504129,210965998732"
9998,3692,491201620041
4378,1820,"980857559390,849733476327"
4396,1986,"488989482109,731159599603"
10011,1310,413739000844
10020,595,339046812284
10997,454,658197689408
4403,1991,"339046812284,165501917790"
4385,210,462346580459
4383,507,"706302919753,756372794491"
1541,907,140289111734
4386,507,800705054080
4391,80,858030157299
4395,"563,565",980857559390
4407,261,323273455984
4411,"1992,1993",448540462163
4412,"462,1994",438071472030
4414,1995,964657504129
4420,1997,929819142165
4421,"1998,1999",478701691965
7849,95,413739000844
2260,1234,"407575456169,407445230620"
2265,234,734535702313
14179,80,357973288236
9906,29,"472558623157,472558623157"
9986,1558,923437623782
10010,3689,531129283270
10105,3720,410040702296
10200,184,245143586034
10112,"452,117",172105222291
4422,282,"438071472030,758444174081"
10225,608,868239522489
4428,2002,261672904480
10998,223,949538583064
4429,858,213478247449
4431,858,239675946514
4432,674,"971657212338,438071472030,218093200747"
4436,858,"247037694794,355242680870"
4437,858,318509972361
4439,858,247037694794
4440,2006,"245143586034,994985901817"
4442,858,247037694794
4448,935,247037694794
4451,935,756372794491
4454,935,448594932067
5308,2273,175682234295
6976,290,202243584162
9928,1447,562418724503
9931,3667,426362434662
9954,169,175682234295
14201,5097,399854590127
10008,,616554609597
10103,1607,996405937084
4475,323,488989482109
9956,3677,175682234295
10085,1473,589867706993
3220,234,"407575456169,407445230620,904324119139,801765945254"
4456,2631,175871889340
4472,1337,706986751636
4365,1065,"974609541585,407575456169,407575456169"
4446,935,"717899694521,666167540785,450900851690"
4452,935,"717899694521,666167540785,666167540785,123317730197"
4453,935,462346580459
4458,2010,102518202006
4460,2011,906787991853
4463,2013,213478247449
4468,"118,2016,2017",783298102704
4466,2014,478701691965
4469,1381,516695344247
4470,"2018,2019",117886705769
4477,2020,800705054080
14204,"4702,5098,5099",923485882084
7851,"3027,3028",858030157299
9980,3687,687229846531
10030,2977,812649641749
10195,,362057624131
10057,3704,567839591024
10071,1074,868239522489
10072,3708,616554609597
11000,1125,"618355761471,493980540339"
4491,,353868443200
4504,2030,438071472030
4485,545,706302919753
4488,545,869955988052
4489,247,257206398811
4493,247,958249908971
4495,"247,1933","964657504129,362057624131"
4496,2026,"175682234295,175682234295"
4497,247,666328158492
4499,"1109,1110,1303,183",929819142165
4500,2027,318509972361
4501,2028,261672904480
4502,545,971657212338
4503,2029,756372794491
4508,571,756372794491
4509,"571,68,17,28",438071472030
4510,"571,68,295",929819142165
10144,998,692836399858
14226,5105,696859435341
10310,"486,486,486",824142047736
7852,3029,"996405937084,996405937084"
10022,68,634676158068
10073,181,873750467314
4537,"571,68,636",263021605118
4512,"571,68",756372794491
10075,3709,426362434662
10086,3711,769573635661
10175,3738,275983206365
4563,885,"140289111734,500357715903,563388874988,500357715903"
1101,7,"874158820580,812649641749"
4538,571,756372794491
4539,"354,571,230",929819142165
4540,354,756372794491
4541,68,"263021605118,210733336914"
4551,745,756372794491
4555,2037,929819142165
4561,"258,588",756372794491
4564,885,616286639596
4565,710,114447454905
4568,545,126580655982
4570,1125,126580655982
10245,2671,"996405937084,996405937084"
11001,452,951313012753
11136,145,849733476327
4549,"2035,2036",123317730197
2267,1236,579377061875
7853,968,655438819868
4566,164,706986751636
10037,184,780523226387
2850,1489,242725736100
4547,"1936,17,1067",123317730197
10250,,493359161987
11002,3964,472558623157
10055,393,165501917790
4554,745,123317730197
4558,665,971657212338
842,163,"144838920781,206778660188"
4559,295,218093200747
4576,"1125,107,108",438071472030
4580,145,438071472030
4582,"126,2044",438071472030
4583,1650,"958249908971,406194970961"
4589,525,"206778660188,309842505795"
4593,264,858030157299
4594,264,858030157299
4596,196,801765945254
10336,856,863329919180
6977,479,929819142165
4597,186,740901501816
4598,1860,438071472030
7855,3030,165501917790
10079,"2191,605",817434891767
4578,2043,764118488854
10174,455,868239522489
4585,17,448540462163
10201,234,407445230620
10220,267,173975302140
4626,"641,117",801346475500
4620,147,"800705054080,325576598738"
4590,525,144838920781
4595,264,858030157299
4599,264,218093200747
4603,264,165501917790
4604,264,165501917790
4606,264,165501917790
4608,2049,653559399185
4609,"2050,972,2051",206778660188
4611,"2052,2053",117886705769
4622,2056,239675946514
4623,571,756372794491
4625,78,261672904480
4628,1111,426362434662
11435,4098,636545644634
4615,2048,531129283270
6994,"627,2772",245032061699
10137,418,666167540785
4613,481,130713082052
10109,3000,173975302140
4619,2055,706302919753
10202,1310,413739000844
10207,3748,951313012753
4649,4593,994985901817
10275,3766,612248565815
11003,3467,284356751435
686,478,"874158820580,230986011321,812649641749"
4624,78,902628186976
4629,1111,426362434662
4630,1111,426362434662
4632,2059,"426362434662,426362434662"
4638,225,426362434662
4639,225,"958249908971,462628741767"
4640,2060,426362434662
4647,2063,687229846531
4650,398,974609541585
7021,2274,996405937084
3203,"1527,1633","929819142165,929819142165"
10273,3765,172105222291
10287,965,"563388874988,248275867936"
10324,3776,357041318124
10288,2043,824142047736
10347,1739,996405937084
10423,"3806,1203",280468269439
10355,3781,706986751636
10722,3250,"666167540785,801392618851"
4648,"323,335,1069",140289111734
4654,2064,257206398811
4660,2067,478701691965
4661,2068,478701691965
4662,2069,478701691965
4663,2069,478701691965
4664,2069,478701691965
4665,958,858030157299
4668,1527,929819142165
4674,1008,929819142165
4676,885,"929819142165,531869172519"
4683,"295,1713,1714",123317730197
4684,1883,929819142165
4682,885,140289111734
4686,1731,213478247449
10197,,616554609597
4666,958,858030157299
4699,"473,1875",314462754950
7858,942,463689773804
4680,"17,230","123317730197,288354675743"
10352,126,634676158068
4712,2087,849733476327
4710,,165501917790
10306,298,210965998732
4685,885,"263021605118,497893661469"
1553,482,"801346475500,141424594667"
4689,"2076,2077,2078",135161241107
4690,2079,315631053874
4692,2080,438071472030
4694,2081,438071472030
4696,2082,315631053874
4697,"2074,68",270247321047
4700,"67,2074,68",756372794491
4702,67,756372794491
4705,"67,68","263021605118,288354675743"
4706,"2083,165",929819142165
4707,2084,117886705769
4713,"2088,1227","929819142165,365660435784"
4714,1303,756372794491
3361,592,296272052435
10219,282,541209805489
4726,"839,125",699692779863
10215,1033,"869955988052,863329919180"
4743,2018,117886705769
4742,,277883390501
4728,,511288657229
4733,"1154,2100",114447454905
4720,2091,438071472030
4723,2094,644081273478
4740,234,852351726930
10221,858,210965998732
10364,1072,666167540785
4724,1217,315631053874
4725,2095,218093200747
4729,"2096,2097,2098",245032061699
4736,217,929819142165
4737,215,114447454905
4738,1269,886093680890
4741,2101,123317730197
4755,"631,2106",618355761471
4757,"913,215","929819142165,929819142165"
4764,2108,849733476327
4768,2111,958249908971
4771,2112,"812649641749,812649641749"
10274,488,547168561028
10368,927,919921832270
7859,"3032,117",165501917790
4765,"1938,2109",980857559390
2849,804,867935070956
4777,,448540462163
4770,145,706986751636
10234,295,245143586034
4780,26,971657212338
4744,"1243,2102",165501917790
4750,1283,245032061699
4751,1342,"426362434662,426362434662"
4756,631,"706986751636,616554609597"
4759,1541,"123317730197,923485882084"
4762,267,"448540462163,951313012753,312759452298"
4767,2110,849733476327
4769,"149,1",438071472030
4776,2114,172095131804
4783,234,142796071743
4785,2118,332049503008
4788,281,261672904480
4790,2120,438071472030
4794,"28,636",756372794491
4797,519,218093200747
4799,1870,407575456169
4800,"2122,913",929819142165
7860,234,"824142047736,824142047736"
10248,"18,19,424",123317730197
4825,2130,210396356827
10289,1669,888721759330
10513,1762,868239522489
3063,1571,"863699380035,858030157299"
4782,757,"438071472030,717899694521"
4786,2119,114447454905
4787,281,755780681559
4789,145,365660435784
4793,95,616286639596
4798,545,801392618851
4803,"267,269",140289111734
4806,2124,947823867985
4805,295,448540462163
4809,2125,858030157299
4810,"2126,1571",438071472030
4811,323,558673205516
4815,2016,558673205516
4817,2016,929819142165
4819,319,438071472030
4820,2128,756372794491
4827,126,756372794491
12597,520,"383092039780,769528542041"
10305,351,368390667456
10369,443,863329919180
1571,924,703052179864
11006,"3279,3967,3968",397699130328
4836,"2133,2134",517277741262
3666,452,"812649641749,488989482109"
4849,,448594932067
4855,186,"114447454905,558673205516"
4858,186,558673205516
4852,217,426362434662
4828,54,801765945254
4727,148,"245032061699,245032061699"
4824,228,438071472030
4830,80,812649641749
4831,"281,720",457524436096
4838,1624,758372041391
4839,1669,"706302919753,666167540785,666167540785,202863342858"
4840,175,"706302919753,715710874160"
4843,1506,"139817792074,618355761471"
4846,2135,438071472030
4854,2136,929819142165
4856,911,929819142165
1570,885,"801346475500,438071472030"
7861,642,888721759330
10341,168,"964657504129,666167540785"
10377,"476,482,475",321316551291
10395,"2074,68","396287033930,957069255365"
10408,3799,666167540785
4872,,706986751636
4857,"186,1232",558673205516
4861,2138,709960603219
4863,2139,268419714215
4866,2140,140289111734
4868,262,323273455984
4869,303,438071472030
4870,1380,964657504129
4873,"571,126",958249908971
4874,"497,571",958249908971
4875,"1380,2141,2142",964657504129
4877,"942,107,108",165501917790
4878,1234,"886093680890,658081147494"
4879,1234,886093680890
4881,2143,929819142165
4882,1669,245032061699
4884,1669,245032061699
4887,262,245032061699
4888,511,971657212338
10360,28,812649641749
11443,223,396287033930
4901,,750156468469
3904,234,"831046448096,457524436096,407445230620"
10357,78,"563388874988,489825954980"
4915,145,"706986751636,706986751636"
10379,160,869955988052
10416,3801,396287033930
4864,196,"438071472030,604665014408"
7862,1484,824142047736
10600,"234,1893",591971526382
6620,234,"801765945254,407445230620,396287033930"
11008,"267,269",812649641749
1574,911,929819142165
4891,511,929819142165
4892,"511,125",245032061699
4894,2144,929819142165
4900,"996,1724",438071472030
4904,"2145,1109,1110",426362434662
4905,145,339046812284
4908,202,669489524419
4910,2146,740901501816
4909,2146,996405937084
4912,556,438071472030
4914,"2147,2148",438071472030
2274,208,144838920781
12700,"228,808",247037694794
10280,499,"426362434662,257206398811,812649641749,812649641749"
4924,2151,245032061699
10370,927,758079066679
10471,3814,531129283270
10667,3245,666167540785
10704,452,690719799488
4920,2149,996405937084
11137,1221,863699380035
4923,2150,323273455984
4944,"847,2160",123317730197
4927,1765,175682234295
1577,247,"410618275779,566789475601"
4931,2153,
4930,2152,535497907081
4932,1765,126580655982
4934,2154,438071472030
4936,2156,245032061699
4937,"268,2011",709960603219
4939,622,812649641749
4940,556,717899694521
4943,2159,577843110534
5313,2274,996405937084
10429,"481,1221",172105222291
10522,"1069,3829",431718982646
10526,3833,996405937084
2282,433,"321316551291,123317730197,616554609597"
11446,1987,210965998732
4960,854,245032061699
4975,2135,666328158492
4946,644,577843110534
4977,2166,407575456169
1598,,"296272052435,165501917790"
4951,147,323273455984
4956,"482,1381",709960603219
4963,854,123317730197
4967,366,123317730197
4970,2164,929819142165
4971,366,563388874988
4973,"366,2165",123317730197
4974,167,372828469540
4980,2169,381205542744
4991,2169,175682234295
10384,"68,17,230",396287033930
10396,"1952,695,1472",812649641749
10445,1366,472558623157
10469,3813,835487103963
4978,"2167,2168","964657504129,964657504129"
4998,186,604665014408
11009,3970,964657504129
10439,1,837136053942
5029,"729,107,108",165501917790
5015,"2177,2178",218093200747
4981,2169,426362434662
4986,140,144838920781
10415,147,368390667456
476,351,"750156468469,974609541585,760029738066,368390667456,163652477464,964657504129,822922842616"
4990,461,290735419117
4992,96,245032061699
4993,96,"245032061699,172095131804"
4994,365,812649641749
5000,44,604665014408
5002,996,604665014408
5003,301,812649641749
5004,301,709960603219
5005,2174,705985861385
5007,2175,929819142165
5014,"2176,117",339046812284
10496,2355,159135092439
10442,1914,159790379354
10626,3860,636545644634
10679,3876,863329919180
11010,3971,812649641749
5032,"2182,1130",969896260093
5012,,218093200747
4897,123,"653559399185,653559399185"
5063,,492424079933
5049,"2186,117",703052179864
3317,1567,"137654565281,280468269439"
5011,1038,218093200747
5020,"2003,2004",812649641749
5023,354,438071472030
5024,354,123317730197
5025,641,"577843110534,923485882084"
5027,2181,783298102704
5028,1484,971657212338
5033,525,144838920781
5035,740,483257040799
5034,548,144838920781
5047,2184,"971657212338,968630844126"
5054,1114,"426362434662,426362434662,929819142165"
5059,"2189,2190",478701691965
5061,159,"438071472030,923041323258"
5062,1152,929819142165
10461,443,888721759330
10472,3815,835487103963
5045,"455,103",618355761471
10485,793,"814444011449,218093200747"
7863,181,394117657821
5077,186,457524436096
10515,793,339046812284
7864,181,394117657821
10566,"3844,3845",616554609597
5064,295,323273455984
5316,2276,910355213795
1585,793,489816938483
5041,2184,"426362434662,426362434662"
5042,2184,"426362434662,426362434662"
5044,2185,
10583,296,892534879101
10587,2720,680101439838
5052,"123,1316",653559399185
5055,2188,426362434662
5060,159,438071472030
5065,892,438071472030
10595,3850,812649641749
10647,3866,238042137625
10662,2709,604665014408
11011,2559,426362434662
10700,"3883,599",716282150015
7866,"145,103",618355761471
8008,674,964657504129
10484,3820,540859075517
10495,488,868239522489
10550,1793,152461457404
10687,353,357700371135
10695,3880,666167540785
10699,511,863329919180
10701,2348,"575030670508,961890638160,769929922987"
2873,1497,131801535028
3763,1067,"812649641749,756372794491"
4424,2000,"438071472030,314462754950,438071472030"
5053,2187,"426362434662,426362434662"
11013,75,811016051328
5113,2206,448594932067
5115,58,812649641749
11015,452,"812649641749,616040736095"
5119,953,858030157299
5120,953,858030157299
5121,710,"536320523506,497382152459"
5146,2219,117886705769
11450,494,408647073007
7828,3017,245032061699
3341,"1671,456","230986011321,202243584162,474462054755"
10540,472,368390667456
5164,2225,257206398811
2284,"904,905","804121600141,239675946514"
11017,1826,824142047736
10558,234,309842505795
5159,192,126580655982
2094,186,"804121600141,457524436096,407575456169,407575456169,165501917790"
1265,186,"579377061875,801765945254,221736714783"
5161,2224,218093200747
516,398,"242725736100,409371505827,951313012753,313128132368,296272052435,462628741767,984398789005"
966,641,"874158820580,517277741262"
5176,1722,996405937084
10585,126,835487103963
10638,2919,863329919180
10668,3873,666167540785
10707,491,863329919180
11016,234,407445230620
11138,2076,172105222291
11152,1506,812649641749
7648,140,869955988052
7650,303,396287033930
11459,813,218093200747
5333,2280,694195477658
7949,,138008228727
7942,958,165501917790
7651,778,365660435784
7948,,138008228727
5334,126,929819142165
5331,2278,974609541585
7652,290,123317730197
7649,186,563388874988
5329,181,604665014408
8462,1972,"563388874988,616554609597,563388874988,245143586034"
7653,2952,355242680870
294,7,"874158820580,812649641749,694195477658"
1600,"215,934",929819142165
7868,1665,"631346754147,631346754147"
7870,3033,971657212338
7871,3034,438071472030
7941,3058,357700371135
7946,"119,256,3059",438071472030
8009,270,491201620041
8010,"261,2889",812649641749
11462,681,812649641749
3910,"1125,107,108","618355761471,618355761471"
10713,,618355761471
7654,2953,363508735347
7655,2954,994985901817
7658,323,800705054080
7659,351,"165501917790,706302919753,750156468469"
5350,2285,867935070956
7660,2955,817434891767
5338,2281,206778660188
7662,,165501917790
5339,665,144838920781
5340,2282,964657504129
5341,33,562580531983
5342,2283,"407575456169,680829705997"
5345,1554,618355761471
10588,1558,631346754147
5347,1125,407575456169
5348,1125,706986751636
5349,1125,706986751636
5351,1044,442528217059
10615,2013,"563388874988,406194970961"
10690,1054,175682234295
10724,"3888,3859","616554609597,890294665745"
5353,"1874,117",268419714215
7668,2959,365660435784
5356,1460,563580450746
1620,"942,943",107688298394
6390,2101,"706986751636,971657212338,645173583380"
7656,342,636545644634
7657,927,448540462163
7877,4,478701691965
10640,958,716282150015
7664,244,"365660435784,350156215334"
7666,2957,405513968079
4,4,"971657212338,971657212338"
7667,"1523,2958","245143586034,834053766474,923485882084"
1551,915,"804121600141,563580450746"
7829,3017,245032061699
7873,4,"500357715903,583722594102"
7874,"4,3035,3036",368390667456
7876,2070,369020530980
7878,4,971657212338
7879,2101,500357715903
7880,54,"472558623157,309842505795"
10627,3552,801392618851
11018,1826,812649641749
7670,2961,102518202006
5360,2287,929819142165
10718,"731,3858",812649641749
10738,1065,309842505795
11019,"2618,3973",811016051328
3673,757,"140289111734,536320523506,323273455984,321316551291,245143586034,653936975428,868239522489"
5376,"481,482",339046812284
5365,,323273455984
5363,886,"858030157299,175682234295,123317730197,964657504129,951313012753,123317730197"
4952,261,"971657212338,321316551291,438071472030,631346754147,173975302140,497893661469"
10715,365,703052179864
1957,1066,"713815986884,713815986884,713815986884,713815986884,713815986884"
1286,791,"206727921604,323273455984"
1473,"119,80,650","321316551291,448540462163,172095131804"
1578,926,"410618275779,694195477658,964657504129"
5364,9,438071472030
5366,419,172095131804
5368,218,"457524436096,457524436096"
5370,926,694195477658
5372,2290,175682234295
5373,926,964657504129
5375,615,996405937084
5377,240,"126580655982,562580531983"
5378,898,172095131804
5381,2291,958249908971
7830,3018,769573635661
5380,"1440,125","245032061699,245032061699"
11021,234,309842505795
10729,"38,3891","616554609597,616554609597,616554609597"
5387,33,980857559390
5389,228,706302919753
5390,2295,438071472030
7633,145,"849733476327,922388669862,233015433573,892534879101,589867706993,716282150015"
5396,1118,801392618851
5430,138,"245032061699,971657212338,575030670508"
5435,138,971657212338
5398,452,323273455984
5399,2302,"858030157299,812649641749"
5402,2303,323273455984
5404,267,323273455984
5406,261,321316551291
5410,1388,"257206398811,257206398811"
5411,2304,567839591024
5416,2306,"694195477658,123317730197"
5412,"481,2305,475",812649641749
5413,667,175682234295
5429,138,"245032061699,812649641749"
5423,267,"140289111734,173975302140"
5432,"837,838",448540462163
7831,3019,247037694794
5447,453,409371505827
5450,2310,869955988052
5459,,323273455984
10749,1840,221736714783
5453,543,168459389183
11022,3090,315631053874
510,393,"750156468469,874158820580,717899694521,812649641749,640284426813,245143586034"
5454,1700,"175682234295,210965998732"
5426,138,"717899694521,888721759330"
5455,2311,175682234295
5457,"519,349",703052179864
4592,2047,"245032061699,323273455984,424901071220,923485882084"
2058,247,"253595547136,916532885936,604665014408,971657212338,123317730197,444873390371"
634,453,"874158820580,964657504129,812649641749,438071472030,368390667456,108235469049"
5458,648,126580655982
5462,2312,911593860202
2680,709,"230986011321,662106175294,869395596643,869395596643"
2868,1495,130713082052
7671,1793,"662106175294,951313012753"
10927,3553,315631053874
11023,2728,149062085809
5467,709,500357715903
103,49,"801392618851,489648020796"
1144,718,"867935070956,438071472030,545559172177,536103849810,824142047736,812649641749,399854590127"
1618,"482,323,481,528",321316551291
5461,708,886093680890
5468,1699,355242680870
5469,462,536320523506
5470,2314,853065672752
5471,283,529451196997
5472,7,396287033930
5473,1374,831046448096
5474,247,"916532885936,916532885936"
5477,"2315,7",929819142165
5476,247,694195477658
5478,2316,517277741262
5479,2317,"426362434662,426362434662,604665014408"
5482,"2319,2320,2321",426362434662
5481,2318,426362434662
5483,2322,426362434662
5484,2323,426362434662
5485,1351,485018581158
2843,1134,"874158820580,407575456169"
5497,"2327,2328,2329,2330",485018581158
10928,2980,315631053874
10938,"145,720",849733476327
5491,965,"353868443200,811016051328"
10984,"631,256",812649641749
11024,"323,270,1297",743946338402
5490,1722,"996405937084,996405937084"
5492,2326,858030157299
5494,1750,396287033930
57,33,"475272494144,253595547136,545559172177,916532885936,916532885936"
5496,563,"634554106951,616554609597"
5500,2332,634554106951
5501,"2333,107,108",776694933307
5502,488,634554106951
5504,169,175682234295
5505,2334,"396287033930,163652477464,210965998732"
5506,2335,837678561690
5513,1565,634554106951
5525,"2340,2341,2342",426362434662
5528,2343,485018581158
5529,635,438071472030
5516,452,812649641749
11312,3998,636545644634
7673,2962,407575456169
11093,2439,823943248698
5517,741,489648020796
5514,716,316195095367
5520,267,336636676011
5521,590,545559172177
11097,4001,426362434662
11210,4034,426362434662
11281,181,793797187505
5523,1056,"426362434662,426362434662"
5527,"67,965",694195477658
597,92,"874158820580,874158820580,558673205516,812649641749"
698,175,"874158820580,971657212338"
1420,"295,92","874158820580,824142047736"
5534,1634,764118488854
5551,448,817321833631
5552,448,817321833631
5553,448,817321833631
5554,448,817321833631
5555,448,817321833631
2287,1227,929819142165
11185,4028,812649641749
5547,1051,173975302140
7674,234,407445230620
2889,401,"162342107260,123317730197,472558623157,396287033930,629902110827,616554609597"
11098,2367,426362434662
5543,179,618355761471
11465,499,245143586034
2270,1234,"648644218308,536320523506,410040702296,824142047736,407445230620,290735419117,873750467314,365660435784,430020105059"
5535,1818,801765945254
11186,2400,949538583064
5556,234,824142047736
11203,398,245032061699
11255,4011,996405937084
5549,344,"323273455984,394117657821"
5548,344,206778660188
5538,147,257206398811
5539,147,563388874988
5542,147,853065672752
5558,1437,261672904480
5569,2346,438071472030
5571,401,"958249908971,393625365002"
5584,"1247,2352",123317730197
5582,403,563388874988
7675,1044,"658081147494,658081147494"
11323,4068,910103689624
11026,224,812649641749
11099,"1174,1375",202243584162
11214,178,"210965998732,114426911424"
11415,2400,949538583064
5575,54,616286639596
5560,175,"175682234295,202863342858"
5564,443,144838920781
5590,282,666328158492
3120,244,"801392618851,563388874988"
1630,145,817321833631
5565,175,812649641749
5566,290,270247321047
5573,2348,323273455984
5576,2350,415381452411
5577,1090,144838920781
5578,2351,545559172177
5580,1840,206778660188
5581,403,123317730197
5594,556,323273455984
5597,276,849733476327
5601,2357,996405937084
5602,2358,996405937084
5606,1375,817321833631
5605,"38,2163","618355761471,716282150015"
5608,"500,2362",958249908971
5604,1432,462346580459
5607,"2360,2361",517277741262
1636,"945,946,947",867935070956
11027,228,951313012753
5030,1958,"123317730197,824142047736,824142047736"
11166,4022,563580450746
11161,2728,703614684224
5629,"52,52,2372",812649641749
5586,244,867935070956
5588,"244,2354",463689773804
5589,1044,591971526382
5592,177,604665014408
5595,1388,"849733476327,245143586034,890294665745,890294665745"
5615,87,"662106175294,217886025664"
5624,87,858030157299
1446,"862,107,108","324684994569,776694933307"
5609,2363,618355761471
5620,2368,426362434662
5626,2370,929819142165
5627,964,812649641749
5628,2371,558673205516
5611,"2365,2366",817321833631
2297,126,929819142165
11339,602,760029738066
4735,1269,"886093680890,886093680890"
11359,491,949538583064
5630,"2373,2374",929819142165
5587,2353,"365660435784,474462054755"
11028,"3974,117",703052179864
5621,2369,858030157299
11184,295,396287033930
5614,"87,2367",812649641749
5617,87,162342107260
1634,944,979910711272
5634,"1375,2375",144838920781
5635,556,"858030157299,951313012753,208149793229"
5641,508,817321833631
5642,508,817321833631
5644,508,817321833631
5643,508,817321833631
5650,800,776694933307
5654,238,"415381452411,390467359333"
5656,264,"888721759330,703052179864"
5658,1463,165501917790
11029,3155,315631053874
11222,4036,200855216135
11251,"145,117",616040736095
11259,"2977,269",405513968079
11334,1209,408647073007
11284,732,408647073007
5682,123,242725736100
5685,,478701691965
5676,"1178,2379",455989312956
5640,1118,355242680870
5646,147,"853065672752,654025016981"
5647,147,964657504129
5651,295,604665014408
5652,300,245143586034
5657,"1043,2376",165501917790
5662,757,"888721759330,438071472030"
5663,2377,221736714783
5666,2378,969723803270
5668,183,"242725736100,261672904480,951313012753"
5674,695,438071472030
5679,2380,455989312956
5680,418,817321833631
5684,1478,776694933307
5689,499,210396356827
11030,3975,545559172177
5677,,336636676011
11031,2747,410618275779
11225,4038,200855216135
3187,1626,407575456169
11232,381,309842505795
5695,,144838920781
11262,245,734520369898
5670,2111,717899694521
5673,2111,448540462163
5675,2111,318509972361
5683,47,824142047736
5686,2381,140289111734
5692,33,"545559172177,545559172177"
5693,234,407445230620
5698,2101,426362434662
5700,2040,589867706993
5703,2384,221736714783
5706,2386,888721759330
5709,927,"545559172177,275600400905,557097932039"
5712,"200,321",680101439838
5713,763,858030157299
5715,"2388,1191","858030157299,687229846531,261100721749"
5716,958,332049503008
7030,223,974609541585
11221,186,200855216135
11338,1217,812649641749
5727,2391,455989312956
3596,476,"812649641749,783298102704,709960603219"
5721,200,888721759330
5737,488,971657212338
5730,"181,255",165501917790
11033,3,812649641749
5701,4,"498927610170,783298102704"
5710,2387,213478247449
5718,1191,858030157299
5719,200,323273455984
5720,1188,824142047736
5723,2389,"764118488854,472558623157"
5726,2390,758079066679
5728,18,"853065672752,197341950772"
5731,2369,888721759330
5733,145,165501917790
5734,488,"776694933307,396287033930"
5735,341,756372794491
5740,2393,958249908971
5742,"2394,2395",460480852274
5745,"2388,1191",339046812284
5755,2398,163652477464
2298,"161,162",799443797620
5762,473,455989312956
5765,574,336636676011
11034,342,812649641749
5771,2186,102518202006
11257,4048,149062085809
5754,365,128533184648
5756,"1154,216",407575456169
5764,555,849733476327
5757,"950,390,335,323",536320523506
11307,321,793797187505
11526,4133,616554609597
5770,1931,488989482109
5772,2399,488989482109
5759,1065,407575456169
11531,175,"812649641749,315631053874"
5747,186,"245032061699,604665014408,854624519688"
5761,1328,109358135885
1637,948,705555476885
5766,262,888721759330
5768,1891,"888721759330,869395596643"
5769,182,500357715903
11360,902,812649641749
5790,2403,130713082052
11258,218,616554609597
11279,"433,17",210396356827
2207,1214,"804121600141,355242680870"
3693,185,"996405937084,996405937084"
5799,,109358135885
5777,138,888721759330
5791,"283,433",958249908971
1649,927,"929819142165,696859435341"
5776,"1825,125",971657212338
5778,1065,"440370063730,173975302140,892587510952,139103050963"
5779,1722,996405937084
5782,2401,"536103849810,812649641749"
5781,234,407445230620
5784,2402,407575456169
5785,800,"437934519571,173544580857"
5788,31,357700371135
5798,2405,756372794491
5812,"1109,1110",756372794491
11310,256,812649641749
11282,4054,673206676880
11311,4063,636545644634
1650,"927,955","929819142165,929819142165"
11322,"4067,117",867935070956
5156,491,"448540462163,888721759330"
5797,2404,336636676011
5801,2406,563388874988
5804,"230,571",756372794491
5806,185,996405937084
5808,"1109,1110","756372794491,486438530862"
5810,"1109,1110",756372794491
5817,"1109,1110",756372794491
5816,"1109,1110",929819142165
5818,2408,196676433973
5819,92,558673205516
5820,"2409,2410",618355761471
5830,2034,163652477464
11409,"166,117",263940288201
7958,927,531129283270
2304,1254,979910711272
11341,"4071,4072",996405937084
5839,2415,165501917790
11471,"52,117",716282150015
5828,1238,545559172177
5832,2412,202243584162
5829,2411,206778660188
5834,2413,974609541585
5864,2427,455989312956
5825,186,"407575456169,407575456169"
5826,54,394117657821
5824,1927,355242680870
368,215,"145533674118,929819142165,888721759330,923437623782,497893661469"
5838,"1174,283",694195477658
5840,453,"709806135473,409371505827"
5841,2416,165501917790
5843,2418,888721759330
5842,2417,440370063730
5848,455,563388874988
5860,2426,521144791562
5861,503,888721759330
5867,1585,"618355761471,863699380035"
5871,78,666328158492
11372,"950,390,335,641",636545644634
5868,"2428,2429,117",616040736095
11406,1918,472558623157
11478,1870,716282150015
5855,2423,117886705769
5863,"184,599",455989312956
11356,1793,"408647073007,706986751636"
5882,,455989312956
5856,183,"888721759330,971657212338"
3186,1625,407575456169
5877,965,"138008228727,138008228727"
5859,2425,521144791562
5884,186,221736714783
1750,323,"140289111734,713815986884,140289111734"
5862,"571,295",756372794491
5865,"687,688,6",438071472030
5870,2006,321316551291
5872,"78,2431",812649641749
5873,2432,888721759330
5888,778,"796620046883,407575456169"
5893,2437,109358135885
5895,2439,817927469568
11036,200,280468269439
5892,"283,599",713815986884
11361,4076,703614684224
2308,7,916532885936
5901,"145,117",618355761471
11387,16,949538583064
5898,"2441,2106",172105222291
11139,"483,2550,108",383616851268
11405,104,210965998732
5880,2435,438071472030
5886,262,438071472030
5889,68,558673205516
5926,"283,1140",958249908971
5891,147,867935070956
5894,2438,547168561028
7430,295,"929819142165,934291818657,396287033930"
5900,126,756372794491
5903,941,"438071472030,837136053942"
5906,2444,455989312956
5920,2448,500357715903
5924,"2449,2450",175682234295
7037,739,"662106175294,245143586034,812649641749"
11449,"4107,1510",258810996865
2314,17,"929819142165,756372794491,448540462163"
5916,2447,971657212338
5909,2446,"812649641749,812649641749"
5913,958,783298102704
11037,261,616040736095
5915,2269,455989312956
5939,283,713815986884
5948,"99,100",316195095367
11354,403,928487713665
5907,461,"321316551291,169631732730,169631732730"
3069,200,"653559399185,680101439838,424429512863"
5917,148,239675946514
1665,963,753128310892
5925,"2451,2452",268419714215
5927,2453,"666328158492,245143586034"
5928,"283,1140",958249908971
5931,"2455,2456",824142047736
5938,589,756372794491
5940,854,888721759330
5941,887,888721759330
7040,"570,107,108",658081147494
11392,1359,703614684224
11038,3977,604665014408
4562,885,"536320523506,536320523506,497893661469"
5978,,824142047736
5961,"885,2463",713815986884
5936,"68,295,67",396287033930
5881,2385,"996405937084,996405937084"
5522,60,"916532885936,405513968079,472558623157,916532885936,604665014408"
339,"284,285","509760591885,888721759330,323273455984,569047383287"
5937,2458,547168561028
5942,"2459,107,108",455989312956
5946,200,680101439838
5950,295,756372794491
5952,1442,165501917790
5955,2462,500357715903
5959,885,713815986884
5960,885,"536320523506,531869172519"
5962,490,"365660435784,126580655982"
5964,319,339046812284
5965,2377,270247321047
5969,2464,109358135885
5970,885,713815986884
5973,885,"536320523506,666167540785"
5977,1883,536320523506
5979,"2465,117",904324119139
7052,2158,994985901817
5971,885,"500357715903,536320523506,500357715903"
11498,4122,"408647073007,408647073007"
11538,4139,636545644634
3775,1812,"536320523506,536320523506"
11617,4171,172095131804
5974,885,"500357715903,760029738066"
5976,885,536320523506
11571,4157,716282150015
5995,54,680101439838
5996,54,680101439838
1666,148,509760591885
5983,571,756372794491
5984,2467,971657212338
5986,"1762,2469",929819142165
5987,965,426362434662
5993,2398,756372794491
5994,2471,263021605118
5998,455,"123317730197,604665014408,496854931147"
5999,2472,123317730197
6000,1704,365660435784
6002,2473,438071472030
6003,2474,703052179864
6006,2476,867935070956
6032,1118,801392618851
6033,841,355242680870
11441,4105,210965998732
6015,"2480,117",904324119139
11517,"729,103",258810996865
6029,"950,390,335,641",709960603219
11039,3978,964657504129
6004,2475,365660435784
11455,68,812649641749
6007,2477,996405937084
11040,"3979,3980",616554609597
6030,181,"144838920781,365660435784"
6012,2268,168459389183
6021,757,"713815986884,696859435341"
7889,31,"368390667456,563388874988"
6023,181,"365660435784,365660435784"
6016,2478,144838920781
6018,2483,323273455984
6019,757,888721759330
6020,2484,996405937084
6022,267,852351726930
6024,1858,365660435784
6027,511,"378991748318,653911562158"
6028,197,929819142165
6031,458,929819142165
6034,1272,756372794491
10465,233,239675946514
11044,223,263021605118
2209,342,"804121600141,812649641749"
11467,3211,"703614684224,653911562158,653911562158,653911562158"
11564,2337,408647073007
3743,1802,618355761471
5789,31,"800705054080,448540462163,498927610170,478701691965,210965998732"
11475,1210,716282150015
6035,197,457524436096
6050,283,756372794491
6052,283,756372794491
1684,186,"661251333274,245032061699"
11041,3981,883913356047
6053,54,"994985901817,424429512863"
11043,145,703052179864
6043,"1006,165",263021605118
6048,283,958249908971
6058,283,756372794491
6068,276,743946338402
6084,631,"396287033930,616554609597"
10468,916,951313012753
6071,2490,126580655982
11045,"3982,3983",410618275779
11520,2816,636545644634
6077,2492,849733476327
6088,,407575456169
11505,,716282150015
6096,,888721759330
6066,"2238,354",263021605118
6069,163,"687229846531,687229846531"
6075,679,218093200747
6076,256,756372794491
6078,2493,247037694794
6079,2492,218093200747
6081,2495,849733476327
6082,2278,123317730197
6095,2501,971657212338
6097,228,929819142165
6102,2505,245032061699
6103,1835,175682234295
6106,"647,6",123317730197
6107,636,756372794491
6109,258,756372794491
6112,986,888721759330
11046,3984,396287033930
11141,3560,602884829132
6100,"2502,2503,2504",245032061699
6104,,165501917790
11614,"2977,3532,4170",812649641749
6113,2507,563580450746
11510,824,589867706993
11518,900,218093200747
1699,981,394117657821
11536,"4137,4138",408647073007
11544,4141,636545644634
3852,1840,218093200747
7677,710,824142047736
6093,499,"563388874988,126580655982"
6094,2500,323273455984
11593,170,315631053874
6110,"140,745,746",123317730197
6116,230,756372794491
6124,2508,426362434662
6125,1438,500357715903
6137,276,687229846531
6139,"68,2512",756372794491
6141,351,"355242680870,812649641749"
7681,"261,2966",849733476327
11061,43,812649641749
11548,4145,636545644634
6134,,165501917790
6144,154,606884302092
6158,"2517,2335",245032061699
6161,,245032061699
6163,"500,125",245032061699
6126,295,245143586034
6160,2517,245032061699
6142,1234,"462346580459,886093680890"
6123,87,980857559390
6128,"29,295",245143586034
6129,"295,29",756372794491
6130,2509,680101439838
6140,351,355242680870
6148,458,994985901817
6152,2513,126580655982
6156,2515,245032061699
6159,2516,245032061699
6162,2518,245032061699
6164,2519,202243584162
7678,2963,636545644634
5933,167,"455989312956,488989482109"
7680,2965,658081147494
6157,2516,245032061699
6187,458,372828469540
6173,"167,255",488989482109
7679,2964,368390667456
11047,3985,951313012753
11562,4151,636545644634
6170,167,731159599603
6171,"167,2520",488989482109
11594,179,210965998732
6179,1066,888721759330
11620,1033,408647073007
6175,181,690937716610
11769,145,616040736095
6180,2146,996405937084
6182,841,323273455984
6169,138,"706302919753,225666126939"
1681,"329,335,168","713815986884,713815986884,812649641749"
6183,"258,28",756372794491
6184,"571,126","756372794491,438071472030"
6186,"1571,2126",318509972361
6188,147,355242680870
11871,1337,623298421159
6181,"181,943",173975302140
11580,3010,"175682234295,245016491161"
11596,4169,381678968179
11048,167,873750467314
6198,167,"323273455984,394117657821,497893661469"
6190,"483,107,108","123317730197,837136053942"
7684,"2058,2615",202243584162
7685,819,951313012753
6196,26,658081147494
7892,31,365660435784
6201,,563580450746
7686,2058,202243584162
5648,"168,147","357700371135,994985901817"
6194,2521,109358135885
6197,417,658081147494
6199,167,666328158492
6202,1934,536103849810
6203,"295,256",604665014408
6204,2523,"315631053874,315631053874"
6205,2524,261672904480
6206,2082,213478247449
6208,2526,365660435784
6209,2527,731159599603
6210,1744,618355761471
11690,1770,895980774094
11789,4265,496854931147
11568,"488,117","263940288201,467506873802"
7687,61,971657212338
11109,1435,658197689408
4476,1065,"801765945254,922388669862"
6214,"228,679",756372794491
6233,186,407575456169
6217,"831,589,2530",756372794491
6236,145,365660435784
6237,145,365660435784
1680,169,753128310892
1721,"452,261","783298102704,245143586034,616040736095"
6219,228,924489435838
6220,"2531,1419,1724",929819142165
6222,2531,929819142165
6223,2531,756372794491
6228,"2528,2531",929819142165
6229,"2531,2534",263021605118
6230,"2531,2535",929819142165
6231,1065,"138008228727,309842505795,992505173378,758444174081"
6232,1065,801765945254
6235,2537,355242680870
6240,145,566789475601
11638,1463,365660435784
7688,2967,438071472030
6244,"145,456",537894940826
7689,"145,107,108",428393280338
6245,145,365660435784
6247,145,566789475601
6262,,980857559390
7690,2968,426362434662
6250,2539,922388669862
11668,4187,636545644634
11646,"4175,4176",410618275779
6241,145,"138008228727,604665014408"
4577,145,"323273455984,922388669862"
6256,145,922388669862
6251,145,263940288201
6252,145,"566789475601,114426911424"
6248,145,922388669862
6254,"145,2538",365660435784
11726,4228,280468269439
6255,145,566789475601
6260,"320,2540,107,108",280468269439
6261,2541,756372794491
6263,2542,165501917790
6264,2543,123317730197
6268,1517,365660435784
11766,3061,660696781115
11649,4178,996405937084
6289,319,448540462163
6265,"329,1896",488989482109
11723,4227,"218093200747,758444174081"
7694,2970,996405937084
7693,2969,497241615065
11051,2158,604665014408
6280,,455989312956
6286,"2549,2550,108",618355761471
11756,4247,703614684224
6284,2547,812649641749
1685,93,"769929183709,886093680890,245143586034"
6275,365,812649641749
6272,1452,500357715903
6274,1987,355242680870
6276,1739,996405937084
6277,2544,247037694794
6279,2545,426362434662
6281,841,888721759330
6282,1418,372828469540
6283,2546,
6285,"2548,1203",616040736095
6287,"2551,2552",756372794491
6294,"2555,634",783298102704
11052,"3987,3988",863329919180
11790,267,210396356827
11816,167,873750467314
11053,452,"812649641749,280468269439"
11663,4185,408647073007
11924,508,949538583064
6309,"739,1051",123317730197
6297,676,904324119139
6337,,426362434662
6293,52,922388669862
6295,"2556,1247",731159599603
6296,2557,175682234295
6301,"695,354",812649641749
6303,1008,616286639596
6304,2559,462346580459
6305,"2560,2561",812649641749
6307,723,756372794491
6310,2563,758372041391
6312,2564,756372794491
6313,2564,"756372794491,756372794491"
6314,975,500357715903
6315,2565,245143586034
6317,2565,563388874988
6320,2565,245143586034
6339,2572,165501917790
6344,159,"206778660188,923041323258"
7695,1067,363508735347
6340,,618355761471
6338,468,175682234295
11689,4201,636545644634
6322,517,138008228727
6331,2569,336636676011
1686,54,383616851268
352,"68,295,67","321316551291,874158820580,929819142165,438071472030,197341950772"
6321,517,929819142165
6326,2566,994985901817
6328,2568,318509972361
6329,"1585,117",867935070956
6330,"177,965",783298102704
6332,531,929819142165
6336,476,812649641749
6345,1065,407575456169
6346,595,971657212338
6347,595,971657212338
6358,2579,365660435784
6363,2580,165501917790
6364,2580,165501917790
6377,1653,"812649641749,812649641749"
6373,2583,776694933307
11054,3989,811016051328
11718,4225,801765945254
2465,224,"750156468469,353868443200,500357715903"
6392,310,173975302140
6370,"181,255",618355761471
6371,147,888721759330
2626,1074,"874158820580,731159599603"
4841,1217,"213478247449,315631053874"
6351,595,971657212338
6353,"1762,2574",858030157299
6355,2577,706302919753
6359,282,365660435784
6360,2580,165501917790
6365,2580,165501917790
6366,2580,165501917790
6368,2580,165501917790
6369,2582,"904324119139,616554609597"
6372,4,886093680890
6375,2584,438071472030
6385,296,"378991748318,786816039084"
6388,"295,571",438071472030
6391,2588,475272494144
6399,443,996405937084
6404,"261,452","971657212338,438071472030"
7696,167,"438071472030,394117657821"
7698,"517,2971",426362434662
11153,398,812649641749
6383,1303,268419714215
11744,4241,408647073007
6427,2592,138008228727
6418,1253,618355761471
1689,323,"906787991853,140289111734"
6378,2074,756372794491
6382,2586,131801535028
6386,296,666328158492
6389,2279,462346580459
6394,2589,175682234295
6397,224,996405937084
6396,224,706302919753
6398,2590,563388874988
6402,854,888721759330
6409,192,365660435784
6419,351,144838920781
6420,2591,448540462163
6422,631,"438071472030,438071472030"
6430,2595,138008228727
11721,4226,130262270671
6406,145,706986751636
7055,89,812649641749
6417,1116,325576598738
11895,3656,636545644634
11901,4314,368390667456
11929,365,218093200747
3802,1824,605301471334
6440,575,
6381,631,"438071472030,396287033930,496854931147,169631732730"
6407,145,463689773804
6413,1669,971657212338
6414,145,566789475601
6423,145,623549606513
6426,1,218093200747
6428,2593,339046812284
6429,2594,339046812284
6434,2597,396287033930
6435,1519,407575456169
6445,588,756372794491
6450,2599,213478247449
11477,2915,172095131804
11743,186,369089449782
6433,525,764118488854
11055,3990,284356751435
6476,2609,355242680870
6475,,312759452298
6478,"2611,2612",658081147494
6481,,618355761471
6441,"26,2598",249593721612
6436,975,888721759330
1693,"265,107,108",498223508775
6448,230,756372794491
6451,301,"844849809695,923041323258"
6454,238,916532885936
6455,2601,558673205516
6456,2602,980857559390
6463,2606,605301471334
6469,2488,958249908971
6473,858,221736714783
6479,1506,325576598738
6482,2613,618355761471
6483,261,"218093200747,467506873802"
6484,757,929819142165
11489,4116,408647073007
11820,4279,130262270671
11821,4280,172095131804
11056,"3991,599",928449770753
11830,4284,408647073007
2316,1262,"979910711272,911593860202"
6471,2488,958249908971
11833,4286,408647073007
11845,4290,175682234295
6488,"167,2614",261672904480
6472,2608,438071472030
11809,3,616040736095
1692,"481,482","713815986884,713815986884"
1484,"295,140","321316551291,438071472030"
6480,"335,2020",958249908971
6486,185,996405937084
6487,1404,322758362354
6494,2619,438071472030
6500,"2093,2623",438071472030
6504,2624,221736714783
6508,140,144838920781
6509,109,817321833631
11868,3354,636545644634
11877,4302,"863329919180,516695344247"
11057,473,604665014408
6343,181,"706986751636,892534879101"
11878,4303,496854931147
6512,1825,817434891767
6524,491,249593721612
6516,850,"448540462163,769573635661"
6492,2618,996405937084
6499,2622,498927610170
6502,2620,929819142165
6510,2625,144838920781
6520,2628,107532415064
6521,2629,175682234295
6523,1825,971657212338
6529,"165,695",812649641749
6533,2630,974609541585
6534,718,706302919753
6536,718,"563388874988,812649641749"
6537,300,709960603219
6538,710,760029738066
6539,"900,2632",245143586034
6532,461,394117657821
6530,1825,245032061699
7705,1704,365660435784
6531,1825,971657212338
7896,31,368390667456
6540,710,824142047736
11840,1561,109358135885
11897,4312,362057624131
11919,"1227,4322",173975302140
7895,,817321833631
7704,2972,971657212338
6544,"2018,2634,2635,2636",117886705769
6543,710,245143586034
530,234,"321316551291,309842505795"
6546,575,448540462163
6547,793,131801535028
6549,2638,339046812284
6552,2640,558673205516
6553,"261,2641",703052179864
6555,301,497241615065
6558,196,658081147494
6559,"261,2643",886093680890
6560,640,438071472030
6561,2644,426362434662
6562,2644,426362434662
6566,2646,365660435784
11873,"841,1510",928487713665
6570,2650,971657212338
11856,602,703614684224
6573,729,863699380035
6589,,179161809007
6569,"2648,2649",700584410923
6575,2651,971657212338
6577,183,929819142165
11058,603,175682234295
1037,671,"321316551291,438071472030,980857559390,438071472030"
1711,169,753128310892
6581,636,756372794491
6583,"636,361",438071472030
6585,"2652,2653,507,2654,2655",263021605118
6587,28,756372794491
6590,453,812649641749
6591,"453,2656",438071472030
6592,2657,365660435784
6595,2658,888721759330
6596,2659,756372794491
6597,481,602884829132
6619,,532839430676
7706,"2973,2974",462346580459
7709,2975,545559172177
7898,"232,3037",478701691965
7937,3056,257206398811
6601,"1558,476,269",332049503008
6611,"847,2666",604665014408
11059,3720,410040702296
6602,68,812649641749
6625,"2670,235",258810996865
11908,3895,280468269439
6610,181,604665014408
6617,147,853065672752
6603,2662,904324119139
6616,232,812649641749
6604,"2663,107,108",478701691965
11844,352,296272052435
6606,"2664,107,108","165501917790,716282150015"
6608,"1691,2665",731159599603
6612,2223,315631053874
6614,757,"355242680870,438071472030"
6636,58,321316551291
6638,2630,974609541585
6645,2678,109358135885
7710,2647,971657212338
11060,1585,812649641749
11931,"193,107,108",263940288201
11973,89,175682234295
12024,145,280468269439
6642,2677,849733476327
1717,54,394117657821
6669,1008,616286639596
6621,265,365660435784
6623,774,206778660188
6644,344,801765945254
6626,1234,886093680890
6629,2620,888721759330
6631,2673,221736714783
6632,834,858030157299
6633,674,438071472030
6634,2674,426362434662
6635,2191,858030157299
6639,499,536103849810
6641,145,824142047736
6643,293,756372794491
6646,"2565,2679",438071472030
6656,2682,817434891767
6665,1374,365660435784
6671,435,210733336914
7058,17,"438071472030,929819142165"
6647,226,438071472030
11941,4331,812649641749
12020,490,332049503008
6664,"2685,2686",438071472030
6691,2695,849733476327
6649,2680,996405937084
12066,3,582138190135
6668,26,249593721612
6651,710,"929819142165,616286639596"
6655,2681,438071472030
6658,2684,929819142165
6660,452,140289111734
6663,2306,756372794491
6666,2687,812649641749
6667,2688,249593721612
6672,2337,888721759330
6673,"295,571",245143586034
6676,2689,426362434662
6686,885,929819142165
6697,860,817434891767
6700,"7,571,80",448540462163
6699,1375,888721759330
11946,"323,1035","496854931147,891558330436"
12007,854,396287033930
12059,4367,"172095131804,557097932039"
6695,,175682234295
12101,"729,1510",169201203165
6709,"2699,2700",218093200747
6720,"571,295",812649641749
6680,595,426362434662
6681,"256,2692",756372794491
6683,2694,996405937084
6684,1780,756372794491
6689,250,958249908971
6692,545,706302919753
6696,1131,"783298102704,812649641749,245143586034"
6702,631,563388874988
6704,517,426362434662
6710,1669,888721759330
6716,571,438071472030
6717,"571,68,2044",924489435838
6723,571,756372794491
6730,"571,230",756372794491
11063,508,949538583064
11947,1668,760029738066
12015,2707,"616554609597,616554609597"
12087,980,496854931147
12115,4389,783971242871
11988,173,951313012753
6740,,455989312956
11953,"244,248",922388669862
1716,987,"799443797620,209272630095"
6706,2103,438071472030
6713,1874,517277741262
6718,571,756372794491
6722,571,756372794491
6725,571,756372794491
6727,571,756372794491
6729,247,653936975428
6731,247,245143586034
6733,258,756372794491
6739,"1074,67","929819142165,812649641749"
6743,2657,863699380035
6745,"2705,2706",365660435784
6750,695,438071472030
6756,571,438071472030
6757,2708,756372794491
6758,119,478701691965
7064,566,563388874988
6734,258,756372794491
12039,4358,"914621111859,218093200747"
11950,,210396356827
6738,247,632616090422
6763,147,426362434662
1714,282,"321316551291,604665014408"
6741,"2703,2704","426362434662,448594932067"
6744,1688,365660435784
6746,"695,571",438071472030
6749,66,929819142165
6755,"2074,68","438071472030,263021605118"
6768,2710,658081147494
6771,2712,817434891767
6773,"2714,571,695",438071472030
6778,2717,238042137625
6779,78,"438071472030,438071472030"
6784,1065,"801765945254,715710874160"
6786,2718,812649641749
6788,2719,238042137625
6790,323,812649641749
6791,485,355242680870
6894,2739,438071472030
7073,167,"407445230620,873750467314,172105222291"
7714,461,658081147494
7938,"2977,269",817321833631
7939,3057,739619745461
11065,"261,3993",928449770753
5910,"232,631","396287033930,405513968079,365660435784,869228245033"
6792,2720,
6794,367,929819142165
6798,54,394117657821
6732,"258,571","438071472030,438071472030"
6772,2713,971657212338
6776,2715,996405937084
6777,2716,958249908971
6780,145,475272494144
6783,419,563388874988
6789,545,462346580459
6796,"335,168,329",275600400905
6800,2721,756372794491
6801,251,438071472030
6803,167,245143586034
6808,398,"827772977470,165501917790"
6811,"329,476",488989482109
6812,"67,68","800705054080,288354675743"
6814,258,756372794491
7715,461,658081147494
11066,89,812649641749
12022,499,"812649641749,812649641749"
11977,"4341,117",716282150015
12049,3924,636545644634
12050,916,450900851690
6804,2723,249593721612
6835,181,929819142165
6829,147,558673205516
1723,"826,92",874158820580
6806,167,"639551774688,639551774688"
6815,935,563388874988
6819,1669,"958249908971,888721759330"
6822,95,332049503008
6823,695,438071472030
6824,"839,2726","381678968179,496854931147"
6827,1873,438071472030
6828,2727,438071472030
6832,2729,558673205516
6836,2731,426362434662
6840,695,756372794491
6841,525,924489435838
6842,1532,996405937084
6843,2732,587657647248
7076,49,756372794491
6848,2734,316195095367
6859,"729,1510",339046812284
6861,,658081147494
2317,975,"657730610795,929819142165"
12038,4357,"914621111859,923437623782"
12089,"475,476,329",424901071220
6826,839,563388874988
12102,4181,910103689624
12274,444,"812649641749,812649641749"
6837,485,355242680870
6238,145,"922388669862,407575456169"
6867,"298,1387,2223,1781",618355761471
6838,485,567839591024
6845,2241,210733336914
6847,2733,365660435784
6849,"7,2254","958249908971,381205542744"
6855,461,837136053942
6856,958,801765945254
6858,2729,687229846531
6863,"329,107,108",238042137625
6866,2735,996405937084
12105,164,542654609056
12145,319,812649641749
2323,1266,753128310892
6881,2737,563388874988
6880,470,355242680870
6876,829,837136053942
6882,238,916532885936
12021,"433,847,848",616554609597
6916,757,640284426813
6883,854,"929819142165,197341950772"
6887,261,245143586034
6872,298,175682234295
1790,1015,"929819142165,929819142165"
6885,2738,"817434891767,126580655982"
6889,261,245143586034
6890,"295,1473",756372794491
6891,"295,140",245143586034
7718,2709,971657212338
7717,2709,706302919753
7719,"270,2976,2977,2978",658081147494
7899,3038,478701691965
11068,3994,218093200747
12155,4399,910939354214
6915,757,640284426813
6900,295,756372794491
12048,1447,
6952,,109358135885
6905,147,210733336914
6901,757,563388874988
1741,628,750156468469
6903,885,536320523506
6904,43,760029738066
6908,757,640284426813
6909,2741,536320523506
6910,757,888721759330
6914,793,536320523506
6917,1234,824142047736
6918,"1234,2742",536320523506
6919,1234,210733336914
6921,839,563388874988
6922,757,536320523506
6923,1956,353868443200
6924,793,853065672752
6944,2753,426362434662
6950,2755,238042137625
6953,2756,355242680870
12076,4374,888990630183
6942,"1322,2752",462346580459
6931,2745,849733476327
1747,"729,103",634022492611
11154,,851942807559
6926,334,407445230620
6961,167,639551774688
6979,"481,476,475",140289111734
2425,1318,"144838920781,694195477658"
3790,1044,"969896260093,658081147494"
6929,334,713815986884
6930,2744,817927469568
6934,2747,"159135092439,339931740950,629902110827"
6935,2748,163652477464
6937,2749,126580655982
6941,2751,996405937084
6945,17,800705054080
6946,167,372828469540
6948,1210,565508649176
6949,1695,602884829132
6951,68,210733336914
6954,785,221736714783
6967,2759,694195477658
6971,571,438071472030
6981,2764,245032061699
7720,210,413739000844
6968,2760,817434891767
6987,"283,2766",853065672752
6969,"1044,2106",658081147494
6970,"38,835",426362434662
7001,"1065,456",238042137625
7003,202,372828469540
6972,359,"500357715903,149062085809"
6988,"2767,2768",783298102704
6999,"28,295,17","438071472030,812649641749,783298102704"
6974,2762,971657212338
6958,295,563388874988
6983,26,249593721612
6980,2763,655438819868
6982,29,173975302140
6985,353,"355242680870,381205542744"
6992,2771,438071472030
6993,593,221736714783
6997,1052,618355761471
6998,28,438071472030
7002,2080,438071472030
7004,2775,996405937084
7006,"2527,267",852351726930
7007,"2776,571,2044",438071472030
6995,"2773,2774","994985901817,152142976299"
7721,505,636545644634
12110,400,456004718190
11069,,173975302140
6996,2074,438071472030
7010,1044,658081147494
7029,52,666328158492
7013,"181,2614",703052179864
1772,181,"579377061875,312759452298"
6761,2709,"438071472030,438071472030"
7011,213,971657212338
7016,2778,602884829132
7017,2779,863699380035
7018,267,853065672752
7019,"310,261",411436249746
7022,185,996405937084
7023,"2278,1131","102518202006,758444174081"
7024,2781,"218093200747,758444174081"
7026,"2782,517,2783",426362434662
7027,244,365660435784
7031,2784,563388874988
7059,2790,618355761471
7085,"320,2540",438071472030
7723,2979,964657504129
7724,2980,636545644634
12149,244,521144791562
11070,365,173975302140
7039,"2785,107,108",658081147494
12192,929,575030670508
5574,2349,"858030157299,764118488854,218093200747"
7033,"458,599",268419714215
7051,"729,2614",994985901817
6568,631,"438071472030,769573635661,616554609597"
1771,834,916171106163
7025,2111,355242680870
7028,835,448540462163
7034,49,951313012753
7041,471,658081147494
7042,"570,107,108",658081147494
7043,1726,"717899694521,165501917790,426362434662"
7044,"17,67",783298102704
7046,2786,355242680870
7047,184,"817927469568,801765945254"
7048,234,"365660435784,407445230620"
7049,184,"563388874988,413739000844"
7054,67,812649641749
7056,2787,657730610795
7900,3039,478701691965
7901,555,"478701691965,275600400905"
12164,491,225666126939
5371,,"706986751636,706986751636"
7067,847,658081147494
2596,1125,"959078742794,849733476327,438071472030"
7070,52,706986751636
3825,1480,536320523506
7069,"240,107,108",535497907081
7086,,455989312956
7074,54,639551774688
7083,295,396287033930
7065,67,438071472030
7066,49,563388874988
7068,1739,"996405937084,996405937084"
7071,"258,571,695",438071472030
7075,2791,980857559390
7080,295,756372794491
7084,"507,531",951313012753
7726,345,971657212338
11204,595,500357715903
11496,1809,760029738066
12187,184,175682234295
7110,669,687229846531
12208,175,"812649641749,406194970961"
7088,365,709960603219
7092,1044,"658081147494,824142047736,365660435784"
7096,2942,173975302140
12221,872,498008713486
7089,2792,448540462163
7094,267,173975302140
12355,54,992505173378
7095,31,"858030157299,783298102704"
7099,1842,996405937084
7102,"267,269",812649641749
7103,126,756372794491
7105,953,339046812284
7107,2794,867935070956
7111,2251,"438071472030,438071472030"
7728,2982,"996405937084,996405937084"
7730,446,426362434662
7729,2261,426362434662
7731,2983,462346580459
12265,25,175682234295
12217,"1065,456",112380469661
12278,3998,486438530862
7126,167,776694933307
3882,850,929819142165
12222,,175682234295
7130,"26,2802",249593721612
7119,2798,245032061699
7120,956,694195477658
7123,2799,"996405937084,996405937084"
7124,885,407575456169
7125,2800,536103849810
7127,2801,658081147494
7128,1802,210733336914
7129,2128,756372794491
7132,366,756372794491
7133,2803,769573635661
7135,2804,709960603219
7136,1366,"994985901817,951313012753"
7137,1707,"549265328193,474962259613"
7138,453,123317730197
7139,"2805,2806",117886705769
7140,2807,426362434662
7141,2808,886093680890
12302,4455,"486438530862,758444174081"
12335,"382,125",202863342858
7149,2809,888721759330
7144,1677,138008228727
7157,497,316195095367
7146,575,971657212338
12239,4435,703753739711
7151,1842,996405937084
7152,400,462346580459
7169,507,756372794491
7142,"295,140","123317730197,245143586034,245143586034"
12376,87,616554609597
7150,26,"498927610170,249593721612"
7153,2377,823943248698
7156,2116,316195095367
7160,1215,687229846531
7161,2812,462346580459
7162,507,706302919753
7163,507,756372794491
7170,"507,883",616286639596
11072,234,873750467314
12255,4438,126580655982
12313,196,855190349323
12428,33,645173583380
7175,507,616286639596
12281,4449,703753739711
7172,507,563388874988
7178,2814,706302919753
7179,507,616286639596
7181,126,756372794491
7182,"101,165",756372794491
7185,228,756372794491
7186,2815,812649641749
7191,"2762,2817","426362434662,666167540785"
7192,2818,426362434662
7195,1310,413739000844
7196,523,817434891767
7198,595,261672904480
7205,"337,117",658081147494
7253,295,756372794491
11073,3202,210965998732
11497,4121,408647073007
12411,365,394117657821
7199,1700,175682234295
12334,54,703753739711
7202,2819,849733476327
7245,2830,658081147494
7203,2820,472558623157
7206,301,"123317730197,923041323258"
7207,301,245143586034
7208,169,175682234295
7210,998,812649641749
7213,166,971657212338
7214,2822,462346580459
7216,545,764118488854
7218,545,869955988052
7219,545,971657212338
7221,545,717899694521
7222,545,138008228727
7224,604,764118488854
7242,2829,413739000844
7243,2826,315631053874
7903,3040,769573635661
7241,"1479,283,1480,261,1762,58",658081147494
6936,167,"221736714783,323273455984,821068817689"
7266,,175682234295
568,353,"750156468469,750156468469"
7228,2825,221736714783
7229,1643,756372794491
7230,345,706986751636
7232,71,396287033930
7234,353,706302919753
7235,1134,896894389979
7236,78,261672904480
7238,778,365660435784
7239,2661,438071472030
7240,2828,159135092439
7246,"2831,2832",438071472030
7248,"1933,396",438071472030
7249,595,475272494144
7251,718,974609541585
7254,2834,498927610170
7267,2836,438071472030
7271,2386,"996405937084,996405937084"
7272,"2837,2838,2839",491862046060
7736,2985,426362434662
11075,"7,230",812649641749
7269,2835,916532885936
2329,324,979910711272
2332,1272,"258609519481,756372794491"
7276,"2840,117",438071472030
7259,310,852351726930
11506,4127,996405937084
7261,2751,996405937084
7906,3034,316195095367
7265,2835,849733476327
7289,488,971657212338
7298,841,563388874988
7737,54,394117657821
7268,1949,438071472030
7300,2847,381678968179
7270,2835,849733476327
7277,39,979172156527
7281,1699,355242680870
7292,2846,394117657821
1778,"71,1014",107688298394
7294,244,563388874988
7296,2479,658081147494
7306,"2201,2849",438071472030
7904,365,472558623157
7905,1583,363508735347
7301,2156,872992090369
11528,4134,616554609597
7305,"2848,2364",567839591024
7288,"488,2842,2843,2844",563388874988
11077,"2038,3995",604665014408
3301,710,"536320523506,536320523506,760029738066,245143586034"
12349,4476,703753739711
7323,710,616286639596
7328,2275,739619745461
7322,"710,2852",536320523506
7330,2853,516695344247
12426,298,640284426813
3941,710,"616286639596,616286639596"
7283,167,407575456169
7285,2841,563388874988
7290,"488,2845",971657212338
7291,483,"872992090369,497382152459"
7293,1695,658081147494
7307,841,563388874988
7309,2850,"144838920781,562418724503"
7312,1154,616286639596
7313,2851,356278198299
7317,710,929819142165
7321,710,396287033930
7331,"147,261",438071472030
7332,1432,951313012753
2333,1272,929819142165
7315,710,616286639596
7319,710,616286639596
7360,298,658081147494
7320,710,"616286639596,616040736095"
7353,138,563388874988
1768,26,801346475500
7334,2026,563388874988
7335,2026,869955988052
7338,778,365660435784
7345,74,971657212338
7346,2857,974609541585
7348,709,"448540462163,640284426813"
7349,"571,68,17,28",951313012753
7350,228,924489435838
7354,69,448540462163
7355,223,888721759330
7356,2858,958249908971
7357,2859,812649641749
7358,2860,454324075418
7359,670,563388874988
7361,2861,369511456011
7363,2862,996405937084
7370,"1479,279",658081147494
7364,2863,769573635661
12427,4508,703753739711
12380,2241,172095131804
7367,326,812649641749
12423,"4506,4507",536192518463
7371,2864,462346580459
12404,"863,3",812649641749
7372,196,"438071472030,912717101964"
297,247,"874158820580,916532885936,438071472030,123317730197,245143586034,245143586034,496854931147"
7373,"228,837,838,808,2865,2866,2867","706302919753,929819142165"
1795,69,"230986011321,172095131804,249593721612,218093200747"
7376,2868,563388874988
7380,"2869,28",929819142165
7382,295,438071472030
7386,"471,599",140289111734
7388,"267,1339",853065672752
7403,2868,563388874988
7413,2113,563388874988
12409,476,210396356827
12573,4563,493359161987
7394,2874,394117657821
7907,"3034,107,108",316195095367
7908,54,658081147494
7389,481,812649641749
7420,"2186,908,908",102518202006
7392,"2872,2873",655438819868
7396,"126,571",438071472030
7397,2876,934291818657
7398,"2278,1131","438071472030,694523396358"
7399,353,563388874988
7400,641,934291818657
7401,641,964657504129
7405,497,958249908971
7407,2878,407575456169
7410,247,"438071472030,888990630183,869395596643"
7411,213,971657212338
7414,53,261672904480
7418,593,221736714783
7427,2880,365660435784
7442,301,175682234295
7738,159,396287033930
7909,"3041,3042",257206398811
7910,3041,929819142165
11078,352,919921832270
12455,29,218093200747
7441,1626,165501917790
7416,,172105222291
2338,126,584661223260
7434,"186,255",658081147494
12435,"641,117",563580450746
7409,247,"438071472030,958249908971,357973288236"
7426,295,438071472030
1780,850,"929819142165,929819142165,245032061699"
7429,295,929819142165
7432,295,563388874988
7433,2881,996405937084
7436,2111,958249908971
7438,2883,655438819868
7439,"47,2884,1414",812649641749
7440,247,958249908971
7443,200,951313012753
7448,2886,662106175294
7454,"1074,2887",475272494144
7461,2721,756372794491
7463,2888,951313012753
7465,196,852351726930
7740,353,888721759330
7460,196,"951313012753,316195095367"
12454,"4468,4469",869395596643
7467,2890,872992090369
12664,224,450900851690
12490,"631,256",869395596643
7446,841,567839591024
7444,200,"769573635661,355242680870,169631732730"
7452,444,"355242680870,368390667456"
7453,444,946525509013
7464,2889,717899694521
7466,196,704473490741
7468,196,179161809007
7470,488,563388874988
7471,2891,438071472030
7472,353,888721759330
7474,1561,616286639596
7480,631,563388874988
7485,453,312759452298
7488,1585,824142047736
7493,2896,245032061699
7496,"2158,472",245032061699
7741,353,996405937084
7742,841,"245143586034,666167540785"
11080,1463,892534879101
7475,1523,245143586034
7497,"419,2899",448540462163
12479,356,750156468469
12508,196,165501917790
7487,"488,2893,2894,2895","824142047736,123317730197"
7479,631,756372794491
7518,"2907,300",896894389979
7505,365,438071472030
7483,631,438071472030
7484,2892,756372794491
7492,"433,17",958249908971
7498,2380,245032061699
7499,2900,717899694521
7500,2900,144838920781
7502,2901,852351726930
7503,2101,817434891767
7506,"2902,1119","812649641749,687229846531"
7510,2587,516695344247
7512,"1473,1419,631",438071472030
7519,595,902628186976
7522,571,438071472030
7525,"2908,2909,2910",478701691965
11081,2684,"863329919180,653911562158"
12543,3056,"869395596643,616554609597,616554609597"
2339,126,584661223260
7513,"1818,2430,2904,2905,2906",824142047736
12554,620,213187897294
12592,224,"450900851690,616554609597,616554609597"
12704,"475,476",888990630183
12518,,545559172177
7509,476,478701691965
7514,301,245143586034
7743,2986,687229846531
4238,832,"407575456169,709960603219"
7520,595,662106175294
7524,1704,365660435784
7527,2359,323273455984
7530,146,817434891767
7531,2911,368390667456
7532,2353,438071472030
7537,343,448540462163
7538,2915,849733476327
7546,52,407575456169
7547,364,245143586034
7555,2920,144838920781
7911,"571,17",438071472030
11530,4135,703614684224
2348,"1280,1281",874158820580
12668,"7,1897,695",869395596643
7916,3043,383616851268
12622,82,500357715903
7573,"167,196","407445230620,139103050963"
12599,"1,4570",108235469049
1803,"1023,847,1024",929819142165
7540,1065,849733476327
7541,2916,"438071472030,616554609597"
7542,2917,462346580459
7543,159,"951313012753,923041323258"
7550,468,152461457404
7551,468,869955988052
7554,2919,"114447454905,653911562158"
7560,1863,996405937084
7561,261,290735419117
7568,325,849733476327
7569,89,"812649641749,812649641749"
7570,325,706986751636
7574,"2923,2924",658081147494
7578,642,563388874988
7580,"2923,2924",658081147494
7915,2977,852351726930
11082,282,928449770753
2350,1282,979910711272
12560,4560,"424901071220,424901071220"
7590,2928,658081147494
7601,"2780,117",173975302140
7563,1772,"996405937084,996405937084"
1197,"244,107,108","324684994569,867935070956,872992090369"
7571,"2923,2924",658081147494
7577,2925,563388874988
7579,642,951313012753
7582,"2923,2924",658081147494
7584,2926,462346580459
7591,2929,"823943248698,653911562158"
7594,2932,462346580459
7598,2933,996405937084
7599,"2934,2934",123317730197
7604,2935,739619745461
7605,2936,448594932067
7913,77,563388874988
11084,234,407445230620
11085,281,557448291428
11086,"281,107,108",557448291428
11087,281,557448291428
12600,1665,497893661469
2380,"779,107,108",867935070956
2381,1295,874158820580
7596,318,"951313012753,448594932067"
7597,186,587657647248
7917,"591,3044",563388874988
7616,298,"245143586034,245143586034"
11143,4016,821032141765
1419,33,"874158820580,339046812284,812649641749,406194970961"
7600,256,438071472030
7602,2878,407575456169
7609,"2938,486",321316551291
7610,2939,758372041391
7612,1739,996405937084
7613,295,242725736100
7614,2940,"368390667456,368390667456,172095131804,172095131804"
7615,"247,88",438071472030
7620,566,706302919753
7744,"68,17,67","951313012753,812649641749"
7918,1262,634676158068
7919,571,756372794491
11144,4017,812649641749
12595,"261,58",582138190135
7966,3062,218093200747
7953,1704,365660435784
7951,268,268419714215
11090,"950,335,390",868239522489
11145,3261,219094158633
2875,1498,"140289111734,123317730197,381205542744,394117657821,825147034083"
3902,234,801765945254
4133,167,"407575456169,396287033930,801765945254,817927469568"
7954,1704,365660435784
7957,545,706302919753
7959,"927,3060",368390667456
7963,3061,951313012753
7964,262,"949538583064,949538583064"
7965,"295,494,28",438071472030
7967,1374,365660435784
7968,3063,563388874988
7970,"1736,126","438071472030,756372794491"
7971,"1736,126",438071472030
7972,935,"666167540785,450900851690"
7973,196,702092704484
7974,741,951313012753
11142,3327,149062085809
11146,2750,563580450746
3485,1732,218093200747
7978,2977,852351726930
12612,858,450900851690
11171,4023,604665014408
11159,"4021,117",906787991853
12605,"4405,1695",497893661469
11173,"4024,544","616554609597,616554609597"
11180,4027,604665014408
11091,3998,636545644634
11156,145,"849733476327,195597178821"
11092,3999,636545644634
1806,622,491201620041
1836,181,321316551291
11094,1887,604665014408
11155,4020,851942807559
11157,228,812649641749
11158,139,149062085809
11160,2728,149062085809
11163,2728,703614684224
11164,"2977,3532","405513968079,582138190135,169631732730"
11172,1579,604665014408
11174,"28,295",786816039084
11181,200,498927610170
12616,2116,928487713665
4229,1717,"365660435784,703052179864,980857559390,703052179864"
6661,"130,103","849733476327,639551774688"
7282,233,"221736714783,703614684224"
4250,145,"323273455984,783298102704,872992090369,280468269439,703052179864,424901071220,173975302140"
11095,"4000,117",219094158633
7987,3066,438071472030
7988,1734,964657504129
2999,595,"959078742794,558673205516,500357715903,971657212338,869228245033"
6886,261,"438071472030,951313012753,868239522489"
3188,145,"233015433573,922388669862,405513968079,849733476327"
1576,298,"874158820580,357041318124,245143586034"
7992,353,888721759330
10757,362,221736714783
11101,551,394117657821
11102,"4003,4004",910103689624
11103,4005,381678968179
11104,"4006,117",258810996865
11106,491,910103689624
11107,4008,703614684224
11108,4008,703614684224
11110,800,413739000844
11543,1795,636545644634
10760,"243,2836",812649641749
8007,167,873750467314
12621,,172095131804
1810,"687,688,1014,1027","783298102704,616554609597"
2147,196,"489816938483,658081147494,396287033930,516695344247"
7989,3067,996405937084
3800,1824,144838920781
5386,2294,"218093200747,604665014408"
7993,1137,"409371505827,368390667456,450900851690"
7995,234,852351726930
7996,3068,678153454676
7997,3069,126580655982
7998,234,"407445230620,372828469540"
8000,"68,126,17,230","106063004519,616554609597,136486185997"
8001,3070,"666167540785,666167540785"
8002,"3071,3072,3073",106063004519
8004,542,355242680870
8005,3074,245032061699
8016,3029,996405937084
8026,2457,383616851268
10758,3361,946525509013
10759,3900,964657504129
11555,"80,3858,89",408647073007
11556,163,408647073007
8033,485,368390667456
12678,197,374567855663
8037,2846,394117657821
1852,7,783298102704
10761,3776,616554609597
7462,525,"769573635661,951313012753"
8015,675,817434891767
8018,3078,971657212338
8019,"3078,125",245032061699
8021,3078,245032061699
8024,"44,3079",280468269439
8025,184,245032061699
8027,2158,769573635661
8028,"1787,3080",363508735347
8029,2046,"951313012753,951313012753"
8030,525,769573635661
8031,2046,413739000844
8036,2075,245032061699
8039,1374,916532885936
8041,3083,636545644634
8045,1388,"567839591024,261672904480"
11567,"335,641","172105222291,136486185997"
7077,986,756372794491
8043,675,706302919753
8038,568,394117657821
11148,4018,616286639596
8048,247,"438071472030,444873390371"
8049,3084,280468269439
4257,975,"929819142165,764118488854,888721759330,225297020098,923485882084"
2880,54,"579377061875,438071472030,424901071220"
4278,674,"172095131804,812649641749,964657504129,172095131804"
1157,196,"874158820580,743946338402,438071472030,951313012753"
1433,329,"296272052435,716282150015"
6121,247,"964657504129,245143586034,868239522489"
8050,3085,355242680870
8052,234,"407445230620,309842505795"
8053,631,438071472030
8055,3086,812649641749
8057,3087,"381205542744,658197689408"
8065,975,971657212338
8068,"2074,165",812649641749
8072,571,634676158068
10762,329,812649641749
11147,1215,812649641749
11569,308,658197689408
10767,"2920,2920",851942807559
8058,"481,482",631346754147
2441,282,"632667648014,959078742794,764118488854,218093200747"
8079,"2388,3091,3092,3093,1247,633,3094",645785362450
7078,986,706302919753
8061,975,971657212338
173,163,"801392618851,145507500900,363508735347"
8066,54,438071472030
12670,261,616040736095
10765,87,"616554609597,616554609597,616554609597,424901071220,424901071220,616554609597,616554609597"
8062,975,245032061699
8063,975,245032061699
8067,906,702092704484
8070,75,"666167540785,562418724503,666167540785"
8071,3089,315631053874
8080,"2238,571",438071472030
8091,365,245032061699
8093,446,812649641749
8092,225,413739000844
8095,"446,636",756372794491
10763,139,149062085809
8075,215,591971526382
12665,"2977,269,4588,4589",210396356827
12851,"729,2550,108","210396356827,731059186891"
2387,1299,979910711272
7781,2386,"996405937084,996405937084,996405937084"
6195,54,"488989482109,394117657821"
8100,"560,3098,560",173975302140
8103,3099,904324119139
8077,3090,315631053874
5954,885,"713815986884,666167540785,582138190135,629902110827"
8078,75,951313012753
8081,"1062,125",245032061699
8083,3095,163652477464
8084,3096,824142047736
8085,3096,964657504129
8088,445,764118488854
8089,3029,996405937084
8090,571,"438071472030,288354675743"
8094,446,706302919753
8105,3100,994985901817
8110,485,764118488854
8117,1607,"716282150015,716282150015,716282150015"
10768,47,604665014408
8106,778,844849809695
12706,4602,587921422357
8099,344,852351726930
8119,3107,238042137625
2349,1008,"407575456169,448540462163,169631732730"
8137,"2320,3112,2321",123317730197
7081,295,756372794491
8098,3097,756372794491
8118,186,"951313012753,951313012753"
1829,1031,821032141765
2646,1411,"929819142165,929819142165"
8101,497,994985901817
8111,3104,138008228727
8113,"1936,1952,17",438071472030
8114,3105,849733476327
8125,2199,951313012753
8127,3109,756372794491
8129,183,929819142165
8139,1772,996405937084
10769,278,812649641749
10770,3901,673206676880
12736,"419,4612",557097932039
12904,109,"949538583064,653911562158"
4019,365,"245032061699,438071472030,825147034083,703052179864,867935070956,394117657821,497893661469"
12797,"841,365,181,234,4631,344,4632","218093200747,716282150015"
7090,636,756372794491
8123,710,616286639596
8124,3029,996405937084
8126,3108,409371505827
8150,2415,716282150015
8131,2946,438071472030
8017,3078,"245032061699,462346580459,368390667456"
8135,710,410040702296
8138,3113,634676158068
8147,3116,242725736100
8149,3078,869955988052
8153,710,852351726930
8155,710,280468269439
8156,196,"702092704484,208149793229"
8157,2878,106063004519
10771,2114,851942807559
12701,"687,688",812649641749
12781,261,113340019300
8143,269,934291818657
8184,555,472558623157
500,384,"750156468469,472558623157,173975302140"
1552,916,"491201620041,516695344247,902628186976"
1796,651,"107688298394,165501917790"
1828,834,140289111734
8152,3117,739619745461
8154,2266,869228245033
8158,710,280468269439
8159,710,"929819142165,263021605118"
8160,"67,68",438071472030
8161,234,407445230620
8163,41,666328158492
8165,2917,165501917790
8172,"3119,3120",438071472030
8179,481,951313012753
8181,1820,964657504129
8183,1772,"996405937084,996405937084,996405937084"
8182,"401,3123",210965998732
8185,"679,126",321316551291
8186,200,438071472030
10772,2302,863329919180
12702,351,430020105059
8169,2400,949538583064
8205,,716282150015
8170,2400,949538583064
8196,"1460,2550,108",656985579957
10776,1626,849733476327
8175,3121,"257206398811,563580450746,923485882084"
1192,"388,389","874158820580,123317730197"
1202,"571,68","874158820580,368390667456"
1501,507,"874158820580,756372794491,396287033930,497893661469,497382152459"
8176,1700,812649641749
8180,3122,769573635661
8187,"798,125",245032061699
8194,300,656985579957
8195,"2565,2679",123317730197
8198,"126,571",438071472030
8200,52,904324119139
8201,3029,996405937084
8204,228,634676158068
10774,3902,431718982646
10775,"2907,3391",431718982646
12766,4622,113340019300
12803,4635,616554609597
12832,267,497382152459
8208,556,312759452298
2396,28,584661223260
8215,3124,511983294691
12847,"3558,4647,2620",383092039780
8210,1447,312759452298
8212,886,666167540785
8214,636,634676158068
8216,"7,3125",242725736100
2882,301,"836928405393,709960603219"
8218,"126,571",438071472030
8219,3126,716282150015
8220,3127,381205542744
8221,3128,381205542744
8222,1090,596020596118
8224,965,756372794491
8225,455,"126580655982,847622667552"
8226,1888,869228245033
8228,636,756372794491
10773,602,"949538583064,450900851690,277883390501"
10778,1067,812649641749
10777,1375,812649641749
12759,"186,1893",139103050963
8249,"218,3134",394117657821
8256,,644081273478
8229,4753,562418724503
12768,4623,689317362970
8239,89,636545644634
1842,1038,"874158820580,874158820580,812649641749"
5318,233,"974609541585,706302919753,863329919180"
5619,65,"426362434662,381205542744"
8230,3129,175339198285
8231,"3130,3131",634676158068
8237,359,666167540785
8241,"3133,2321",123317730197
8242,2415,769573635661
8243,953,413739000844
8244,507,825147034083
8246,2337,"210965998732,368390667456"
8245,2729,849733476327
8248,584,812649641749
8251,65,126580655982
8252,3136,126580655982
8253,3136,"175682234295,396287033930"
8254,3137,175682234295
8255,"609,2238",438071472030
8258,3138,368390667456
10779,1480,540859075517
12922,418,383092039780
7032,65,"545559172177,381205542744"
4525,511,"971657212338,448540462163"
12782,1418,394117657821
5874,571,"756372794491,438071472030"
8282,3144,618355761471
7576,65,"462346580459,381205542744,563580450746,563580450746"
3771,224,"812649641749,563388874988"
1843,485,"703052179864,951313012753,407575456169"
8257,224,"239675946514,126580655982"
8260,3139,355242680870
8262,511,769573635661
8264,798,769573635661
8265,49,245143586034
8267,3140,739619745461
8268,"3141,17,435",438071472030
8269,"798,125",245032061699
8270,3142,245032061699
8273,3040,122678901963
8275,3143,368390667456
8276,2828,238042137625
8277,2828,238042137625
8281,1868,165501917790
8283,3145,122678901963
10780,1665,245143586034
12710,3921,209272630095
7097,31,"800705054080,245143586034"
8285,224,735612117095
5325,556,"858030157299,849733476327,951313012753"
8288,636,924489435838
8290,"68,636,436",924489435838
8278,87,"312759452298,951313012753"
10783,26,604665014408
456,359,"750156468469,323273455984,951313012753,365660435784,200855216135,684994665097"
1457,196,"817321833631,438071472030"
8292,3148,122678901963
8293,3149,218093200747
8295,1988,462346580459
8294,"1266,3150",858030157299
8296,1988,368390667456
8303,3151,426362434662
8314,3154,381205542744
8318,"571,126",438071472030
10781,228,929819142165
10782,"462,58",604665014408
10784,858,604665014408
12809,"200,107,108",169631732730
1376,834,"804121600141,666167540785"
3207,244,"994134463251,245032061699"
8343,3165,312759452298
8164,398,"165501917790,122678901963,165501917790,210965998732"
1015,181,"394117657821,867935070956"
1439,224,"874158820580,666167540785,666167540785"
8297,674,"126580655982,225666126939"
8298,755,666167540785
8302,571,634676158068
8305,3152,165501917790
8308,1695,"929819142165,951313012753,852351726930"
8309,"126,571",438071472030
8313,262,245032061699
8315,3155,812649641749
8316,403,"817434891767,381205542744"
8317,3156,312759452298
8321,208,951313012753
8320,208,396287033930
8322,61,355242680870
8325,"824,80",218093200747
8327,2601,426362434662
8328,262,"716282150015,245032061699"
8340,3162,238042137625
8330,,591971526382
8337,2950,994985901817
2208,1215,"804121600141,462346580459"
8350,,716282150015
8357,145,567839591024
3896,261,971657212338
8326,485,869228245033
8331,2930,413739000844
8332,147,964657504129
8333,1234,616286639596
8335,953,409371505827
8339,262,888721759330
8342,3164,312759452298
8344,3166,250338844269
8345,3167,844849809695
8353,"2340,2341,2342",438071472030
8358,525,312759452298
8360,1561,"756372794491,616286639596"
8362,1437,"823943248698,348461817543"
8363,3160,312759452298
8383,382,536103849810
8384,3182,"426362434662,426362434662"
8385,3182,426362434662
8386,3183,426362434662
8387,3184,426362434662
10785,"3903,196",867935070956
8352,3169,"817434891767,706302919753"
8324,"3158,3159","849733476327,849733476327,849733476327"
8347,1609,500357715903
8374,1690,801765945254
8364,1484,849733476327
8349,3166,764118488854
6172,138,"706302919753,368390667456"
7459,144,"888721759330,462346580459,323273455984"
8359,3172,929819142165
8368,3175,666167540785
8373,"1109,1110",800705054080
8379,"3180,256",438071472030
8380,3181,221506088805
8381,270,812649641749
8382,2116,122678901963
8388,"930,251",426362434662
8389,3185,849733476327
8391,935,409371505827
8392,1065,801765945254
10786,3904,680101439838
10788,2171,863329919180
12854,269,497893661469
5717,1191,"858030157299,123317730197"
7745,2987,"175682234295,924489435838"
8400,,980857559390
8414,3191,258810996865
8410,3190,716282150015
8399,,873750467314
1857,"1047,1048",874158820580
8375,"80,256","438071472030,616554609597"
8395,1771,996405937084
8396,225,769573635661
8398,225,245032061699
8403,935,"666167540785,666167540785"
8404,1418,372828469540
8405,935,"175339198285,175339198285"
8406,3188,438071472030
8407,935,812649641749
8409,710,396287033930
8411,353,706302919753
8413,495,162342107260
8415,3192,636545644634
8416,196,873750467314
8417,"3193,3194",245032061699
10790,"3906,113,3907",245032061699
10791,3908,636545644634
11579,4162,"910103689624,172095131804"
12853,4650,497893661469
2400,1303,"140289111734,783298102704,687229846531"
8408,3189,"924489435838,612248565815"
12880,471,169631732730
8422,,261489253458
921,563,"542654609056,130713082052,716282150015"
8418,184,123317730197
8421,2415,"662106175294,396287033930"
8424,395,869955988052
8425,395,368390667456
8426,"557,3196",462346580459
8427,"950,641,1035","812649641749,812649641749"
8429,"990,390",321316551291
8431,224,355242680870
8433,2707,312759452298
8435,52,396287033930
8436,3198,680101439838
8437,"261,3199",703052179864
8439,342,"315631053874,315631053874"
8440,3200,126580655982
8441,3201,"666167540785,896894389979"
8442,"267,269",321316551291
10792,3909,964657504129
11582,29,159135092439
2401,223,509760591885
8445,,357041318124
8520,,251842831578
8454,3204,951313012753
2411,1310,"911593860202,823943248698"
8461,167,"776694933307,210965998732,394117657821"
8450,"145,3203",974609541585
8444,748,706986751636
1092,303,"874158820580,312759452298"
8446,"68,17",368390667456
8447,1117,951313012753
8456,196,704473490741
8457,3205,611579459375
8458,1215,"687229846531,666167540785"
8459,3206,817434891767
8463,1337,"616554609597,616554609597,623298421159"
8465,2778,442640095315
8466,33,321316551291
8472,3208,413739000844
10794,1480,928449770753
10795,2777,783298102704
10796,"1328,3858",812649641749
10797,"2977,269",812649641749
11587,4166,575030670508
8489,882,"869228245033,869228245033"
8480,3275,616286639596
8481,"1695,117",173975302140
2384,885,"584661223260,500357715903,666167540785,666167540785,531869172519"
7098,31,261672904480
8474,488,716282150015
8517,3225,636545644634
10798,603,426362434662
6367,2581,"812649641749,812649641749"
8475,2597,122678901963
8477,2415,666167540785
8479,"295,848",616554609597
8484,3210,238042137625
8482,"3209,530",565508649176
8486,636,"634676158068,634676158068"
8487,52,396287033930
8491,3212,"123317730197,245143586034"
8493,"184,3214,2698",122678901963
8504,"1339,3218",852351726930
8510,"3220,3221,1247",140289111734
8512,1671,"438071472030,313128132368"
8518,123,159629580691
11599,975,426362434662
8500,488,994985901817
2417,1314,277883390501
8509,2809,666167540785
2428,18,"542654609056,448540462163,756372794491"
8498,1695,"760029738066,666167540785"
8501,247,396287033930
8507,298,"210965998732,210965998732"
8508,298,210965998732
8503,1669,888721759330
1018,660,"140289111734,123317730197"
8506,3219,381205542744
8505,343,409371505827
8511,3222,438071472030
8514,303,438071472030
8515,3224,438071472030
8519,95,"760029738066,653911562158"
8523,2671,"996405937084,996405937084"
8531,"3231,290",123317730197
8535,1478,951313012753
8544,3232,"368390667456,929819142165"
8545,868,666167540785
8546,3234,666167540785
10799,92,812649641749
11610,488,408647073007
2898,571,130713082052
3801,1825,971657212338
7101,1234,"407445230620,951313012753"
8521,3226,312759452298
8526,"3228,3229",438071472030
8527,2565,396287033930
8529,1695,760029738066
8530,3230,122678901963
8534,3232,769573635661
8540,2266,869228245033
8541,3233,368390667456
8542,2881,996405937084
8558,282,438071472030
8559,3239,257206398811
8561,342,315631053874
8563,342,315631053874
8564,342,315631053874
8565,342,"315631053874,202863342858"
8566,342,315631053874
8567,342,315631053874
8568,342,315631053874
8570,2415,666167540785
10801,679,616554609597
3810,213,958249908971
12909,856,486438530862
12934,382,450900851690
1865,1052,632667648014
8549,"3236,117",618355761471
11114,"1039,4010",432324537845
8550,3237,739619745461
12933,145,"616040736095,951313012753"
313,225,"509760591885,929819142165,448540462163"
1405,213,"929819142165,929819142165"
8551,"1695,216",760029738066
8560,342,315631053874
8569,"147,3240,1100,1085",631346754147
8571,"3241,3242","666167540785,673206676880"
8576,234,"407445230620,639551774688"
8578,"2189,2190","783298102704,645785362450"
8579,3245,"666167540785,666167540785,666167540785,399854590127"
8581,3247,616554609597
8580,3246,563388874988
8582,224,"706302919753,706302919753"
8583,3248,312759452298
8584,3222,438071472030
8585,2184,438071472030
8587,353,666167540785
8592,3249,563388874988
12932,4671,897518643733
8589,730,888721759330
3795,184,"964657504129,245032061699,680101439838"
8597,1447,312759452298
3885,850,"144838920781,323273455984"
8616,186,"355242680870,396287033930"
8604,181,"680101439838,992505173378"
8603,181,704473490741
1870,622,491201620041
3917,130,971657212338
8599,2698,245032061699
8605,351,750156468469
8606,200,769573635661
8607,677,823943248698
8610,3250,426362434662
8611,"3251,3231,372,3252",123317730197
8612,2323,368390667456
8613,2274,"616554609597,616554609597"
8614,3253,312759452298
8615,"2143,67",263021605118
8625,267,312759452298
8627,3255,605301471334
10802,"1603,117",616554609597
10803,508,949538583064
3369,507,"929819142165,951313012753"
8643,3259,438071472030
8632,453,312759452298
8626,2671,996405937084
591,"430,431","270247321047,867935070956"
1867,1053,270247321047
8628,1388,"919921832270,165501917790"
8629,2013,812649641749
8631,"1665,747,3257",631346754147
8634,1607,409371505827
8635,1447,312759452298
8639,"323,1907",173975302140
8640,"267,282",951313012753
8641,3258,426362434662
8642,78,438071472030
8644,3260,"636545644634,951313012753,566789475601,923485882084"
8645,1727,218093200747
8653,3263,218093200747
8654,"622,3264,3265",716282150015
8657,276,144838920781
8665,270,491201620041
8668,3272,616554609597
12952,213,897518643733
8646,3261,312759452298
8652,1484,312759452298
8664,75,928104352141
8669,,636545644634
3379,75,869955988052
8649,167,396287033930
8329,3160,"312759452298,812649641749"
6257,145,"922388669862,873750467314"
77,78,"874158820580,716282150015"
1871,234,579377061875
8648,3262,769573635661
8658,1447,951313012753
8659,591,396287033930
8661,3271,163652477464
8662,2917,739619745461
8666,3103,210965998732
8667,3103,"769573635661,430020105059"
8671,2657,618355761471
8678,25,858030157299
8680,1717,257206398811
8686,1810,368390667456
8690,"964,117",173975302140
8696,1447,312759452298
8682,3276,312759452298
12960,"390,335,329,4676",210396356827
8688,"78,3277",565706414836
8691,181,562418724503
12971,2211,703614684224
13078,2977,582138190135
8698,,210965998732
8697,167,"396287033930,198947507883"
8673,"3041,3042",215997887587
8674,2657,801765945254
8677,3275,413739000844
8679,1717,462346580459
8681,"186,550",545559172177
8685,1699,210965998732
8687,1523,121852315273
8689,3278,312759452298
8695,"755,916",245143586034
8699,3280,824142047736
8705,3248,312759452298
8706,"1354,1355","616554609597,616554609597,616554609597"
8712,718,563388874988
8714,3283,849733476327
8716,3192,636545644634
8721,244,563388874988
8724,"3285,2453",438071472030
8725,3286,122678901963
10806,1005,812649641749
8713,1447,312759452298
12962,"267,269",467506873802
12988,488,812649641749
8739,196,"121852315273,332049503008,218873368151"
12970,"244,248,4677",869395596643
4100,230,"756372794491,756372794491"
8700,282,"365660435784,275600400905"
8735,"3290,599",383616851268
8747,,312759452298
8730,3259,165501917790
8704,3282,312759452298
8741,3293,284356751435
8733,"147,1647","680101439838,951313012753"
8709,245,"521144791562,758444174081"
1667,488,"221587201648,121852315273"
1878,1056,"911593860202,426362434662,426362434662,448594932067"
8711,223,924489435838
8717,1887,312759452298
8718,1972,916532885936
8722,446,396287033930
8723,841,888721759330
8727,3287,438071472030
8728,1090,639551774688
8738,3064,368390667456
8744,3297,996405937084
8745,38,126580655982
8749,1447,312759452298
13042,1137,703614684224
13045,1650,616554609597
8737,3292,616286639596
8742,"184,365,184,202,676,556,365,3294",869228245033
8764,,616554609597
8775,3306,312759452298
8729,3288,179161809007
8771,54,616554609597
8734,"571,68",263021605118
8746,289,873750467314
8748,3230,"121852315273,876678666189"
8750,496,869228245033
8753,1658,"666167540785,666167540785,126580655982"
8755,1932,951313012753
8756,3298,817434891767
8758,964,951313012753
8759,"182,850",123317730197
8760,1907,964657504129
8763,834,760029738066
8767,3302,368390667456
8768,3303,801765945254
8773,3305,666167540785
8774,276,706986751636
8779,965,"563388874988,245143586034"
8769,3304,680101439838
12990,2728,149062085809
13056,4641,703753739711
8762,3299,964657504129
8765,3300,462346580459
8777,3308,692836399858
8780,3310,"867935070956,173975302140"
8781,3311,566789475601
8782,"1984,107,108",616554609597
8784,3312,261672904480
8785,"1665,1666",325576598738
8788,240,951313012753
8790,3313,769573635661
8791,3314,123317730197
8792,3103,666167540785
8793,2488,502231921744
8794,3315,122678901963
8799,1065,824142047736
8800,3248,312759452298
8801,3317,964657504129
8802,"1065,117",616040736095
8805,3318,616554609597
8806,953,409371505827
8807,"641,482",536320523506
8808,3319,312759452298
13010,"476,477",616040736095
13018,"4687,4688,4689,4690,4691",208149793229
13112,"256,3515",629902110827
8821,3325,312759452298
7812,3010,"438071472030,426362434662"
8261,238,"812649641749,964657504129"
12995,196,760121517727
8812,3322,567839591024
1884,234,"321316551291,309842505795"
8797,3316,896894389979
8803,1065,407445230620
8809,3320,369511456011
8811,462,475272494144
8814,234,396287033930
8816,"1826,117",616040736095
8817,1826,801765945254
8818,1826,407445230620
8819,"270,3323",812649641749
8820,3324,616554609597
8822,3326,312759452298
8824,1826,372828469540
8828,906,121852315273
8829,3327,245032061699
8830,906,312759452298
8832,1772,996405937084
10808,453,604665014408
11618,517,424901071220
7486,511,"756372794491,245143586034,863329919180"
13120,1131,357973288236
13147,2562,258336717287
8839,1888,869228245033
8841,234,284356751435
1007,655,"270247321047,961890638160,849733476327"
8844,1579,616554609597
11115,3523,812649641749
8845,,312759452298
10989,"181,234","309842505795,801765945254"
8826,276,462346580459
711,496,"874158820580,812649641749"
8833,"482,282","951313012753,604665014408"
8834,2676,764118488854
8842,496,869228245033
8843,3320,369511456011
8846,359,500357715903
8847,935,666167540785
8848,2075,126580655982
8850,3329,126580655982
8852,3331,126580655982
8854,1569,175682234295
10809,965,426362434662
2730,1008,"491201620041,888721759330,448540462163,497893661469"
4681,1008,"852351726930,888721759330,616286639596"
8865,3336,616554609597
8798,1695,"858030157299,173975302140"
8855,"847,3332",922388669862
8867,3337,"396287033930,700584410923,569192161008,727585210920"
8869,"1883,271",536320523506
8887,181,312759452298
8878,3342,312759452298
1895,244,"867935070956,892534879101"
1924,1075,270247321047
8859,3333,502231921744
8861,3335,823943248698
8862,2362,627759337467
8866,169,381205542744
8868,271,709960603219
8870,3338,687229846531
8872,2967,130713082052
8873,3339,245032061699
8884,3345,716282150015
10811,57,315631053874
10812,342,315631053874
10813,268,812649641749
10814,779,616554609597
3413,1699,"144838920781,247037694794,823943248698,653911562158,653911562158"
13077,"2977,3532",587921422357
8893,2744,312759452298
8883,3344,716282150015
8917,1764,312759452298
8577,247,"616554609597,616554609597,928449770753,616554609597,616554609597,496854931147,616554609597,616554609597,616554609597,616554609597,444873390371"
8874,213,589867706993
8913,2020,716282150015
8914,,716282150015
8916,1484,312759452298
8918,344,312759452298
13071,263,694523396358
13055,"147,1647",467506873802
7734,1699,"563388874988,944365330747,357700371135"
8876,3341,456718678455
1886,"1059,107,108",867935070956
8877,3341,239675946514
8879,1151,368390667456
8882,1519,407575456169
8881,3343,739619745461
8888,1699,944365330747
8889,57,964657504129
8890,3346,"218093200747,245143586034"
8891,1310,413739000844
8901,3320,369511456011
8909,"3350,3351",739619745461
13069,168,467506873802
8906,"473,1875",438071472030
8907,999,"312759452298,616554609597"
13127,1752,957069255365
8912,3352,312759452298
8915,"3353,1510",165501917790
8925,,616554609597
8929,181,312759452298
8910,"145,2550,108",616040736095
8905,"145,117",179161809007
8895,3347,817434891767
8900,200,636545644634
8904,1447,312759452298
8911,382,126580655982
8920,130,126580655982
8921,1588,381205542744
8923,3355,531129283270
8927,3358,869955988052
8936,3360,426362434662
8939,1328,381205542744
10816,3910,863329919180
10817,3911,951313012753
10819,146,863329919180
10818,3912,849733476327
13098,184,694523396358
13158,1762,653911562158
10821,282,983284072313
8938,3361,706302919753
8954,3370,716282150015
10822,"631,1027",616554609597
1892,1061,"979910711272,979910711272"
8926,3357,368390667456
8932,448,355242680870
8934,3359,126580655982
8940,"3362,53",381205542744
8941,1119,706986751636
8942,"3313,3363",567839591024
8944,1447,312759452298
8946,567,616554609597
8950,"1992,3367,3368",929819142165
8951,"1558,1695",251842831578
8952,3369,502231921744
8953,1669,888721759330
8958,1006,756372794491
8959,841,355242680870
11117,261,390467359333
11118,4012,863329919180
11621,1809,996405937084
8965,,616554609597
13228,1065,758444174081
8957,"3372,3373",407575456169
13272,54,873750467314
8985,3379,218093200747
8987,"858,3380,3381",812649641749
8997,3384,616554609597
8972,,"616554609597,616554609597"
8961,164,869228245033
8949,"87,349",616554609597
8962,3374,126580655982
8963,17,396287033930
8964,1494,126580655982
8968,"44,45,46","245143586034,195597178821"
8969,3248,312759452298
8971,3376,817434891767
8974,"244,248","812649641749,758444174081"
8978,89,812649641749
8984,3249,563388874988
8991,3382,823943248698
8994,3382,144838920781
8995,3382,"764118488854,159790379354"
8996,3383,355242680870
12275,2400,"890294665745,467506873802"
8976,"3018,1661",456718678455
9003,,312759452298
9021,1523,604665014408
9022,,616554609597
9020,"181,597,598",604665014408
9019,3031,413739000844
8975,3248,312759452298
8980,"580,3377",868239522489
8981,3378,"616554609597,616554609597"
8992,2523,545559172177
8998,1780,739619745461
8999,3385,407575456169
9001,3386,126580655982
9002,207,896270580909
9005,551,616554609597
9006,3387,312759452298
9008,224,368390667456
9012,403,312759452298
9013,531,396287033930
9014,2079,275983206365
9017,267,173975302140
9023,2826,315631053874
9024,3390,312759452298
9987,168,"923437623782,812649641749"
10826,3838,949538583064
1893,186,394117657821
9038,3395,426362434662
13126,"247,4710",629902110827
9030,196,873750467314
9011,234,210965998732
13152,471,582138190135
13171,2977,582138190135
13179,1374,812649641749
9025,3391,210396356827
9027,365,165501917790
9033,3393,426362434662
9032,485,680101439838
9034,724,426362434662
9035,3394,996405937084
9036,3395,426362434662
9037,3395,426362434662
9041,126,756372794491
9042,126,756372794491
9046,28,756372794491
9047,28,924489435838
9048,28,756372794491
9050,28,756372794491
10824,"228,883",812649641749
10825,482,616554609597
11120,239,202243584162
13173,488,812649641749
13313,186,784039337987
13382,"323,1381",569192161008
1894,"335,958,329",867935070956
13295,4764,758444174081
9079,,716282150015
9073,167,"616554609597,616554609597,616554609597,703052179864"
9075,181,165501917790
9078,3400,616554609597
9072,,173975302140
9076,167,"323273455984,394117657821"
10829,,395780866633
9068,3399,165501917790
9062,365,407445230620
9051,28,888721759330
9052,885,666167540785
9061,814,123317730197
9063,3397,"245143586034,128989895054"
9064,2415,"869228245033,122678901963,653911562158"
9065,698,616554609597
9066,858,355242680870
9067,3398,756372794491
9071,"2662,117","173975302140,555149988249"
9077,1234,824142047736
11635,283,713815986884
13201,4731,758444174081
13209,"3739,854",557097932039
3748,398,"680101439838,951313012753,951313012753"
9085,181,165501917790
9106,"473,1875",616554609597
9090,193,316195095367
9100,398,706302919753
3906,1850,323273455984
9080,850,"769573635661,245032061699"
9094,167,634676158068
7340,2855,"426362434662,426362434662"
9069,1695,666167540785
9087,3403,426362434662
9088,3404,426362434662
9089,3405,426362434662
9092,1257,396287033930
9091,882,562418724503
9093,3406,817434891767
9095,"1304,1305",869228245033
9097,398,823943248698
9099,398,210733336914
9101,398,165501917790
9103,"398,3409",165501917790
10830,"723,372,3252",868239522489
9114,,883913356047
11639,1370,"703614684224,653911562158"
9127,"1570,456",383616851268
9132,,883913356047
9119,2503,409371505827
11121,"927,462,270,4013,1504",835487103963
9115,"597,2558",883913356047
9116,3413,312759452298
9120,452,179161809007
10831,184,472558623157
9140,,407575456169
9108,167,"475272494144,394117657821"
9110,3398,869228245033
9113,2208,261672904480
9112,"3411,3412",739619745461
9123,887,126580655982
9124,"3415,3416",531129283270
9126,3417,165501917790
9128,798,562580531983
9130,747,964657504129
9131,"950,641",812649641749
9133,"595,1825",250338844269
9134,2737,687229846531
9135,"3251,3418",175682234295
9144,356,239675946514
9149,234,210965998732
9151,545,126580655982
9154,,883913356047
13177,323,321316551291
13203,885,199690026142
9162,2891,823943248698
11150,4019,149062085809
13222,4737,758444174081
9189,1887,567839591024
6341,353,"996405937084,368390667456,812649641749"
9098,1930,"996405937084,996405937084"
9139,927,175339198285
9142,224,760029738066
9143,356,563388874988
9145,"768,599",636545644634
9146,"3419,117",502231921744
9147,1602,883913356047
9148,234,801765945254
9150,351,126580655982
9153,461,312759452298
9155,1002,456718678455
9157,3420,769573635661
9160,3341,261672904480
9163,182,"257206398811,113340019300,500357715903"
9164,2384,869228245033
9172,3425,218093200747
13232,885,"680101439838,616286639596,313128132368"
9165,"372,3252",914879674634
9169,,883913356047
9170,"295,848",616554609597
9173,184,245032061699
13229,3248,604665014408
9171,3377,126580655982
13328,3779,569192161008
9175,551,883913356047
9198,2938,233015433573
9181,3428,849733476327
9207,298,"210965998732,210965998732"
9182,3429,122678901963
9177,26,716282150015
863,584,"896894389979,662106175294,407208648421"
1914,"527,528,482,335",321316551291
9183,"3049,3050",368390667456
9184,3382,284356751435
9185,1065,309842505795
9186,"3049,3050",869955988052
9187,1065,801765945254
9188,"28,3430",756372794491
9190,584,764118488854
9196,760,407575456169
9200,"1153,25",123317730197
2703,234,"734535702313,951313012753,910900978473"
11644,1253,616554609597
13285,"1221,475",497893661469
9194,227,951313012753
6498,2621,"498927610170,666167540785"
9191,584,"245143586034,996405937084"
13294,,623298421159
9199,3432,426362434662
9206,298,210965998732
9202,3433,488989482109
9204,"481,3434,475",140289111734
9210,298,245143586034
9211,298,210965998732
9212,469,"442640095315,123317730197,961890638160"
1875,310,"874158820580,812649641749"
9205,3435,863329919180
9220,1833,951313012753
9225,"270,3439,1298",812649641749
9224,3438,381205542744
9229,2360,662393477692
9233,"3441,3442",869228245033
9236,105,612248565815
10832,3914,636545644634
9240,834,128533184648
9215,2334,126580655982
13261,4750,488989482109
13273,4754,869395596643
13252,4746,758444174081
9248,,497241615065
1925,760,867935070956
9218,200,563388874988
9266,3452,456718678455
13281,196,731059186891
9243,200,706302919753
9265,181,165501917790
9219,1930,996405937084
9221,586,812649641749
9227,3440,817434891767
9228,184,"896894389979,368390667456"
9231,850,924489435838
9232,850,152461457404
9234,636,634676158068
9239,261,140289111734
9249,"3313,3447",869955988052
9250,1717,567839591024
9252,3382,368390667456
9253,"244,3448",245032061699
9263,3451,210965998732
9264,"841,485",313128132368
9267,1607,969896260093
13336,575,225666126939
9269,3453,801765945254
9277,,165501917790
5327,648,"536103849810,334291829935"
9244,167,245032061699
8428,2938,"321316551291,821068817689"
9294,"3459,964",616554609597
9288,3458,448594932067
9272,3454,121852315273
9259,54,"368390667456,407575456169"
9251,54,563388874988
8636,181,"873750467314,687229846531,309842505795"
10833,"147,168",928449770753
9260,276,769573635661
8960,200,"823943248698,605301471334"
9245,276,869955988052
9258,1148,126580655982
9257,3450,823943248698
9261,276,413739000844
9262,850,313128132368
9268,1447,812649641749
9278,3456,812649641749
9281,"68,17,3254,67",472558623157
9284,"462,282",914879674634
9292,134,313128132368
2904,1504,542654609056
13355,"4278,107,108",863329919180
13409,4811,407208648421
9304,167,"873750467314,396287033930"
9274,942,165501917790
9317,"3462,181",616554609597
9307,,448594932067
9283,211,605301471334
1920,1072,329418732523
9286,2152,122678901963
9289,213,313128132368
9293,134,612248565815
9303,"1480,310",812649641749
9306,3461,315631053874
9312,2410,636545644634
9314,262,888721759330
9316,545,368390667456
9318,262,270247321047
9319,1325,883913356047
9320,"323,335,329,3463",140289111734
9323,3464,863329919180
9310,548,122678901963
1921,"1073,103",867935070956
9338,,162197953708
11656,4182,910103689624
9337,,162197953708
9346,3470,858030157299
9357,,883913356047
9324,3464,706302919753
9325,3464,355242680870
9329,276,165501917790
9330,1669,888721759330
9331,3465,"563388874988,399854590127"
9332,3466,381205542744
9333,507,634676158068
9335,28,756372794491
9339,186,405513968079
9340,3029,996405937084
9342,3467,126580655982
9343,3468,381205542744
9345,3469,488989482109
9348,3471,"175682234295,883913356047,325986941714"
9352,73,368390667456
9367,3479,381205542744
7104,1067,756372794491
9356,"267,269,1559,268,3475,1558,3476",407575456169
2375,885,"491201620041,407575456169,666167540785"
9362,1101,126580655982
10836,3919,849733476327
9360,138,239675946514
9363,"26,2231",126580655982
1927,710,"137654565281,497893661469"
9364,366,368390667456
9368,53,"545559172177,261672904480"
9369,3480,245032061699
9370,276,165501917790
9371,519,126580655982
9372,519,"126580655982,694523396358"
9373,1101,334291829935
9374,200,823943248698
9385,"3482,3483",951313012753
9398,3489,381205542744
10835,"542,3915,3916,3917,3918",396287033930
11123,4014,812649641749
11124,491,949538583064
11125,367,210396356827
14324,148,653911562158
9388,3484,165501917790
9428,"2599,3499,3499",996405937084
9417,1484,562418724503
9390,3485,562418724503
9409,263,245143586034
9421,488,716282150015
9378,3250,"666167540785,666167540785,949538583064"
9383,916,951313012753
9386,1798,126580655982
9387,"323,335",488989482109
9389,2385,996405937084
9393,2829,869228245033
9394,3487,769573635661
9396,1523,924489435838
9397,3488,381205542744
9399,3490,381205542744
9401,196,702092704484
9403,1455,949538583064
9402,1137,"769573635661,703614684224"
9407,"1585,117",129490601796
9411,"3491,3492",381205542744
9412,3493,381205542744
9424,3497,996405937084
9429,2599,996405937084
9432,3501,996405937084
13353,4785,197341950772
13343,"461,793,3433,4780",569192161008
10837,3920,202243584162
8141,2780,"280468269439,716282150015"
9457,"3506,3507",472558623157
1942,430,516695344247
9408,3261,165501917790
9415,126,756372794491
9420,3495,868239522489
9419,1473,868239522489
9423,3496,883913356047
9425,3498,996405937084
9430,3500,996405937084
9431,474,996405937084
9433,3501,996405937084
9437,443,888721759330
9439,3503,666167540785
9440,443,706302919753
9441,443,239675946514
9442,443,888721759330
9443,443,706302919753
9446,443,996405937084
9448,368,315631053874
9449,371,460480852274
9450,371,460480852274
13354,1916,245016491161
13469,89,"684877701428,812649641749"
13482,4838,923041323258
13513,1211,961890638160
9445,443,706302919753
9447,935,368390667456
9459,2254,381205542744
9460,175,275983206365
9465,1919,869955988052
9468,"3508,3509",165501917790
9469,2355,165501917790
9470,2970,996405937084
9473,343,434679292018
9474,3512,162342107260
9476,3514,645785362450
9479,159,396287033930
9480,3516,666328158492
9481,1438,923437623782
9482,3517,923437623782
9486,3519,315631053874
9488,"3520,3521",381205542744
10838,"3921,17",616554609597
10839,3922,636545644634
10840,3920,172105222291
10841,181,396287033930
13398,4803,519620315815
13443,4825,758444174081
7108,31,971657212338
13461,965,869395596643
9472,"3510,3511",245032061699
9485,3518,"666167540785,666167540785"
9511,3259,357041318124
819,556,"394117657821,867935070956,858030157299,951313012753,924489435838,407575456169,821068817689"
9514,181,"619517338401,758444174081"
9510,87,372828469540
9491,3522,383616851268
9492,3523,165501917790
9495,2970,996405937084
9494,499,126580655982
9496,"1609,3524",812649641749
9497,"224,3525",280468269439
9501,1669,239675946514
9503,1668,357041318124
9506,3528,313128132368
9507,832,923437623782
9508,2673,355242680870
10842,747,139217632850
7113,135,377551715313
13352,4784,640111444543
9517,3397,399060327379
14549,80,497893661469
11126,,616554609597
9518,"3530,456",399060327379
9522,234,"407445230620,519620315815"
9521,642,409371505827
9279,181,"245143586034,332049503008"
9513,181,407575456169
9524,147,812649641749
9538,"603,119",218093200747
1945,"642,1086",748039353331
9523,"482,282",631346754147
9526,3533,280468269439
9528,276,687229846531
9529,3534,238042137625
9532,1033,923437623782
9533,1033,923437623782
9534,"515,3535",812649641749
9535,54,716282150015
9537,"539,540",928104352141
9540,163,769573635661
9541,3163,195597178821
9542,3163,929819142165
9544,3103,666167540785
9545,3538,357041318124
9566,"2171,2172",951313012753
13395,224,863329919180
13422,163,863329919180
10846,3924,636545644634
13460,2888,758444174081
6598,2660,700584410923
9562,166,396287033930
9548,3539,126580655982
9565,"882,3373",562418724503
9549,3540,399060327379
10844,"3923,117","175682234295,703052179864"
9569,3545,923437623782
9553,3541,313128132368
9554,3008,697751657465
9555,10,165501917790
9556,447,750156468469
9557,181,165501917790
9561,3543,716282150015
9564,74,315631053874
9567,"2377,3544",165501917790
9571,"2828,2461",195597178821
9586,3551,"666167540785,666167540785"
10732,1463,"257206398811,428393280338"
10843,1981,428393280338
9568,147,923437623782
9572,3029,996405937084
9578,3549,488989482109
13391,927,864661565676
13432,2485,653911562158
13473,4835,"923041323258,923041323258"
9575,"3546,3547",355242680870
6374,882,"687229846531,869395596643,869395596643,424901071220"
9596,,210396356827
9573,3101,195597178821
9587,461,"488989482109,394117657821"
9467,452,"951313012753,631346754147,631346754147,497893661469"
9577,147,697751657465
10847,138,413739000844
9576,3548,195597178821
9582,1650,339046812284
9583,215,929819142165
9584,3103,666167540785
9585,1065,407575456169
9589,3552,165501917790
9590,65,165501917790
9608,"182,850",589867706993
9614,2661,325576598738
10848,497,964657504129
10850,3926,139217632850
10851,641,545051023258
6325,757,"355242680870,666167540785,868239522489"
13408,"477,269",467506873802
7508,476,"783298102704,964657504129,892587510952"
9619,2942,706986751636
9620,2554,706986751636
9609,264,173975302140
9637,,478701691965
9593,3554,462346580459
9594,"17,295,256",812649641749
9597,3095,951313012753
9598,75,"863329919180,863329919180"
9604,3090,315631053874
9606,29,812649641749
9607,2671,996405937084
9610,"215,550",407575456169
9612,3559,396287033930
9613,482,631346754147
9615,"3560,1695,3561",929819142165
9618,3563,567839591024
9627,1640,488989482109
9629,513,239675946514
9630,513,304110273262
9633,1966,381205542744
9640,172,760029738066
9644,3566,126580655982
13434,471,616040736095
3084,834,"130713082052,321316551291,258810996865,951313012753,562418724503"
9646,3567,922388669862
9649,"323,641",892587510952
3811,325,257206398811
9650,167,396287033930
9671,3575,488989482109
9623,3564,165501917790
9626,265,716282150015
9628,3565,563388874988
9632,1966,381205542744
9635,497,868239522489
9639,"3535,892,3254","812649641749,666167540785"
9647,"2788,2789",656985579957
9651,169,545559172177
9653,986,924489435838
9654,3568,315631053874
9657,2523,636545644634
9658,2523,636545644634
9659,3570,636545644634
9660,"3571,3572",636545644634
9663,3573,165501917790
9668,228,634676158068
9669,33,616554609597
13435,268,569192161008
9684,167,218093200747
2511,173,394117657821
9677,3577,562418724503
9662,"642,627",951313012753
9665,3574,863329919180
9703,3585,867935070956
9685,"145,2550,108",922388669862
9676,181,"888721759330,165501917790"
9670,17,634676158068
1562,247,"874158820580,438071472030,259698176019,629902110827,758444174081"
1963,887,979910711272
9674,"244,2550,108",824142047736
9675,1423,797686213271
9683,824,868239522489
9686,860,914879674634
9689,1404,616554609597
9690,3020,883913356047
9688,1506,716282150015
9691,742,812649641749
9692,75,210965998732
9696,"497,3579",357041318124
9699,3581,261672904480
9701,3583,892587510952
9704,233,315631053874
9705,418,863329919180
9706,233,863329919180
12722,4606,169631732730
9700,3582,867935070956
13516,"4853,4854",758444174081
8732,"2850,107,108","312759452298,202243584162"
9713,3588,922388669862
10858,"1523,3730",703052179864
9697,793,666167540785
10856,901,280468269439
1964,1094,867935070956
9698,"2628,3580",994985901817
9707,224,863329919180
9708,3586,863329919180
9710,"140,141",863329919180
9712,3587,964657504129
9714,234,407445230620
9716,801,126580655982
9717,3250,426362434662
9719,3589,616554609597
9721,3591,769573635661
9722,"193,107,108",922388669862
9723,299,863329919180
9726,"3594,3595",258810996865
9727,3596,536320523506
10855,"1972,965",245143586034
792,"166,103",107532415064
9748,"847,3606",173975302140
9749,"847,3606",173975302140
1966,"1095,107,108",867935070956
9702,"3584,335","812649641749,812649641749"
9750,"3607,3607,3608,3609,3610",616554609597
9737,"2664,107,108",616040736095
9729,3597,175682234295
9730,3598,996405937084
9732,2730,929819142165
9733,2730,426362434662
9734,2025,764118488854
9735,"3600,128,3601",929819142165
9739,3603,368390667456
9740,1519,407575456169
9741,3604,863329919180
9742,1008,616286639596
9743,1234,407575456169
9744,224,863329919180
9745,185,996405937084
9751,3611,489648020796
9752,335,812649641749
9753,257,812649641749
9755,"323,335,334",275600400905
9760,1918,152461457404
9761,3614,489816938483
9765,"3615,107,2795,3616,560",716282150015
2240,153,817321833631
9784,,165501917790
9774,3617,407575456169
1969,760,867935070956
9763,18,812649641749
9768,709,951313012753
9757,181,680101439838
9766,2930,769573635661
9767,571,"634676158068,393625365002"
9770,3095,863329919180
9771,433,"812649641749,218093200747"
9776,"3618,3619",910355213795
9777,1199,631346754147
9778,"911,216",929819142165
9780,2135,616554609597
9781,3623,636545644634
9782,"3354,3561","929819142165,426362434662"
9783,915,315631053874
9785,3624,165501917790
9786,2153,916532885936
9794,1739,996405937084
9804,858,239675946514
9805,156,817434891767
10859,196,702092704484
5545,344,323273455984
10860,3929,284356751435
9826,"2977,3636",812649641749
9835,"3640,3641",126580655982
9787,651,413739000844
9825,3635,562418724503
9802,181,"396287033930,604665014408"
9838,147,654025016981
1832,"1035,323","874158820580,812649641749"
9791,3103,"315631053874,315631053874"
9800,911,631346754147
9801,613,863329919180
9803,551,"172105222291,175682234295"
9807,231,639551774688
9809,3629,616554609597
9812,"3154,3254",616554609597
9813,2671,996405937084
9814,"837,838,228",863329919180
9815,3630,138008228727
9816,3631,636545644634
9817,3632,923437623782
9821,571,634676158068
9822,261,616040736095
9833,3639,666167540785
9834,885,812649641749
9836,"123,3642",716282150015
13545,"1029,4869,4870",210965998732
13481,527,988371783960
2429,491,410618275779
9824,3423,426362434662
9830,"325,117",656985579957
9831,325,165501917790
9832,325,165501917790
9857,298,210965998732
9839,2982,863329919180
9858,298,245143586034
9864,181,165501917790
1981,1105,270247321047
9848,723,210733336914
9850,3646,396287033930
9854,763,394117657821
9856,3435,396287033930
9861,2048,764118488854
9865,3366,126580655982
10861,452,812649641749
10863,1440,210396356827
10864,2728,149062085809
9859,,645785362450
9863,"3002,117",383616851268
2431,1321,"783298102704,130713082052"
13699,"542,3915,3916,3917",758444174081
1968,1098,509760591885
9851,571,634676158068
9862,2048,210733336914
9869,"1067,17,354",812649641749
9870,3650,618355761471
9872,3651,636545644634
9873,3652,636545644634
9878,3655,315631053874
9880,3656,817434891767
9883,3657,764118488854
9884,2169,916532885936
9886,2169,916532885936
9887,1833,"152461457404,493359161987"
9888,3658,462346580459
9889,2671,996405937084
9891,2310,239675946514
9893,1669,869955988052
9894,"2977,3463",812649641749
10865,575,612248565815
10866,"3930,1713",616554609597
9875,1171,867935070956
12384,"161,162",225666126939
9914,1484,165501917790
9900,1887,604665014408
9919,,892587510952
13566,3560,869395596643
9879,488,165501917790
9882,453,896894389979
9890,3659,"996405937084,703614684224"
9897,1065,"407445230620,210965998732"
9898,1132,309842505795
9899,3660,558673205516
9901,3661,472558623157
9903,3662,472558623157
9904,701,812649641749
9905,145,365660435784
9907,774,"631346754147,424901071220"
9908,"1665,747","488989482109,136486185997"
9913,"3664,168",325576598738
9915,927,764118488854
9917,3665,126580655982
9920,513,706302919753
9921,"294,1041",426362434662
9922,1065,"616554609597,616554609597,616554609597,758444174081"
9923,244,922388669862
10867,"488,103",129490601796
13547,"4872,329",563580450746
11657,4182,910103689624
2435,209,753128310892
13597,4884,758444174081
9530,167,"873750467314,873750467314"
13572,2950,493980540339
9930,3666,964657504129
9949,167,873750467314
9924,1700,165501917790
9950,186,396287033930
9938,186,245032061699
9933,365,769573635661
1350,54,"491201620041,218093200747,426362434662,951313012753"
9944,181,562418724503
9926,426,951313012753
9934,276,434679292018
9935,1148,144838920781
9936,"3668,3669",245032061699
9937,3668,245032061699
9942,953,928104352141
9943,452,812649641749
9945,3671,964657504129
9947,"1221,3672",321316551291
9948,545,563388874988
11664,4185,408647073007
13568,17,"406194970961,406194970961"
9962,,488989482109
9965,186,812649641749
1975,238,242725736100
9656,3569,"666167540785,666167540785"
9951,3673,"692836399858,645173583380"
9953,1221,631346754147
9957,968,"964657504129,653911562158"
9958,3678,"472558623157,653911562158"
9959,3679,368390667456
9960,3680,769573635661
9963,3681,280468269439
9964,1739,996405937084
9966,3682,636545644634
9967,"507,531",368390667456
9969,3683,817434891767
9970,3684,812649641749
9971,234,284356751435
9974,1131,245143586034
9972,244,851942807559
9975,3685,426362434662
9976,1485,888721759330
9997,3691,165501917790
10002,1134,863699380035
11676,4195,636545644634
10006,3555,488989482109
9995,,692836399858
9983,779,716282150015
9985,"481,1221,1221",488989482109
9991,"3688,239",616554609597
1980,,394117657821
3769,1753,"584661223260,863329919180"
9118,642,"627759337467,916532885936"
9552,"839,2726","165501917790,616554609597"
10003,54,821068817689
2444,"335,147,329","783298102704,951313012753"
9979,3686,666167540785
9984,"1354,1355","616554609597,616554609597"
9993,223,589867706993
9992,3689,531129283270
9994,595,706302919753
9996,3690,165501917790
9999,651,704473490741
10000,3192,636545644634
10001,82,684877701428
10004,1834,873750467314
10015,935,666167540785
10023,488,801392618851
10024,507,634676158068
10018,3372,562418724503
11679,420,910103689624
10009,3354,251842831578
3628,"68,636,1776","618355761471,618355761471"
9599,268,"206778660188,812649641749,210396356827"
13592,"228,3537,17",406194970961
10042,,837136053942
10007,1210,245143586034
10034,181,126580655982
284,240,"230986011321,896270580909,535497907081,716282150015"
10013,3694,863329919180
10016,"1834,107,108",488989482109
10017,3695,502231921744
10025,1870,821068817689
10026,163,639551774688
10028,3697,837136053942
10039,"837,838",634676158068
10041,3698,964657504129
10043,485,704473490741
10045,1431,636545644634
10047,3700,562418724503
10048,3701,892534879101
10869,839,280468269439
11687,4200,408647073007
13682,401,393625365002
10035,1887,355242680870
10875,"3931,117",159135092439
2452,987,296272052435
13599,3560,869395596643
10069,"3705,3706",919921832270
10050,29,716282150015
10070,3707,357041318124
10051,,716282150015
10033,"837,838",634676158068
10874,1051,175682234295
10036,163,"442640095315,716282150015"
10052,47,812649641749
10053,3703,869955988052
10054,1447,812649641749
10056,393,165501917790
10059,453,666167540785
10062,850,666167540785
10064,2367,929819142165
10066,233,888721759330
10096,3716,812649641749
10098,3718,868239522489
10102,2730,964657504129
13620,140,225297020098
10095,149,868239522489
10087,"476,2783,3712",812649641749
10061,3085,869228245033
10065,223,175682234295
10090,283,413739000844
10077,3710,175682234295
10081,181,"396287033930,309842505795"
1065,680,"321316551291,339046812284"
1999,215,"929819142165,540859075517"
10083,3029,996405937084
10080,3163,"929819142165,426362434662"
10084,929,"704473490741,604665014408,197341950772"
10088,"2979,2586",332049503008
10092,2287,"666167540785,426362434662"
10093,3715,516695344247
10099,834,332049503008
10101,3719,175682234295
10876,312,825147034083
10877,"1901,230,1897,1405,1902",263021605118
10878,234,309842505795
10879,365,687229846531
11127,4015,149062085809
2456,1332,"804121600141,536103849810"
10104,3511,245032061699
10106,3018,849733476327
10126,54,488989482109
10111,145,656985579957
10125,3204,562418724503
1997,,801346475500
10149,"54,544",703052179864
10127,54,488989482109
10880,181,332049503008
10107,3122,769573635661
10113,224,863329919180
10114,3722,296272052435
10116,3722,296272052435
10117,1793,951313012753
10120,1184,849733476327
10121,1398,868239522489
10122,3723,607453494945
10123,53,261672904480
10128,"482,481,1221",812649641749
10130,3725,716282150015
10139,224,666167540785
10145,613,863329919180
10152,"2415,3728",923437623782
10160,"3732,3733",247317002276
10138,54,746175297280
10159,"3731,117",616040736095
10158,3730,397889987908
10132,1463,821068817689
10151,263,702092704484
1998,181,130713082052
10184,3742,516695344247
1738,1000,"516695344247,162342107260,536320523506"
10133,3726,996405937084
10135,1294,716282150015
10142,613,863329919180
10143,3435,863329919180
10147,"837,838",634676158068
10154,969,868239522489
10155,2887,"472558623157,130713082052"
10157,3729,536103849810
10161,3698,964657504129
10166,1695,666167540785
10171,2911,567839591024
10177,"3739,854",929819142165
10178,3740,716282150015
10180,3741,996405937084
10182,2671,996405937084
10183,2836,824142047736
11694,16,949538583064
10181,87,"706986751636,916532885936"
10185,262,616554609597
10190,716,357041318124
10192,3743,812649641749
10191,167,873750467314
10213,622,883913356047
10162,3734,202243584162
10168,228,634676158068
10170,3736,616554609597
10172,3737,868239522489
10173,670,817434891767
10179,185,996405937084
10186,2287,929819142165
10189,1864,175682234295
10193,3744,863329919180
10198,3745,812649641749
10203,196,704473490741
10206,3747,123317730197
10214,"3456,950",589867706993
10881,"323,335,3463",812649641749
11128,81,172105222291
11129,542,280468269439
13706,4903,653911562158
10204,"3746,117",172105222291
10208,,928104352141
10210,1361,541209805489
10231,,165501917790
2022,"1127,107,108",867935070956
10240,"325,3752,1463",165501917790
10212,885,666167540785
10205,3346,"163652477464,769573635661"
10236,"603,840",616554609597
10233,"26,7",914879674634
10217,68,634676158068
10218,679,616554609597
10223,651,"706302919753,462628741767"
10224,957,"296272052435,812649641749"
10226,1002,409371505827
10228,3750,636545644634
10230,3750,636545644634
10237,325,165501917790
10238,325,165501917790
10241,1437,313128132368
10243,3753,666167540785
10244,1065,"159790379354,616040736095"
11151,3843,413739000844
11701,4208,910103689624
10247,497,357041318124
13732,4611,812649641749
10251,1126,616554609597
10270,3763,562418724503
10249,"1134,107,108",173975302140
3322,641,"964657504129,812649641749,849733476327"
9881,"388,389","210733336914,245143586034,152142976299"
10232,2443,257206398811
10235,3751,964657504129
10253,"3755,3756",616554609597
10254,834,257206398811
10255,"3757,3758",812649641749
10256,485,929819142165
10257,3759,407575456169
10259,1669,245032061699
10260,380,355242680870
10263,"1131,319",218093200747
10264,208,175682234295
10266,"3761,3762",426362434662
10268,757,716282150015
10269,1002,456718678455
10883,401,"396287033930,393625365002"
13778,"631,256",497893661469
13816,4952,519522036651
2460,281,"911593860202,438071472030,557448291428"
10296,87,706986751636
10278,"880,2082",869228245033
10276,75,589867706993
10279,3767,837136053942
10281,"3747,3768",426362434662
2013,215,"929819142165,929819142165"
10282,1328,175682234295
10283,3769,700381754999
10285,"239,117",616040736095
10286,359,666167540785
10291,3770,245032061699
10292,673,"666167540785,666167540785"
10293,571,634676158068
10294,"230,571",929819142165
10298,3745,"964657504129,202863342858"
10299,3771,964657504129
10300,"244,107,108",716282150015
10301,3772,175682234295
10302,3169,239675946514
10309,49,563388874988
10353,"244,107,108","129490601796,173975302140"
13762,300,869395596643
13837,"1665,3391",869395596643
10326,3778,"616554609597,616554609597"
8880,1665,"964657504129,964657504129"
10331,"3779,2178",218093200747
13884,"68,295,67",616554609597
10308,"167,255",704473490741
10335,"729,117",258810996865
5667,144,"165501917790,323273455984,394117657821"
10304,"31,31",851942807559
9946,3659,"996405937084,996405937084"
10307,1919,687229846531
10311,95,919921832270
10312,1756,928487713665
10313,"475,476,477,527,528",812649641749
10315,3774,837136053942
10317,872,687229846531
10320,"258,28",396287033930
10322,3775,472558623157
10325,3777,636545644634
10327,1329,280468269439
10328,200,951313012753
10329,636,706302919753
10330,468,949538583064
10348,3780,863329919180
11714,4222,202863342858
2467,1338,"579377061875,951313012753"
13760,593,653911562158
13857,"476,477",497893661469
10337,669,159790379354
10886,3932,604665014408
13838,4960,467506873802
10366,3785,883913356047
10338,271,666167540785
10346,298,863329919180
10339,885,666167540785
10342,308,355242680870
10340,"207,117",618355761471
10344,627,409371505827
10345,3435,863329919180
10349,820,996405937084
10351,261,928449770753
10356,78,261672904480
10359,1050,821068817689
10361,3782,692836399858
10372,3787,812649641749
10887,2364,616554609597
10888,1074,812649641749
10358,296,357041318124
13779,4932,497893661469
10363,145,867935070956
10362,"3783,3784",817321833631
10365,3703,"567839591024,769573635661"
1922,1065,"230986011321,922388669862,210965998732,159790379354"
2027,1131,270247321047
10367,3786,"666167540785,426362434662"
10371,160,863329919180
10375,1438,368390667456
10376,3788,558673205516
10378,1065,309842505795
10386,3790,883913356047
10387,3791,706302919753
10391,"755,916",620810420306
10392,1658,666167540785
10402,3795,616510605751
10403,3796,472558623157
10405,3027,472558623157
10889,3933,149062085809
10890,"67,3934",263021605118
10891,2721,636545644634
10892,"258,257,701",812649641749
10893,"52,117",284356751435
10894,524,280468269439
10383,3789,687229846531
10382,54,383616851268
11716,4223,202863342858
10394,"935,1226",280468269439
10390,167,394117657821
10433,3808,706986751636
10426,263,604665014408
10409,145,616040736095
10428,167,892534879101
10380,262,929819142165
10388,3792,666167540785
10398,3793,368390667456
10401,3794,368390667456
10404,"837,838",634676158068
10406,3797,332049503008
10407,3798,666167540785
10410,3800,175682234295
10412,433,868239522489
10413,278,812649641749
10414,1066,769573635661
10418,"270,1381",812649641749
10419,"3804,3805",426362434662
10422,930,426362434662
10421,556,951313012753
10432,234,407445230620
10434,234,706986751636
13814,4702,
4614,234,"372828469540,372828469540,604665014408"
10898,54,616554609597
10417,"3802,3803",783298102704
10441,1765,817434891767
13822,28,288354675743
10456,,666167540785
10420,75,210965998732
2053,158,"804121600141,353868443200"
10425,731,315631053874
10430,"126,1473,3807",812649641749
10431,234,309842505795
10437,234,309842505795
10443,3809,540859075517
10444,282,"928449770753,431718982646"
10447,2439,210965998732
10449,3810,280468269439
10451,374,817434891767
10452,326,812649641749
10453,"1386,3811",368390667456
10454,927,758079066679
10455,3812,616603815242
10457,3245,666167540785
10459,"374,998",498927610170
10897,3936,703052179864
10479,3818,566789475601
10478,3817,994985901817
10460,89,175682234295
10462,641,365660435784
2041,863,867935070956
10464,1568,868239522489
10463,1234,824142047736
10467,233,706302919753
10470,798,566789475601
10474,3816,956737431356
10475,927,835487103963
10476,1148,566789475601
10480,"3819,117",983284072313
10481,452,284356751435
10498,"3821,117",616554609597
10895,196,604665014408
10899,"261,747",616040736095
10900,3937,175682234295
10901,247,575030670508
10902,"1700,421,3938",210965998732
10904,"483,107,108",618355761471
10903,3422,869228245033
11130,343,408647073007
10483,1833,563580450746
10503,"193,107,108",616040736095
10506,208,616554609597
13823,2287,406194970961
10494,163,844348411929
10486,3703,567839591024
10512,3637,639551774688
10488,173,716282150015
10489,1842,996405937084
10490,325,159790379354
10491,325,365660435784
10492,507,368390667456
10493,595,706302919753
10497,3251,261672904480
10501,"3822,3823",202243584162
10504,166,396287033930
10505,193,383616851268
10507,3824,332049503008
10508,571,634676158068
10509,323,540859075517
10519,1463,365660435784
10520,"3828,107,108",703052179864
10527,3834,996405937084
10530,3687,769573635661
10534,3836,849733476327
13846,"3690,4963",758444174081
13907,"4935,4985",406194970961
13951,"228,1419",393625365002
10518,"847,3827",935534949669
13952,1480,869395596643
10523,3830,516695344247
10556,365,801392618851
10524,3831,516695344247
10528,3674,109358135885
9910,"232,631","123317730197,540859075517,869395596643,616554609597"
10559,"488,720",716282150015
10511,3825,173975302140
10533,"147,1479",540859075517
10529,3,431718982646
10514,"577,3826",618355761471
10517,52,309842505795
10525,3832,368390667456
10535,642,916532885936
10536,1570,431718982646
10537,3837,996405937084
10544,593,666167540785
10545,68,634676158068
10551,"2003,3839",812649641749
10552,"481,90",812649641749
10557,1762,868239522489
10905,3939,636545644634
10548,3537,426362434662
13944,2076,467506873802
5724,485,"206778660188,448540462163,869228245033"
10554,3841,426362434662
13856,4934,375444363487
10555,"119,15,1375",357041318124
10584,"3847,3848",407445230620
8692,2941,"163652477464,863329919180"
10538,3837,996405937084
10541,224,706302919753
10542,3838,949538583064
10546,261,"951313012753,424901071220"
10547,261,928449770753
10553,3840,489825954980
10574,1217,315631053874
10576,1217,315631053874
10577,1217,"315631053874,812649641749"
10906,3761,636545644634
10907,3940,636545644634
10909,247,916532885936
10908,3941,636545644634
10910,2410,636545644634
10911,2409,636545644634
10912,3192,636545644634
10560,29,"616554609597,616554609597"
13895,"964,1695",136486185997
274,224,"818493235519,605301471334,323273455984,426362434662,563388874988,206778660188,355242680870,888721759330,944365330747,616554609597,919921832270,616554609597,616554609597,616554609597,406194970961"
10562,118,645785362450
10607,,974609541585
10592,482,680101439838
10563,"118,3842",616554609597
10569,2790,837136053942
10573,1217,"315631053874,812649641749"
10580,2751,996405937084
10586,261,321316551291
10589,482,413739000844
10590,3849,472558623157
10593,595,563388874988
10596,"1480,310",814444011449
10598,1695,149062085809
10602,1731,996405937084
10604,927,835487103963
10606,1436,163652477464
10605,3852,149062085809
10608,3853,280468269439
10610,"2269,117",383616851268
10612,3484,"704473490741,604665014408"
10916,351,812649641749
10917,3942,280468269439
1849,263,"867935070956,638572905478,245143586034,852351726930,616554609597,616554609597,928449770753,951313012753,731059186891,869395596643"
10913,,616554609597
10915,,616554609597
10591,"68,571,1067",321316551291
10594,192,616554609597
10624,"481,482,1221,958,2148",332049503008
10629,3861,636545644634
10631,"718,117","280468269439,280468269439"
2051,497,"959078742794,321316551291"
2110,"1160,1161","107688298394,511288657229"
10603,3245,666167540785
10613,"817,228,1419",368390667456
10614,2013,"923437623782,923437623782"
10616,244,159790379354
10617,3856,673206676880
10619,3857,996405937084
10620,3856,502231921744
10621,"80,3858,89","812649641749,210965998732"
10625,3859,"493359161987,758444174081"
10630,3862,636545644634
10632,1720,280468269439
10633,3863,863329919180
10634,3864,863329919180
10635,1762,868239522489
10914,323,923437623782
10918,2557,"394117657821,497893661469"
10636,407,863329919180
3814,325,558673205516
10639,3865,489825954980
13883,379,511259947571
13965,5007,949538583064
10654,3868,868239522489
10641,927,566789475601
10642,1732,218093200747
10644,927,566789475601
10645,927,531129283270
10646,927,835487103963
10648,927,566789475601
10650,3161,863329919180
10651,3867,210965998732
10655,1108,173975302140
10657,3869,716282150015
10656,427,431718982646
10658,798,239675946514
10659,507,868239522489
10660,3870,823943248698
10661,3870,869955988052
10665,3871,636545644634
10664,"261,452",631346754147
10674,3382,159790379354
10683,"267,269",631346754147
3859,986,800705054080
10666,3872,280468269439
10676,"3204,3373",604665014408
10671,491,949538583064
10669,458,245032061699
13968,"4913,5008",758444174081
10919,1418,703052179864
10684,958,"951313012753,616040736095"
10686,1972,928487713665
10681,3877,769573635661
802,164,"468835526493,245143586034"
10675,31,"175682234295,913175848608,758289702230"
10677,3874,863329919180
10678,3875,863329919180
10682,491,863329919180
10685,124,"368390667456,210965998732"
10921,"3943,3944",863329919180
10922,3945,280468269439
2156,210,"867935070956,896894389979,130713082052,951313012753"
2180,244,867935070956
7131,"1927,216","929819142165,951313012753,563580450746"
11722,29,172095131804
11165,"126,295",812649641749
3215,186,"867935070956,867935070956"
11167,729,383616851268
3068,178,"213478247449,812649641749"
11169,"325,456",158358714146
3250,168,964657504129
3258,863,"783298102704,817321833631,812649641749"
3269,211,509760591885
3279,261,"852351726930,868239522489"
10805,263,"202243584162,760029738066,758444174081"
3295,211,509760591885
6393,631,"438071472030,769573635661,616554609597,540859075517,616554609597,758444174081"
101,49,801392618851
2068,167,"321316551291,632667648014,867935070956,821068817689,604665014408"
2080,89,874158820580
3866,986,"800705054080,756372794491,951313012753,450900851690"
6496,342,"247037694794,812649641749,812649641749,812649641749"
11183,163,309842505795
2154,1184,690937716610
11188,1440,245032061699
11195,"793,1085,4031,1085",540859075517
3933,185,996405937084
14061,"147,4333",923485882084
11194,"2977,3636,3532",812649641749
11187,"164,125",604665014408
11189,325,849733476327
2069,787,383616851268
5631,595,"130713082052,971657212338,426362434662,823943248698,426362434662"
11196,54,"742575839305,703753739711"
11191,234,309842505795
11192,"4029,4030",563580450746
133,132,821068817689
156,153,515788758231
190,148,"821068817689,509760591885"
254,"218,107,108",867935070956
2090,"1150,460",741416130534
11193,"1215,132",812649641749
11197,18,280468269439
11200,4032,604665014408
11201,"488,2550,108",604665014408
11202,398,245032061699
2126,1173,979910711272
7115,"507,2797",426362434662
2173,1198,221587201648
11205,491,949538583064
11734,1384,114426911424
11216,178,"703614684224,478701691965"
2911,1508,107532415064
2205,"571,68",783298102704
14002,17,393625365002
2217,"323,1218,329",321316551291
11217,178,703614684224
11229,1090,394117657821
2135,145,"783298102704,824142047736,616040736095,656985579957"
3222,"168,147","410040702296,448540462163,604665014408,321316551291,245143586034"
2361,1286,"705555476885,126580655982,616554609597,616554609597"
2055,29,783298102704
11230,638,394117657821
2100,832,137654565281
3249,168,874158820580
3252,"371,1642","128533184648,128533184648"
4169,1930,"996405937084,996405937084"
5240,181,"448540462163,407445230620,438071472030,313128132368,694523396358"
2470,854,"616286639596,929819142165,332049503008,396287033930,395780866633"
11220,"1833,4035",563580450746
8708,245,"869228245033,563580450746,863329919180"
10643,1732,"616554609597,616554609597"
11248,"181,4045",210396356827
11209,3828,"426362434662,497893661469"
11211,1316,337133474998
11213,4019,149062085809
11219,503,408647073007
11223,4037,602884829132
11226,276,563580450746
11227,2384,812649641749
11228,3034,394117657821
11231,4039,250338844269
11233,778,896894389979
11234,3433,488989482109
11239,748,516695344247
11243,4042,823943248698
11244,4043,165501917790
11245,3436,408647073007
11247,4044,883913356047
11253,1218,488989482109
11254,880,996405937084
2471,"68,571,588",277883390501
11741,657,863329919180
14023,17,393625365002
11246,"419,848",448594932067
2473,1341,114447454905
9828,834,"666167540785,616554609597"
11277,,210396356827
11266,"4050,117",258810996865
11275,4053,149062085809
11263,,716282150015
11235,4040,315631053874
118,80,"874158820580,812649641749"
1429,508,"817321833631,750156468469,817321833631,949538583064,636545644634"
11236,1354,616554609597
11242,4041,673206676880
11249,4046,996405937084
11256,4047,996405937084
11260,"481,2130,475",210396356827
11261,1609,825147034083
11264,"4049,1741",812649641749
11269,4051,280468269439
11271,"270,1601",812649641749
11273,1234,824142047736
11274,147,793797187505
11276,"1972,965",812649641749
2903,163,579377061875
14042,4925,869395596643
14118,228,393625365002
14143,163,444873390371
8235,3132,"215997887587,604665014408"
11280,"597,598",793797187505
1030,669,"296272052435,165501917790,339046812284,951313012753,448594932067,430020105059"
11265,636,929819142165
11267,2056,195597178821
11285,4055,408647073007
11287,4057,408647073007
11288,420,910103689624
11290,430,996405937084
11292,850,724640405720
11291,4046,996405937084
11293,4058,750156468469
11294,2048,883913356047
11296,4059,703614684224
11295,4059,703614684224
11297,4059,703614684224
11300,4061,812649641749
11299,4061,812649641749
11301,4061,812649641749
11302,4062,426362434662
11303,"68,17,230",210396356827
11305,491,910103689624
11324,1325,849733476327
7833,3021,817434891767
5283,2262,"165501917790,849733476327"
11315,"4064,4065",210396356827
11313,233,"408647073007,450900851690"
14077,710,923041323258
11316,482,179161809007
11347,"4073,1203",159135092439
11336,4069,606884302092
11308,321,793797187505
109,"102,103",906787991853
4581,224,"706302919753,500357715903,812649641749,750156468469,822922842616"
11314,1700,703614684224
11317,118,929819142165
11318,4056,408647073007
11319,4066,408647073007
11321,250,658197689408
11325,1325,849733476327
11326,1325,849733476327
11327,1325,849733476327
11328,1325,849733476327
11329,1325,849733476327
11330,1325,849733476327
11331,1325,849733476327
14040,476,"923485882084,225297020098"
3391,1689,516726561240
7920,"126,165","812649641749,812649641749"
14057,5036,758444174081
11335,4069,606884302092
11332,843,426362434662
6234,2536,"817927469568,381678968179,996405937084"
10089,3713,"547168561028,359028540674"
10543,580,"540859075517,540859075517"
11333,1814,426362434662
154,"150,151","821068817689,497241615065"
11337,4070,793797187505
11340,3837,"996405937084,996405937084"
11342,2671,996405937084
11343,"4071,4072",996405937084
11344,2400,949538583064
11345,3477,210965998732
11346,819,218093200747
11348,4074,636545644634
11349,496,812649641749
11350,147,296272052435
11352,1132,"309842505795,309842505795"
11351,421,996405937084
11353,4075,472558623157
11371,233,750156468469
11355,"3584,641",604665014408
3396,1691,758079066679
11358,2444,540859075517
127,"124,125",391031877698
3552,584,"812649641749,662106175294,245143586034,996405937084,812649641749"
11362,"4071,4072",996405937084
11364,1119,616040736095
11365,1119,849945006481
11366,2445,996405937084
11367,468,812649641749
11369,3085,210965998732
11370,1029,812649641749
11373,159,923437623782
11375,1765,426362434662
11376,4078,616554609597
11381,4080,996405937084
11382,4081,394117657821
11386,16,"658197689408,383092039780"
11394,1665,245143586034
11397,4086,996405937084
11398,1437,996405937084
11400,4088,653559399185
14087,267,497893661469
14131,481,"923485882084,444873390371"
1257,145,"230986011321,922388669862,407575456169,396287033930,869395596643"
11377,1447,717366168813
11395,"4085,107,108",716282150015
11388,670,851942807559
11396,,159135092439
131,"130,103",394117657821
11379,702,949538583064
11384,4082,472558623157
11423,166,"408647073007,408647073007"
11424,4092,703614684224
11416,365,"218093200747,949077653976"
895,604,"270247321047,438071472030,868239522489"
11385,550,824142047736
11390,4083,703614684224
11391,4084,996405937084
11393,1359,703614684224
11399,4087,653559399185
11401,3347,636545644634
11402,3354,149062085809
11403,4089,426362434662
11407,264,636545644634
11408,75,636545644634
11414,4090,258810996865
11417,873,703614684224
11420,4091,658197689408
11422,3726,408647073007
14129,5062,923485882084
136,133,391031877698
11428,4093,290735419117
11437,"4100,4101,4102,4103",636545644634
8525,3227,"756372794491,173975302140,497893661469"
11438,145,"616040736095,350156215334"
11411,448,658197689408
2083,359,750156468469
11412,613,760029738066
11413,2950,849733476327
11421,228,951313012753
11427,109,740982016794
11429,4094,996405937084
11430,"527,528,641",868239522489
11432,1506,"149062085809,500357715903"
11440,723,868239522489
11442,3457,863329919180
11444,234,"309842505795,932750930957,922388669862"
11447,2659,109358135885
14141,5064,"406194970961,869395596643,497893661469"
14150,"476,477,482",869395596643
11434,"4096,4096,4096,4097",636545644634
7050,"1523,107,108","703052179864,742575839305"
7834,183,929819142165
11433,262,604665014408
11452,166,408647073007
11453,1484,408647073007
2615,1117,"734535702313,104922313859,159135092439"
8899,1265,"123317730197,812649641749"
2681,709,"750156468469,408647073007"
11436,4099,636545644634
11445,785,760029738066
11451,4108,408647073007
11454,445,863329919180
11456,"1386,4109",812649641749
11457,2364,"604665014408,493980540339"
11458,4062,426362434662
11460,686,109358135885
11461,4110,396287033930
11463,2079,996405937084
11464,499,916532885936
11466,3211,703614684224
11468,3211,703614684224
14177,598,497893661469
11481,"3696,4115",394117657821
11493,4117,716282150015
11483,"2278,1131","316195095367,616554609597"
11469,3211,"703614684224,569192161008"
147,145,"801392618851,888721759330,448540462163,365660435784"
2002,"1117,107,108","409021197613,616554609597,616554609597,604665014408"
11470,3211,"703614684224,653911562158"
11472,52,309842505795
11473,4111,923437623782
11474,4112,210396356827
11476,261,616040736095
11479,4113,394117657821
11480,4114,394117657821
11482,1436,394117657821
11484,4116,408647073007
11485,4116,408647073007
11486,4116,"408647073007,408647073007"
11487,4116,"408647073007,408647073007"
11488,4116,408647073007
11491,4116,408647073007
11492,401,396287033930
11494,4118,863329919180
11495,"4119,4120",408647073007
11499,858,408647073007
14175,1003,758444174081
519,181,"394117657821,874158820580,873750467314,123317730197,604665014408,424901071220"
6648,1003,"924489435838,258810996865,758444174081"
11500,"68,4123,126",149062085809
7836,3022,971657212338
11504,4126,616040736095
14202,"472,1523",198947507883
14265,"270,1601,462,958",136486185997
9500,2310,"368390667456,426362434662"
11501,710,998539668444
11502,"4124,4125",408647073007
5956,283,"713815986884,713815986884,713815986884,713815986884"
1186,138,"661251333274,717899694521,888721759330,863329919180,949538583064,863329919180,426362434662"
11503,"4124,4125",408647073007
11507,4127,996405937084
11508,4128,636545644634
11509,4129,636545644634
11511,"145,1690",123317730197
11512,264,575030670508
11515,210,951313012753
11514,196,855190349323
11516,210,951313012753
11519,4130,315631053874
14224,5104,493980540339
10381,145,"849733476327,195597178821,173975302140,415669267973"
3909,351,"521144791562,812649641749"
7837,3023,764118488854
5593,2355,"604665014408,604665014408"
11527,283,713815986884
11537,3932,604665014408
11522,,716282150015
11523,2181,604665014408
11521,4131,130713082052
11524,"542,3915,3916,3917,3918",604665014408
5896,"283,256","713815986884,713815986884,713815986884,713815986884,713815986884,713815986884,713815986884"
14203,4702,923485882084
11525,"1044,1787,4132","713815986884,715710874160"
11529,"4134,107,108",616554609597
1302,798,"867935070956,888721759330,472558623157,604665014408,984398789005,769929922987"
11532,615,315631053874
11533,657,396287033930
11534,4136,408647073007
11535,4137,408647073007
11554,4148,408647073007
11557,4149,408647073007
14257,"67,68",497893661469
14287,785,752912548587
11049,186,"823943248698,616554609597,717366168813,504684277758,949538583064"
11550,365,716282150015
11551,"365,556",716282150015
11546,"334,991,4143",210396356827
11383,167,"824142047736,604665014408"
11539,4140,636545644634
7850,"3003,3004",258609519481
11570,4156,448594932067
203,180,"801392618851,874158820580,801392618851,131801535028,756372794491,245143586034,218093200747,519620315815"
11540,2321,123317730197
11541,556,396287033930
11542,2488,636545644634
11545,4142,408647073007
11547,"4144,2385",996405937084
11549,4146,408647073007
11552,702,949538583064
11553,4147,604665014408
11558,4150,996405937084
11559,4150,996405937084
11560,4150,996405937084
11563,4152,123317730197
11573,4158,996405937084
11574,4158,996405937084
11584,4164,408647073007
11585,4165,435778455603
14276,353,653911562158
11578,555,173975302140
11581,4163,563580450746
3399,803,"230986011321,438071472030"
11439,"4104,117","173975302140,716282150015"
11586,2355,173975302140
11490,4116,"408647073007,408647073007"
11561,3929,"616554609597,616554609597"
11565,4153,408647073007
11566,"4154,4155",910103689624
11572,4158,996405937084
11575,4159,175682234295
11576,4160,716282150015
11577,"4159,4161",498927610170
11583,525,408647073007
11588,4167,636545644634
11592,4168,408647073007
11598,975,426362434662
11600,975,426362434662
11601,975,426362434662
11603,975,426362434662
11604,975,426362434662
11607,975,426362434662
11609,488,408647073007
14286,785,653911562158
14311,593,"653911562158,653911562158"
11589,1065,616040736095
11591,1065,616040736095
11590,1065,"309842505795,801765945254"
11595,179,309842505795
11629,3932,604665014408
11619,365,801765945254
11612,2058,616554609597
11630,3248,604665014408
3251,454,"750156468469,703614684224"
7329,2415,"769573635661,396287033930"
7856,942,812649641749
11597,975,426362434662
11602,975,426362434662
11605,975,426362434662
11606,975,426362434662
11608,975,426362434662
11611,"3155,1253,2058",616554609597
11613,2116,616554609597
11622,2728,408647073007
11625,454,703614684224
11626,454,703614684224
11627,454,703614684224
11628,454,823943248698
11631,454,996405937084
11632,454,996405937084
14331,2977,467506873802
2525,224,"270247321047,126580655982,500357715903,355242680870,666167540785,666167540785,210396356827"
7857,3031,165501917790
11615,2013,812649641749
11616,3003,463689773804
11642,"980,117",616554609597
11648,,555149988249
11645,,555149988249
172,163,"391031877698,145507500900,206778660188,801765945254,604665014408"
5332,2279,"123317730197,616554609597,616554609597,616554609597"
11623,"2074,354",703614684224
11624,491,949538583064
11634,"475,477,4172,4173",424901071220
11636,4174,616554609597
11640,1370,703614684224
11641,1370,703614684224
11643,1119,616040736095
11647,4177,555149988249
11650,4179,130262270671
11651,126,172095131804
11653,1530,812649641749
11654,4180,210965998732
11655,4181,949538583064
11658,"687,688",812649641749
11660,4183,996405937084
11661,4184,703614684224
7045,145,"916532885936,824142047736,916532885936,849733476327"
14375,,497893661469
3411,1697,"994685553389,438071472030,980857559390,489648020796"
11652,585,812649641749
11667,184,408647073007
7575,263,"407575456169,396287033930"
11012,3972,"716282150015,928487713665"
11662,1519,555149988249
11665,4185,408647073007
11666,4186,130262270671
11669,4188,636545644634
11670,4189,636545644634
11671,4190,636545644634
11672,4189,636545644634
11673,4191,636545644634
11674,"4192,4193",636545644634
11675,4194,636545644634
11677,4196,636545644634
11678,4189,636545644634
11681,"4192,4193",636545644634
11683,"118,1067",210396356827
11684,4198,408647073007
11685,1090,463689773804
14327,1221,497893661469
14345,365,758444174081
14373,159,399854590127
3019,365,"667094331416,407445230620,951313012753,531129283270,616554609597,394117657821,758444174081,616554609597"
11682,"17,4197",210396356827
11704,"4213,4214",636545644634
11686,4199,636545644634
11698,,158358714146
11713,"230,3146,1398,4221",812649641749
11695,670,673206676880
7447,2013,"812649641749,923437623782,812649641749,812649641749,406194970961"
11688,850,408647073007
11691,"4202,60,1787,4203","636545644634,636545644634"
11692,4204,130262270671
11693,4205,"636545644634,636545644634"
11697,4206,426362434662
11699,1940,604665014408
11702,"4209,4210",478701691965
11703,"4211,4212",636545644634
11705,4215,636545644634
11706,4216,636545644634
11707,4217,636545644634
11708,4218,636545644634
11709,"4192,4193",636545644634
11710,4219,636545644634
11711,4220,636545644634
11712,4215,636545644634
11724,4181,949538583064
14337,793,923485882084
2111,488,"852351726930,521144791562,547168561028,165501917790,923437623782,823943248698,493980540339"
2171,958,"867935070956,716282150015"
2386,"270,1298","491201620041,496854931147,357973288236"
11717,"847,4224",604665014408
14486,5186,616554609597
11116,4011,"408647073007,408647073007"
11719,4225,616040736095
11720,871,"152751758606,949538583064"
11725,2524,202863342858
11727,4229,604665014408
11728,4230,604665014408
11729,4231,426362434662
11730,4232,426362434662
11731,4233,408647073007
11732,4180,210965998732
11733,2013,114426911424
11735,4234,114426911424
11736,4235,114426911424
11738,"4237,4238",996405937084
11739,2253,996405937084
11737,4236,114426911424
11740,1437,996405937084
11758,641,604665014408
14396,590,868239522489
14422,916,696859435341
14443,5169,963784456473
11742,"4239,4240",408647073007
11753,"4245,3858,4246",812649641749
11745,52,604665014408
11761,,448594932067
2572,892,"321316551291,409371505827,868239522489,245143586034,694523396358"
11784,"4259,4260,4261,4262,4263",114426911424
6211,1762,"245143586034,396287033930,604665014408"
11751,283,"713815986884,713815986884,357973288236"
5749,186,"245032061699,396287033930"
11746,234,496854931147
11747,4242,130262270671
11749,4243,408647073007
11750,4244,408647073007
11755,3422,996405937084
11757,4248,408647073007
11760,4249,563388874988
11762,4247,703614684224
11763,365,114426911424
11764,"481,482",604665014408
11765,323,"496854931147,357973288236"
11785,4258,114426911424
11786,352,114426911424
14408,"2977,3636",467506873802
7669,2960,"567839591024,616040736095"
11770,4250,496854931147
14471,145,696859435341
11781,4257,604665014408
11776,4253,636545644634
11768,192,463689773804
11771,"488,4251",408647073007
4264,"687,688,80","438071472030,496854931147,497893661469"
193,172,515788758231
1244,763,"394117657821,616554609597,616554609597"
11772,77,202863342858
11773,4252,408647073007
11779,3484,604665014408
11783,4258,114426911424
11787,"2003,4264",636545644634
11794,491,949538583064
11795,4268,823943248698
11799,178,114426911424
11800,178,114426911424
11801,178,114426911424
11802,515,812649641749
11805,4273,114426911424
207,184,"801392618851,858030157299,206778660188,756372794491,368390667456,616554609597,604665014408,123317730197,616554609597,923485882084"
5638,1985,"817321833631,245143586034"
11792,"2977,269,3636",812649641749
11808,263,316195095367
11810,"1319,4275",636545644634
9141,87,"616554609597,616554609597,616554609597,616554609597"
11791,34,636545644634
11793,"4266,4267","636545644634,493359161987"
11834,244,408647073007
11837,"259,1662",716282150015
11807,263,109358135885
3649,261,"602884829132,616040736095,582138190135"
11798,4269,703614684224
11803,3696,394117657821
11804,"4270,4271,4272",616554609597
11806,4274,175682234295
11811,4276,202863342858
11813,3836,309842505795
11812,3127,202863342858
11815,207,362057624131
11817,1373,280468269439
11823,95,130713082052
11825,3320,369511456011
11836,"3130,3131",910103689624
11839,4288,616554609597
14444,365,197341950772
14488,300,313128132368
14499,325,676459936481
11843,862,408647073007
9977,370,"238042137625,616554609597"
11850,4293,555149988249
11814,4277,910103689624
11859,"2831,2832","616554609597,616554609597"
11842,"2891,488",604665014408
11860,"4295,4296",362057624131
4772,234,"438071472030,438071472030,951313012753,892534879101,496854931147"
194,173,"867935070956,579377061875,873750467314"
11818,4278,559725890045
11819,"2241,599",
11822,1044,442640095315
11828,2826,315631053874
11829,4283,130262270671
11831,4285,408647073007
11832,471,408647073007
11838,2720,616554609597
11852,420,910103689624
11854,4294,910103689624
11862,4298,202863342858
11863,353,"812649641749,348461817543"
14507,"5192,5193",616554609597
14511,1221,136486185997
11847,2734,636545644634
11865,"482,481,958",210396356827
11875,,175682234295
11848,4292,636545644634
11872,4301,705985861385
6405,247,"438071472030,210965998732,496854931147,357973288236,357973288236"
11851,3272,616554609597
11853,3211,"158358714146,653911562158,653911562158"
11855,109,109358135885
11858,368,315631053874
11866,952,812649641749
11867,4299,218093200747
11870,504,910103689624
11876,1887,604665014408
11879,1463,365660435784
11880,4304,408647073007
11881,4305,408647073007
11882,"261,4306,452",616040736095
11883,4020,410618275779
11884,4020,410618275779
11885,166,636545644634
11886,724,636545644634
11889,4308,703614684224
11891,452,812649641749
11892,"323,641",496854931147
11894,4311,636545644634
11888,4307,812649641749
10067,490,"951313012753,858030157299,758444174081"
11896,507,951313012753
11700,4207,"812649641749,812649641749"
11917,4321,424901071220
11899,181,309842505795
11911,"4319,4320",636545644634
11918,283,713815986884
11898,929,616040736095
11887,54,873750467314
11900,4313,309842505795
205,182,"509760591885,509760591885,764118488854,696859435341"
11902,4315,368390667456
11903,2888,368390667456
11904,3439,636545644634
11905,4316,162342107260
11906,1361,365660435784
11909,4318,812649641749
11912,2384,152142976299
11913,"126,1074","563580450746,406194970961"
11915,"323,477",496854931147
11914,1500,703614684224
14512,232,869395596643
14515,1108,923485882084
11930,4326,218093200747
11827,4282,"280468269439,280468269439"
11925,4324,616554609597
2910,1507,230986011321
11923,167,394117657821
10435,234,"407445230620,245143586034,496854931147"
11199,3041,"812649641749,812649641749"
11849,1221,"616554609597,496854931147"
11920,481,"424901071220,424901071220"
11922,4323,616040736095
11921,"1069,3829",424901071220
11926,4325,996405937084
11927,4325,996405937084
11932,964,424901071220
11933,353,823943248698
11935,1704,365660435784
11936,4327,263940288201
11937,4328,114426911424
11938,4329,218093200747
11940,4330,616554609597
11942,3327,919921832270
11944,52,867935070956
11948,16,949538583064
11967,4337,472558623157
14516,"476,641",923485882084
520,400,"874158820580,296272052435,558673205516,165501917790,313128132368,415669267973,296272052435,315631053874,869395596643"
11945,585,812649641749
11958,4335,867935070956
11966,362,716282150015
11959,4336,415669267973
7263,"247,1291","245143586034,496854931147,629902110827"
2908,1506,"410040702296,438071472030,888721759330,557097932039"
9600,"3556,261,3557","488989482109,616040736095"
11954,"147,4333","654025016981,656985579957"
11949,3457,
11968,"26,2600",812649641749
275,233,"509760591885,175339198285,658197689408,396287033930"
11951,716,"496854931147,357973288236"
11952,429,448594932067
11955,"230,589",812649641749
11956,"230,695",812649641749
11957,4334,"616554609597,616554609597"
11961,3439,636545644634
11962,49,"721458103841,197341950772"
11964,3477,396287033930
11970,4338,616554609597
11974,365,173544580857
11975,4339,636545644634
11976,"3999,4340",636545644634
11993,"17,634,4346",210396356827
14517,5196,493980540339
11981,4342,703753739711
4223,67,"756372794491,957069255365"
11978,54,703753739711
11980,,996405937084
11985,452,616040736095
12001,4348,364976896897
11971,1447,177451509238
7629,52,"658081147494,215997887587,309842505795,922388669862"
11972,1717,280468269439
12017,,741416130534
11979,3008,109358135885
12013,26,218093200747
11983,4343,218093200747
11984,670,951313012753
11987,4344,175682234295
11992,"4345,44",210965998732
11994,3489,173975302140
11996,2940,721458103841
11998,1756,687229846531
12000,4347,996405937084
12003,4349,869228245033
12004,"638,117",703052179864
14518,177,406194970961
13487,4842,569192161008
12002,,555149988249
12019,"4352,103",867935070956
12033,4356,657977339920
12005,2914,172095131804
12027,4,
12042,"4359,4360,4361,4362,4363",914621111859
12032,,280468269439
12023,1717,867935070956
12008,710,206035657180
12009,4350,516695344247
12010,44,812649641749
12011,926,202863342858
12018,"3251,4351,372,3252",496854931147
12025,4353,210965998732
12026,4354,202863342858
12029,2477,202863342858
12030,"1996,4355",923437623782
12031,472,421400651618
12035,178,210965998732
12036,3477,202863342858
12037,"1109,1110",951313012753
12040,2938,914621111859
12041,2374,914621111859
12044,4364,202863342858
14520,5197,497893661469
4042,"787,255","488989482109,488989482109,158358714146"
214,190,"394117657821,867935070956"
12067,,716282150015
12072,"196,3903",855190349323
12047,1545,"582138190135,582138190135"
14521,2468,696859435341
12068,,888990630183
10167,3735,"666167540785,546897194163"
12065,718,371461418129
12069,"2384,4370,4371,4372,4373",812649641749
12071,"1695,848",888990630183
12045,"1065,117",616554609597
12063,54,"703052179864,869395596643"
12046,1065,309842505795
12051,1868,472558623157
12052,4365,280468269439
12054,902,396287033930
12056,233,450900851690
12055,"622,282",812649641749
12057,1065,496854931147
12058,178,210965998732
12061,238,218093200747
12062,1976,636545644634
12070,1972,152142976299
12073,"1874,747",888990630183
12074,3213,450900851690
12081,4376,426362434662
12096,"476,269,476",130713082052
11633,"475,476,477,1069","424901071220,424901071220"
12092,4381,371461418129
12095,,555499797202
12100,4386,888990630183
12084,1781,474962259613
12099,"87,2163","888990630183,616554609597"
14522,"3322,103",493980540339
11035,491,"949538583064,450900851690"
223,196,"867935070956,867935070956"
12075,774,812649641749
252,"217,216","929819142165,929819142165"
12077,1558,424901071220
312,261,874158820580
318,"264,107,108",867935070956
325,"18,21,22,19,20",874158820580
12078,1114,248275867936
12079,641,812649641749
12080,4375,"888990630183,888990630183"
12083,1386,812649641749
12082,4319,172095131804
12085,2818,426362434662
12086,233,450900851690
12088,2741,169201203165
12091,"4378,4379,2795,4380",536192518463
12093,4382,"888990630183,888990630183,629902110827,629902110827"
12098,1480,888990630183
5312,787,383616851268
343,289,801392618851
2095,"390,335,950,323","713815986884,713815986884"
7117,507,756372794491
12103,2377,202863342858
3390,,646088311507
12106,3249,450900851690
2927,"244,248",994134463251
12116,411,945665146449
228,200,394117657821
3325,33,"783298102704,958249908971,951313012753"
3351,356,817321833631
3365,1682,764118488854
3381,485,"407575456169,618355761471"
3383,"1109,1110,1684",558673205516
12107,491,949538583064
3408,1341,817321833631
3428,1707,"964657504129,616554609597"
12119,902,388631927962
12123,"609,80",496854931147
12126,2769,261100721749
12133,223,315631053874
12135,4391,162342107260
14523,"1281,1280,5198",225297020098
12136,"748,2550,108",521144791562
12124,"295,1713,1714",616554609597
12139,261,888990630183
4293,28,756372794491
12143,4039,673206676880
11965,159,"365660435784,811016051328"
12112,4388,202863342858
12148,"4397,720",703753739711
10756,1665,"631346754147,112380469661"
12117,747,474962259613
12118,4307,218093200747
12122,80,"812649641749,210396356827,869395596643,357973288236"
12128,592,172095131804
12129,4390,916594152721
12130,2113,493359161987
12131,455,"716282150015,616554609597"
12137,4392,984398789005
12144,709,500357715903
12151,3341,905760567358
12152,"335,2020,2106","214482937547,616554609597"
12153,4398,383092039780
12156,4400,636545644634
12158,494,218093200747
14524,"580,3377",696859435341
12150,"710,107,108",867935070956
12162,"4402,4403,4404",142764249804
5963,319,"339046812284,496854931147"
12168,,209272630095
12138,241,158358714146
12182,729,716282150015
12140,"4393,4394",636545644634
12146,4396,353868443200
4036,181,"669489524419,365660435784"
219,194,874158820580
12154,964,"910939354214,136486185997"
12157,126,979750263309
12159,4401,987344432335
12160,267,248275867936
12161,225,462628741767
12165,4406,616554609597
12166,627,677608885044
12170,839,689317362970
12175,4252,987344432335
12176,4408,987344432335
12177,4408,987344432335
12178,4409,987344432335
12184,4413,210965998732
12183,4412,543878232429
14525,5199,923485882084
12199,,217886025664
12200,,217886025664
12190,234,725695791392
7057,"2788,2789","837136053942,616554609597"
12209,4419,992505173378
11715,2334,"202863342858,202863342858"
12202,,521144791562
12201,,225666126939
12167,"2076,1381","888721759330,519620315815"
12172,517,709960603219
12181,4411,812649641749
12185,4414,261100721749
12188,"52,107,108",992505173378
12193,1859,616554609597
12194,4416,395780866633
12195,1859,365660435784
12196,4417,365660435784
12197,2944,128533184648
12198,2116,172095131804
12203,4418,462628741767
12204,3061,225666126939
12205,2125,867935070956
12206,1434,703753739711
12210,319,357973288236
12211,1248,996405937084
12212,"4420,117",616554609597
14526,4281,923485882084
13089,4702,"987087585474,201995393761,923485882084"
2496,29,"929819142165,971657212338,218093200747,716282150015,716282150015"
12120,"119,80,650","496854931147,616554609597"
12214,"4422,4423",536192518463
12213,4421,716282150015
12235,4433,158358714146
12219,4307,616554609597
12233,729,992505173378
12224,1067,248275867936
12237,4434,424901071220
4294,965,"339046812284,783298102704,448540462163,951313012753,869395596643"
12216,"839,4424",424901071220
12218,4425,424901071220
12220,499,563388874988
12225,4427,543878232429
12226,358,"984398789005,653911562158"
12227,"4428,117",867935070956
12228,4429,225666126939
12230,"3425,4430",172095131804
12231,4431,996405937084
12232,4432,261100721749
12234,718,546897194163
12236,189,462628741767
14527,2338,676459936481
14528,1825,676459936481
14529,5200,769929922987
4418,7,"128533184648,589867706993"
12238,916,149062085809
7955,202,"363508735347,992505173378"
5017,1976,"409371505827,323273455984,616554609597,616554609597,616554609597,616554609597"
4443,935,"756372794491,812649641749,353868443200"
6011,453,"438071472030,152142976299,928487713665"
6774,2415,"355242680870,396287033930,666167540785,165501917790,409769291691"
1905,1065,"648644218308,321316551291,716282150015,716282150015"
12241,1418,128989895054
12242,196,"703753739711,394117657821"
12243,29,"616554609597,616554609597"
12244,"2003,2004",202863342858
12245,4436,394117657821
12247,4437,388631927962
12248,"476,477","248275867936,248275867936"
12249,189,462628741767
12251,234,992505173378
12254,4162,984398789005
12256,4439,450900851690
12259,4440,169201203165
12267,965,543878232429
14530,"481,2594",923485882084
14531,5201,616554609597
2851,757,"491201620041,536320523506,958249908971,245143586034,448540462163,888721759330"
2475,228,"584661223260,929819142165,929819142165,951313012753,575030670508"
7217,545,"717899694521,353868443200"
12261,"4441,4442",867935070956
12272,,172095131804
14532,5202,616554609597
12273,181,992505173378
7699,1932,"666328158492,261100721749"
12264,"3002,117",703753739711
7756,"791,107,108","703052179864,656985579957"
12263,4443,636545644634
12297,4453,867935070956
14534,87,197341950772
10578,1217,"315631053874,315631053874,315631053874"
12268,4444,225666126939
12269,1861,636545644634
12270,"319,4445",928487713665
12271,4446,202863342858
12279,1528,462628741767
12285,4450,984398789005
12294,757,169201203165
12300,4454,315631053874
14533,345,399854590127
2115,741,804121600141
7865,417,262834532874
12283,622,812649641749
3130,75,"213478247449,509760591885,409769291691"
12276,"4447,4448",616554609597
12280,803,867935070956
12289,345,172095131804
12284,298,217886025664
12295,298,210965998732
257,"217,216","929819142165,929819142165"
12290,2324,172095131804
12291,1002,"462628741767,462628741767"
12292,724,486438530862
12298,2024,261100721749
12299,2111,450900851690
12305,1713,616554609597
12306,"4456,4212",636545644634
12307,4457,636545644634
12308,4458,636545644634
12311,4460,703753739711
277,234,"801346475500,407575456169,407575456169,824142047736,801765945254,396287033930,496854931147"
2485,247,130713082052
12316,2628,725695791392
7867,"2176,107,108",658081147494
9754,"3612,679","616554609597,616554609597"
12310,4459,450900851690
12296,145,"350156215334,616040736095"
12324,"4397,107,108",703753739711
12327,4462,225666126939
12328,4463,109358135885
12344,4475,636545644634
14537,87,197341950772
12317,411,409769291691
12309,169,636545644634
12314,2527,173975302140
12319,748,126580655982
12320,935,750156468469
12321,"631,228",
12325,167,873750467314
12329,"4464,4465",
12340,4474,863329919180
12341,351,812649641749
14536,5203,399854590127
14538,"964,5204",923485882084
12346,"952,456",716282150015
12336,4467,928487713665
12337,"4468,4469,4470",869395596643
12322,1455,315631053874
12338,"4471,4472",280468269439
12351,4477,468572242552
12354,4481,680101439838
12357,4483,418727059045
12372,4397,703753739711
12262,1713,"616554609597,616554609597"
12326,2132,645173583380
12333,3457,863329919180
12339,4473,114426911424
12342,1704,365660435784
12345,234,992505173378
12352,"4478,4479,4480",536192518463
12353,228,951313012753
12359,4485,636545644634
12360,4485,636545644634
12361,4485,636545644634
12362,4485,636545644634
12364,4485,636545644634
12363,4485,636545644634
12368,4487,175682234295
12371,276,750156468469
445,356,"750156468469,750156468469,332049503008,355242680870,764118488854,817434891767,210965998732,313128132368,812649641749,863329919180"
2488,247,"896894389979,438071472030"
12356,4482,890294665745
11272,4052,"616554609597,616554609597,616554609597,616554609597"
12358,4484,961890638160
12399,262,"441959532869,616554609597"
12393,3000,510385529996
12365,1918,644691307821
281,236,929819142165
12367,"4464,4465,4486",
12370,2325,486438530862
12375,496,315631053874
12378,33,645173583380
12387,"4493,4494",616554609597
12389,"4496,107,108",616554609597
12391,882,177451509238
12392,949,450900851690
12396,4499,725382501321
12398,4500,984398789005
14543,"3495,5206",136486185997
2826,488,"383616851268,849733476327,716282150015,716282150015"
12401,4501,177451509238
12382,1857,703753739711
14544,1447,444873390371
282,"237,238",734535702313
12419,"676,255",703753739711
11637,2214,"315631053874,486438530862"
12402,4502,703753739711
12383,4492,296272052435
12403,"1688,2945",854624519688
390,325,144838920781
397,333,230986011321
12390,"321,597,598",321316551291
12395,"461,4498",725382501321
12405,854,644691307821
12408,247,916532885936
12412,365,394117657821
12413,4504,636545644634
12414,371,218093200747
12415,189,863329919180
12420,225,640284426813
12449,4514,"984398789005,640284426813"
2119,"118,119,349",107688298394
12422,517,426362434662
12440,"4510,4511",
7121,507,756372794491
12425,1341,350156215334
12443,2738,811016051328
14551,5212,399854590127
3751,1120,"426362434662,733784718417"
12417,488,225666126939
12429,670,462628741767
12430,4509,486438530862
12431,710,869395596643
12432,1527,179161809007
12433,"1778,1779",353868443200
12434,1131,928487713665
12436,4151,636545644634
12437,491,225666126939
12441,4512,202863342858
12445,262,725695791392
12447,200,493359161987
14550,5211,399854590127
12453,461,502231921744
12452,4515,703753739711
9290,,"616554609597,616554609597"
12463,4519,703753739711
12471,"244,456",716282150015
12468,2056,928487713665
4416,1996,"706302919753,315631053874,867935070956,812649641749,149062085809,467506873802"
12439,595,450900851690
12450,245,172095131804
12457,2846,172095131804
12459,4007,869395596643
12460,3034,369511456011
12461,301,365660435784
12464,"4520,4521",225666126939
12465,347,812649641749
12466,420,462628741767
12469,979,441959532869
12470,324,863329919180
12472,425,616554609597
12473,4522,616554609597
12475,4524,869395596643
12476,4525,811016051328
14552,270,444873390371
14553,5213,758444174081
10885,568,"394117657821,394117657821"
12484,,261100721749
12495,4530,867935070956
12500,4532,555149988249
12502,4534,716282150015
11890,4309,"928449770753,616554609597,616554609597"
14555,"1927,5214,5215,720",616554609597
12477,4526,149062085809
12482,298,217886025664
12480,365,394117657821
12481,1862,394117657821
12486,4528,984398789005
12488,480,949538583064
12489,482,210396356827
12491,200,462628741767
12493,"4478,4529",536192518463
12494,"126,408",415669267973
12497,1272,486438530862
12499,4531,296272052435
12501,4533,519620315815
12503,2475,725695791392
12504,4535,636545644634
12506,4169,362057624131
14554,2306,399854590127
2714,1438,"896894389979,368390667456,318509972361,318509972361"
12509,"774,482,481",210396356827
349,292,515788758231
12510,267,"951313012753,467506873802"
12512,3720,582138190135
12514,"4537,4537,4538",555499797202
12513,4536,555499797202
12515,1527,149062085809
12516,1527,405513968079
12517,"267,4539","869395596643,869395596643"
12519,"530,690",645173583380
12522,374,812649641749
12523,4540,812649641749
12524,4540,812649641749
12526,4542,812649641749
12527,4543,876214933034
12529,4545,225666126939
12530,4546,831594906812
12532,1992,831594906812
12534,247,812649641749
12535,247,812649641749
12537,247,812649641749
12536,247,812649641749
12538,247,812649641749
14556,5216,923485882084
14557,5216,923485882084
12558,2480,634554106951
14558,"5217,5218,5219,5220",923485882084
12545,4549,831594906812
12562,1920,441959532869
12485,3391,"248275867936,248275867936"
12564,26,689317362970
12539,4547,486438530862
12540,3011,369511456011
12541,4300,984398789005
12544,2977,582138190135
12546,4550,831594906812
12549,"4552,4553,4554,4555",984398789005
12550,4556,424901071220
12551,482,424901071220
12553,4557,616554609597
12556,1119,497382152459
12557,"3921,4558",261100721749
12559,4559,225666126939
12561,1388,645173583380
12563,4561,497382152459
9382,"433,283,901",210965998732
12584,4566,869395596643
12587,4567,474962259613
12566,227,984398789005
2116,"1166,1167",804121600141
12581,4559,703753739711
12589,"1480,4569",582138190135
12585,167,497382152459
3001,1545,"140289111734,582138190135"
7872,4,563388874988
12369,4488,"689113501019,616554609597"
12511,267,"149062085809,210396356827,136486185997"
934,225,"509760591885,509760591885,462628741767,462628741767,462628741767"
12570,"147,4562",424901071220
12572,3129,383092039780
12575,175,812649641749
12576,54,394117657821
12578,613,499011384384
12577,54,394117657821
12583,262,725695791392
12588,4568,996405937084
12590,"622,1480",497893661469
12596,4405,497893661469
12598,184,869395596643
12601,4571,365660435784
14559,159,923041323258
14560,159,923041323258
12611,1434,616554609597
12614,,225666126939
12591,3204,497893661469
12594,476,497893661469
3037,1561,"911593860202,616286639596,951313012753,640284426813,758444174081"
12142,851,"175682234295,113340019300"
12631,,189002698314
12638,4577,557097932039
12593,54,497893661469
2132,1176,"821032141765,984398789005"
12613,"87,650",563580450746
12602,4572,497893661469
12603,4473,149062085809
12606,613,383092039780
12607,223,258336717287
12608,2977,582138190135
12610,739,645173583380
12618,2111,450900851690
12635,264,636545644634
12636,244,869395596643
14561,159,923041323258
14562,159,923041323258
14563,159,923041323258
2066,"283,1140",321316551291
2138,1179,748039353331
12634,"56,4576",218093200747
12623,,315631053874
342,"288,159",515788758231
12615,4574,703753739711
12619,196,394117657821
2169,1196,114447454905
2177,563,270247321047
2231,"483,107,108","107532415064,107532415064"
2337,482,"321316551291,424901071220"
12628,702,949538583064
12630,145,173975302140
12632,4537,
12641,"551,1862",394117657821
12642,"551,1862",394117657821
12643,"551,1862",394117657821
12644,"551,1862",394117657821
12645,"551,1862",394117657821
12649,1744,113340019300
12653,4582,248275867936
12656,4584,557097932039
12659,4585,248275867936
14564,159,923041323258
14565,159,923041323258
14566,159,923041323258
14567,159,923041323258
2702,1433,"867935070956,562418724503"
3248,"145,117",137654565281
12681,147,497382152459
12640,4578,394117657821
12662,"452,4586",812649641749
12676,138,450900851690
12686,1598,202863342858
348,181,394117657821
351,"293,294","321316551291,123317730197"
12648,303,113340019300
12650,4580,202863342858
12651,4581,210396356827
12654,2114,326966729528
12655,4583,557097932039
12661,184,113340019300
12663,"4582,4587",640284426813
12672,"2076,3463,2072",123317730197
12674,4592,315631053874
12679,2836,869395596643
12682,508,225666126939
12684,364,374567855663
12687,"4595,228,1419",169631732730
14569,159,923041323258
6054,283,"245143586034,245143586034"
12673,4591,557097932039
12669,4590,497382152459
12692,,424429512863
2439,1286,"410618275779,858030157299,640284426813,114426911424"
10385,224,"239675946514,430020105059"
11748,"1787,1788","961890638160,261100721749,296272052435"
12724,403,158358714146
12691,,424429512863
12675,602,"450900851690,653911562158"
12677,4593,703052179864
12680,902,715710874160
12689,228,169631732730
12690,"4597,117",173975302140
12695,813,424429512863
12694,813,424429512863
12696,642,424429512863
12699,4600,169631732730
12728,482,450900851690
14568,159,923041323258
14570,159,923041323258
12716,4605,424429512863
12718,2113,424429512863
12719,2113,424429512863
12721,3155,616554609597
374,"261,309",874158820580
415,224,230986011321
4942,642,"562580531983,709960603219,888721759330,760121517727,831594906812"
11752,543,604665014408
12703,4601,831594906812
12708,4603,557097932039
437,351,"750156468469,750156468469,355242680870,812649641749"
477,351,"750156468469,500357715903,812649641749,812649641749,616554609597"
527,262,206727921604
12709,642,424429512863
12713,2113,424429512863
12714,2113,424429512863
12715,2113,424429512863
12717,2113,424429512863
12720,3921,644691307821
12725,"335,329",715710874160
12726,261,616040736095
12729,"3425,4430",869395596643
14571,159,923041323258
14572,159,923041323258
14573,159,923041323258
12747,167,394117657821
12745,261,497382152459
369,"303,304",748039353331
403,340,509760591885
404,341,"799443797620,542654609056"
414,"196,255",394117657821
452,358,750156468469
469,"52,107,108",867935070956
12705,1686,430020105059
12707,1845,644691307821
12711,4604,945665146449
12712,2113,424429512863
12731,858,450900851690
12734,"4608,4609,4610",427884692244
12735,4611,"812649641749,812649641749"
12739,267,210396356827
12742,"126,701",169631732730
12744,4615,"430020105059,653911562158"
12746,"1228,117",214482937547
12749,1418,703753739711
12750,"2977,3636",582138190135
12751,2287,"557097932039,406194970961"
12752,4616,812649641749
14574,159,923041323258
14575,159,923041323258
14576,159,923041323258
12777,4627,218873368151
12758,4617,467506873802
12740,2719,557097932039
12778,147,"869395596643,869395596643"
12741,4614,383092039780
12743,"323,481",130713082052
12755,799,557097932039
12757,"261,1480,168",582138190135
12761,1225,424429512863
12762,4618,545559172177
12764,261,616040736095
12765,4621,113340019300
12770,323,731159599603
12771,4624,949538583064
12772,"482,477,527,4625",731159599603
12773,643,332049503008
12775,3955,760029738066
12776,3275,392772452716
12779,54,424901071220
12783,458,394117657821
12800,4634,536192518463
12801,1436,394117657821
14577,159,923041323258
14578,"159,5221,5222,5223,5224",923041323258
12792,,557097932039
2141,"177,118","321316551291,496854931147"
525,398,867935070956
7122,989,"817434891767,408647073007,296272052435"
8483,,"616554609597,616554609597,616554609597,616554609597,616554609597"
6920,196,"658081147494,731059186891"
12799,"4633,125",555149988249
12796,"3154,117",616554609597
12798,,555149988249
12808,,883913356047
12817,"1109,1110,2163",169631732730
2175,1199,929819142165
429,186,734535702313
12785,508,225666126939
12787,4628,703614684224
12789,477,467506873802
12791,"267,269",467506873802
12793,4630,392772452716
12795,1328,703614684224
12810,"1041,3546",644691307821
12816,3461,315631053874
12826,267,812649641749
14579,520,769528542041
12820,"2657,2657,4639,4640",922388669862
12812,54,703753739711
7134,935,409371505827
12822,4641,703753739711
402,"338,339",140289111734
496,234,"801392618851,801392618851"
468,"52,107,108",867935070956
12805,4637,888990630183
12811,"1750,1751",888990630183
12813,902,812649641749
12818,"1109,1110",169631732730
12819,4638,928487713665
12821,345,869395596643
12823,418,769929922987
12825,4642,700381754999
12828,731,216743486564
12829,"986,507",169631732730
12830,4643,497893661469
12837,4645,703614684224
12838,4645,703614684224
12839,4645,703614684224
12848,"2620,4648",383092039780
14581,520,769528542041
2146,,"162342107260,162342107260"
13076,167,"869395596643,583722594102,444873390371"
2232,58,411436249746
12834,4644,450900851690
2164,1191,979910711272
12843,244,869395596643
12849,,653285122241
12844,,"497893661469,497893661469"
12841,4646,769929922987
5463,145,"206778660188,922388669862,214482937547"
12835,3,"812649641749,582138190135"
2206,469,657730610795
12842,196,"173544580857,604665014408,139103050963"
12845,644,218873368151
12850,4649,339931740950
12855,4651,703614684224
12856,268,812649641749
12859,4652,177451509238
12868,1420,497893661469
12874,"4657,4658",448594932067
12877,4659,210965998732
14582,5225,769528542041
14583,5226,769528542041
14584,5227,769528542041
14586,2661,869395596643
2492,1349,"277883390501,929819142165"
7809,167,873750467314
12723,"323,477","497382152459,339931740950"
12852,"483,107,108",867935070956
12858,2740,957069255365
12900,"4397,2614",703753739711
12861,17,957069255365
12865,4655,653911562158
12866,54,374567855663
12867,2337,653911562158
12869,"161,162",949538583064
12870,964,
12871,477,339931740950
12872,4656,653285122241
12873,228,951313012753
12882,4661,248275867936
12887,67,812649641749
12889,1075,653911562158
12890,3994,486438530862
12897,4631,703052179864
14587,"1221,482","923485882084,616040736095"
14589,1561,653156382195
14590,5229,493980540339
12891,3920,867935070956
7145,"259,107,108",994985901817
12896,4665,869228245033
12881,4660,869395596643
12885,17,616554609597
14588,5228,197341950772
12907,3379,957069255365
12908,3379,957069255365
12879,267,467506873802
12884,"4663,2901",497382152459
12886,67,812649641749
12892,282,467506873802
12903,298,928487713665
12894,"2300,4664",172095131804
12898,2208,430020105059
12899,270,812649641749
12901,289,869395596643
12902,1838,"644691307821,869395596643"
12913,4667,557097932039
12919,4670,653911562158
12924,262,169631732730
12925,"1495,2912,2913","280468269439,399854590127"
12926,"68,2074,126",497893661469
12928,1044,694523396358
12916,4104,497893661469
12929,1044,497893661469
14593,5230,869703051380
12946,"335,147,390,950,4673",715710874160
12910,178,210965998732
12949,"1366,2945",218873368151
12951,1519,424429512863
12940,710,694523396358
12931,3337,869395596643
12947,710,497893661469
447,353,"509760591885,996405937084"
12912,4666,"450900851690,776793967210"
12921,3346,869228245033
12930,1044,497893661469
12938,1374,812649641749
12942,710,694523396358
12941,710,694523396358
12944,710,497893661469
12948,3585,992505173378
12950,1519,424429512863
12953,4674,888990630183
12955,482,812649641749
12956,"1480,261",497893661469
12957,382,716282150015
14591,593,653911562158
14592,496,812649641749
14594,"987,5231,5232",225297020098
12936,2020,497382152459
14596,5234,136486185997
12945,"710,4672",694523396358
12918,1234,"812649641749,869395596643"
4268,"597,598","438071472030,394117657821"
14597,"462,270,1298",136486185997
12959,4675,139103050963
12939,710,497893661469
12943,"710,216",694523396358
12963,748,716282150015
12965,1063,812649641749
12966,482,812649641749
12969,128,486438530862
12968,1328,696651707640
12973,1069,869395596643
12975,259,315631053874
12976,259,315631053874
12977,1069,869395596643
12978,"4679,117",181671592550
12979,4680,383092039780
12980,4680,383092039780
12983,208,169631732730
14595,5233,197341950772
14598,"964,5235,323",136486185997
14599,670,653911562158
2498,1352,979910711272
13004,"3027,2163","616554609597,616554609597"
12967,"168,261",616040736095
12987,29,218093200747
13009,461,616554609597
13005,147,869395596643
12985,651,562418724503
12986,267,467506873802
12989,1633,149062085809
12992,"4681,251,930",175682234295
12993,641,932750930957
12994,641,654025016981
12996,741,869395596643
12997,1851,769929922987
12998,289,869395596643
12999,"1558,323",424901071220
13001,4682,694523396358
13000,1069,424901071220
13002,504,949538583064
13006,"1234,4684",812649641749
13007,4685,139103050963
14601,5236,923485882084
14602,5237,923485882084
14603,5238,923485882084
13012,4386,769929922987
13022,508,225666126939
13037,"4694,4694",888990630183
13016,"4686,488",705985861385
13011,282,769929922987
13019,300,869395596643
13052,"52,52,2372",604665014408
13061,,371461418129
4677,885,"263021605118,497893661469"
13014,1001,213187897294
13015,3433,497893661469
13017,"1480,622",604665014408
13025,168,290417129618
13026,3975,869395596643
13027,485,605301471334
13028,1008,497893661469
13029,885,497893661469
13030,1008,582138190135
13032,267,467506873802
13033,261,616040736095
13034,"481,4692",210396356827
13036,1008,169631732730
13039,1137,703614684224
13041,1137,703614684224
14600,448,511259947571
14607,834,444873390371
10239,1463,"165501917790,656985579957"
13058,3990,769929922987
13059,"1191,4697",715780425593
13046,167,703753739711
4837,1137,"474462054755,485018581158,202243584162,472558623157,769573635661,703614684224"
13051,"52,52,4695,4696",210396356827
12836,461,"169631732730,169631732730"
13073,1887,604665014408
10962,"147,3371","964657504129,218873368151,869395596643"
13063,147,957069255365
13050,87,604665014408
13040,1137,703614684224
13043,1137,703614684224
13044,1137,703614684224
13048,"321,958",951313012753
13053,52,510385529996
13054,"798,304",225666126939
13057,147,869395596643
13060,4698,883913356047
13062,"365,4699",339931740950
13064,182,113340019300
13066,196,208149793229
13072,3484,604665014408
13086,461,169631732730
14609,"5239,107,108",616554609597
14612,"563,564",493980540339
13099,,758444174081
13100,,758444174081
13103,,169631732730
12685,958,"932750930957,604665014408"
13067,4700,557097932039
13068,"461,2106",616554609597
13082,461,139103050963
13087,461,394117657821
3054,885,"817321833631,536320523506,536320523506,313128132368,769929922987,497893661469,653911562158"
466,364,"542654609056,448594932067,448594932067"
13074,2977,582138190135
13075,4701,430020105059
13079,4405,582138190135
13080,617,605301471334
13081,90,210396356827
13085,461,769929922987
13088,461,394117657821
13090,"200,107,108",769929922987
13092,3337,173544580857
13093,147,557097932039
13094,2566,424901071220
13096,"270,786,4703",869395596643
13104,"126,67",169631732730
13105,4704,587921422357
13106,602,388631927962
14613,1074,406194970961
13095,462,616554609597
2307,934,"929819142165,407575456169,653911562158"
7148,2809,"175682234295,951313012753"
13132,,152142976299
13133,"1126,456",152142976299
13167,,426362434662
13111,256,629902110827
13164,"4722,2163",888990630183
7473,196,"837136053942,731059186891"
13124,4708,629902110827
13116,"283,4705",713815986884
13115,503,769929922987
13122,"3737,283",713815986884
13107,263,139103050963
8087,"481,147","951313012753,604665014408"
13118,"256,80",629902110827
13130,4713,888990630183
13131,4714,888990630183
13134,1126,152142976299
13136,4715,769929922987
13137,335,467506873802
13138,"184,2698",694523396358
13141,184,758444174081
13162,1887,497893661469
14614,52,254937986348
13125,"4709,349",629902110827
13168,196,467506873802
13144,,758444174081
489,224,"230986011321,867935070956"
7875,4,971657212338
13128,"4711,4712",888990630183
13151,471,497893661469
13129,1131,629902110827
13135,"2846,458",103284290312
13156,4721,812649641749
13159,145,869395596643
13140,2846,758444174081
522,402,"750156468469,867935070956"
566,421,799443797620
607,440,114447454905
1226,247,"896894389979,332049503008,438071472030,616554609597,357973288236,869395596643"
13142,"482,476,475",210396356827
13150,4719,365660435784
13153,"885,1883",497893661469
13155,1044,703052179864
13165,166,869395596643
13166,261,812649641749
14615,"5240,3921,3081,2971",616554609597
14616,"3921,3081,2971",616554609597
2717,642,"230986011321,705985861385,336636676011,951313012753,569047383287"
13148,4718,218093200747
13188,2845,312812922384
13172,234,895980774094
13146,4717,138008228727
13189,4727,676355943376
13193,4729,758444174081
14619,5243,197341950772
13169,263,467506873802
3952,1234,"969896260093,680101439838"
13176,263,569047383287
13185,"770,835,469,4726,2223,1781",888990630183
13154,4720,888990630183
13160,479,557097932039
13161,1463,365660435784
13170,906,855190349323
13175,4724,888990630183
13181,2075,486438530862
13183,4725,448594932067
13187,"1234,1479",497893661469
13191,4728,114426911424
13192,200,208149793229
13194,710,869395596643
14617,"3697,5241",493980540339
14618,5242,563580450746
13195,834,500357715903
13163,"927,3548","783298102704,450900851690"
13182,1205,467506873802
13178,1374,563580450746
13208,4733,758444174081
13197,793,616040736095
13199,"147,1647,4730",467506873802
13202,"289,4732",869395596643
13220,"4735,4736",869395596643
13204,271,769929922987
13217,145,624645863371
13205,,883913356047
13212,1044,731059186891
14624,61,162342107260
14623,3260,676459936481
14622,563,570391141323
14621,5244,676459936481
13214,4734,849733476327
13223,26,616554609597
13186,26,557097932039
490,224,"750156468469,396287033930"
13215,488,812649641749
13218,485,424429512863
13219,218,424429512863
13221,"2048,107,108",218873368151
14625,5245,225297020098
2178,"913,1200",929819142165
13198,1594,209272630095
2937,485,"175407856212,202243584162,616554609597,869395596643"
13207,850,758444174081
13227,,653911562158
13242,"4741,117",867935070956
13245,,758444174081
13240,1205,467506873802
2958,839,"323273455984,699692779863"
13211,54,488989482109
13238,885,"680101439838,842317483322"
3011,"1298,270","140289111734,536320523506"
13213,365,569047383287
13216,43,760029738066
13224,2355,113340019300
13225,1717,365660435784
13226,353,388631927962
13230,"107,108",623298421159
13233,885,680101439838
13234,885,"680101439838,582138190135"
13235,885,680101439838
13236,"885,1883",680101439838
13237,885,680101439838
13241,"4739,4740",888990630183
13243,"4742,4743,4743,4743,4743",888990630183
13244,2384,758444174081
13250,"1218,4744,4745",951313012753
4691,300,"245143586034,852351726930,700584410923,869395596643"
13258,1825,225666126939
13271,4753,812649641749
13262,,861248654566
13263,,604665014408
13266,"482,528,527,270",569192161008
13267,4734,569192161008
13269,1887,869395596643
13247,261,467506873802
9543,1218,"951313012753,951313012753"
13246,47,448594932067
14628,365,197341950772
14627,87,225297020098
13254,4747,557097932039
554,418,144838920781
13248,186,694996189155
13249,1218,951313012753
13255,4748,616040736095
13256,"244,117",624645863371
13260,1374,569192161008
13265,1217,869395596643
13274,268,563580450746
13275,4159,758444174081
2507,1359,804121600141
4127,1918,"144838920781,441959532869"
13276,834,600429364917
13280,4758,263940288201
13282,4759,510027315413
13287,"481,147",256102410135
13283,4760,121852315273
13286,2950,604665014408
13291,3990,758444174081
13278,4756,869395596643
12626,"4575,117","616554609597,616554609597"
13284,4761,560024228540
521,401,801392618851
13288,3697,873750467314
617,444,"750156468469,210965998732,951313012753,923437623782,163652477464,339931740950,776793967210"
618,445,"750156468469,313128132368,462628741767"
648,459,394117657821
649,460,542654609056
13289,4762,510027315413
13290,"488,2676",653911562158
13292,310,865229155555
13296,352,788886160966
13297,4765,758444174081
13302,4767,149062085809
13101,,"758444174081,758444174081"
13309,"847,3827",733784718417
13312,4770,616286639596
13306,2720,680101439838
2517,"1367,1368,1369",874158820580
13308,231,758444174081
13310,4768,758444174081
13293,4763,758444174081
13345,196,731059186891
13327,"847,4773",570005420261
13316,4771,758444174081
13298,186,569192161008
13299,1044,680101439838
13301,4766,863329919180
13303,4763,758444174081
13304,834,531869172519
13305,1918,441959532869
13307,834,531869172519
13314,1883,497893661469
13315,885,"680101439838,519522036651"
13317,244,758444174081
13320,239,679700629436
13323,4765,758444174081
13329,4774,758444174081
13330,1918,441959532869
14633,"5246,5247",136486185997
13333,4775,218093200747
13335,,883913356047
13340,4779,758444174081
13322,,256102410135
13325,54,784039337987
14610,452,197341950772
13339,"2177,4778",569192161008
13341,186,197341950772
13366,786,208149793229
13367,4792,837136053942
13331,1227,592500511033
13337,4776,197341950772
13338,4777,570391141323
13342,471,709960603219
13344,622,563580450746
13346,485,569192161008
13347,4781,890294665745
13348,4782,173544580857
13349,233,450900851690
13357,1234,197341950772
13365,4791,758444174081
13375,200,758444174081
14542,"1473,1419,631",136486185997
14608,"270,1907",582138190135
14611,5073,676459936481
13372,200,424429512863
13373,4794,612248565815
13363,793,616554609597
13362,"147,335,147",467506873802
13378,991,197341950772
13394,4800,170525151505
13383,145,616040736095
5671,2111,"123317730197,378893720213,949538583064"
13318,841,"198947507883,424429512863"
13351,"289,107,108",424429512863
13356,4786,197341950772
13359,965,758444174081
13360,"4788,4789",758444174081
13364,1887,886487818534
13368,3245,450900851690
13369,186,198947507883
13370,4793,597402999717
13371,885,497893661469
13374,4795,818410103584
13384,4798,383616851268
13400,786,616554609597
13401,234,197341950772
14541,7,136486185997
14545,5207,406194970961
14604,"1210,1877",406194970961
14605,4020,511259947571
13377,,569192161008
13405,"4807,4808",758444174081
13404,"847,4806",703052179864
13392,4799,769929922987
13396,"4801,4802","399854590127,399854590127"
13399,4804,214200523978
13389,3342,467506873802
10995,"268,269","812649641749,263940288201"
13417,"270,4814",569192161008
13416,4813,863329919180
13428,,"399854590127,399854590127"
13385,3342,381678968179
13379,4796,863329919180
13386,1033,545559172177
13388,224,467506873802
13390,1704,365660435784
13397,2374,758444174081
13402,4805,861248654566
13403,261,703052179864
13406,"4809,4810",758444174081
13410,477,197341950772
13413,1507,758444174081
13414,2976,545559172177
13419,4815,938029457063
13426,3245,653911562158
14546,"5208,5209",406194970961
13231,885,"680101439838,616286639596,313128132368"
13407,461,235400699090
13412,,623298421159
13411,4812,640664499574
13415,"3391,3720",869395596643
13418,556,722010604440
11759,953,949538583064
13361,4790,"339046812284,653911562158,616554609597,350156215334,616554609597,563580450746"
13480,729,139103050963
13420,4816,806130336591
13421,4817,758444174081
13424,4818,"653911562158,653911562158"
13425,"2901,216",149062085809
13429,4820,653911562158
13430,4821,640888525307
13436,482,519620315815
13438,4824,381678968179
13439,147,467506873802
13446,1495,758444174081
13450,4827,632368824979
13449,4826,758444174081
13452,234,758444174081
13453,4828,535997933196
13455,"126,28",393625365002
13456,4829,758444174081
13457,4830,758444174081
13433,,500357715903
13431,4822,138008228727
13437,"217,4823",899186016280
13479,4698,292701332542
13478,184,292701332542
13447,87,616554609597
13441,3913,863329919180
13442,"3747,3768",616554609597
13454,181,758444174081
13458,1862,758444174081
13459,1257,758444174081
13462,4831,758444174081
13463,4832,758444174081
13465,265,891558330436
13466,1065,891558330436
13468,4833,218093200747
13470,4834,758444174081
13472,"181,834",769929922987
13474,1360,812649641749
13475,"4836,4837",758444174081
13476,89,812649641749
13532,4838,923041323258
13613,2782,869395596643
13615,571,288354675743
13616,1729,288354675743
13618,1067,393625365002
13464,787,521144791562
13617,850,493980540339
13484,4839,467506873802
13485,4840,758444174081
13488,4843,288477079134
13493,,656985579957
13471,196,758444174081
13510,"1843,4849",208149793229
13502,"837,838,228,4827",951313012753
13509,2816,208149793229
13489,4844,869395596643
13491,4576,869395596643
13492,4838,923041323258
13494,4845,467506873802
13497,"228,632",393625365002
13498,"817,228,1419",393625365002
13500,"4595,228,1419",393625365002
13501,4847,209272630095
13499,"817,228,1419,4846,701",393625365002
13504,92,261043889763
13505,157,261043889763
13507,"571,2035",616554609597
13508,167,198947507883
13614,571,288354675743
13521,4856,758444174081
13529,3674,493980540339
13531,4864,493980540339
2252,163,"661251333274,924489435838,159790379354"
13514,4851,149062085809
2351,"863,641","874158820580,309842505795"
13512,4850,764674538552
13503,1727,"138015939730,493980540339"
13515,4852,563580450746
13527,4860,764674538552
2391,"335,958,329",321316551291
2785,1463,"896894389979,604665014408,700381754999,165501917790,415464717657,493980540339"
2406,1307,"783298102704,604665014408"
2415,43,213478247449
13518,4855,393625365002
13519,1211,218093200747
13520,1446,758444174081
13522,2116,592441676383
13524,4858,108235469049
13526,4859,149062085809
13530,"4862,4863",493980540339
13533,4865,208149793229
13586,"817,228,1419,4880,28",393625365002
13523,4857,
13544,4868,493980540339
13596,4883,923485882084
13587,,393625365002
13584,228,393625365002
13534,642,208149793229
13556,1798,493980540339
13070,"147,1647","497893661469,869395596643"
13595,138,923485882084
13535,4866,313128132368
13537,4835,923041323258
13538,4835,923041323258
13540,4835,923041323258
13541,4835,923041323258
13542,4867,
13543,3899,863329919180
13549,393,467506873802
13551,4835,923041323258
13560,2977,467506873802
13583,228,393625365002
13585,"228,2315,808,3146",393625365002
13588,228,393625365002
13590,4881,393625365002
13591,"228,4882",393625365002
13594,228,288354675743
13598,702,653911562158
13605,96,923485882084
13558,2156,519522036651
13574,3560,869395596643
609,4300,206727921604
600,289,"867935070956,974609541585,121852315273,869395596643"
703,"488,489",703052179864
13550,2111,467506873802
13552,4835,923041323258
13553,4835,923041323258
13554,4835,923041323258
13559,2156,519522036651
13563,2076,467506873802
13567,3696,218093200747
13569,"28,295,17",406194970961
13575,"2058,159",218093200747
13581,228,108235469049
13600,4885,393625365002
13603,4886,288354675743
13604,28,288354675743
13607,4702,201995393761
13608,172,511259947571
13609,4887,923485882084
13611,17,"393625365002,393625365002"
13612,"126,17,230",393625365002
8924,3356,122678901963
13580,4879,108235469049
13576,4878,519522036651
13573,"1101,4877",493980540339
13622,4888,913175848608
13623,,891558330436
13624,4889,891558330436
13625,1843,225297020098
13626,4890,891558330436
13562,4826,758444174081
594,433,801346475500
13571,4876,649724260495
13577,1650,406194970961
13579,1523,664188431066
13582,208,225297020098
13630,89,812649641749
13631,89,812649641749
13632,89,812649641749
13633,89,812649641749
13634,89,812649641749
13635,89,812649641749
13636,89,812649641749
13638,89,812649641749
13639,1265,758444174081
13570,3177,923485882084
13645,4888,913175848608
13663,"4896,2362",758444174081
13670,4899,393625365002
13619,482,963784456473
13672,"4900,3463",393625365002
13627,"17,1067,28","406194970961,393625365002"
13629,89,812649641749
13637,89,812649641749
13641,"3546,4892,4893,4894",818243017664
13642,3868,493980540339
13644,"517,1272","869395596643,869395596643"
13646,18,218093200747
13649,1067,393625365002
13651,"1272,588",393625365002
13652,571,393625365002
13656,230,288354675743
13658,"571,230",288354675743
13662,"295,1713,2575,2576",406194970961
13664,"184,2698",758444174081
13666,4897,142118830886
13674,491,869228245033
2277,"1240,117",489816938483
13673,964,869395596643
2305,1255,114447454905
2328,"1270,263",394117657821
13647,295,393625365002
13694,551,569192161008
650,"249,168",874158820580
705,491,804121600141
13654,571,288354675743
13661,"4895,3221",406194970961
13671,641,393625365002
13675,401,393625365002
13677,401,"822922842616,393625365002"
13678,401,393625365002
13680,401,393625365002
13681,401,393625365002
13684,401,393625365002
13687,401,393625365002
13689,401,393625365002
13692,4901,923041323258
13695,95,653911562158
3330,"1665,1666",817321833631
13713,"729,117",493980540339
13676,401,948943154801
13683,401,393625365002
13686,401,393625365002
13688,401,393625365002
13700,401,948943154801
13701,401,948943154801
13702,4902,912717101964
13703,"147,1647",869395596643
13704,670,786837713576
13707,4901,923041323258
13708,4901,923041323258
13709,4901,923041323258
13710,4901,923041323258
13711,4901,923041323258
13712,4901,923041323258
13714,"3860,4904",225666126939
13715,211,225666126939
13716,476,"923485882084,225297020098"
13718,1067,406194970961
13720,1650,406194970961
13724,2108,758444174081
13725,4909,653911562158
13726,4910,653911562158
13727,4911,653911562158
13741,4918,758444174081
13742,,519522036651
13444,,"569192161008,616554609597"
13937,2527,136486185997
13942,365,"923485882084,923485882084"
13723,452,"869395596643,136486185997"
13729,148,653911562158
13733,4913,758444174081
13734,148,616554609597
13735,148,616554609597
13736,4914,511259947571
13737,4915,210965998732
13740,"2977,3532",467506873802
13743,4919,201995393761
13744,4920,497893661469
13745,"481,323",357973288236
13746,2586,136486185997
13748,"371,1642",923041323258
13749,4921,923041323258
13750,288,923041323258
13751,"371,1642",923041323258
13936,760,616554609597
13938,"885,1883",136486185997
13939,"68,4997",406194970961
13941,4948,493980540339
13752,"4922,4923,4924",493980540339
13763,4928,393625365002
13766,,822922842616
7158,497,958249908971
13755,964,869395596643
13311,4769,"899186016280,519620315815"
13769,"631,87",616554609597
13777,4931,812649641749
619,303,270247321047
2273,224,"750156468469,144838920781,812649641749,399854590127"
2278,1090,"579377061875,218093200747,225801498219"
13757,2618,653911562158
13758,4926,653911562158
13759,1747,406194970961
13764,739,616554609597
13765,3130,511259947571
13767,4929,184210960012
13768,4930,680646119979
13770,256,288354675743
13771,256,288354675743
13775,1103,399854590127
13776,3245,653911562158
13780,"4933,4934",758444174081
13782,4936,758444174081
13774,"631,256",616554609597
13796,4947,758444174081
13793,4944,136486185997
13795,"4945,4946,4934",758444174081
13786,4940,"616554609597,616554609597,616554609597"
13804,,616554609597
13807,"4949,4950",493980540339
13781,4935,467506873802
13783,4937,923485882084
13785,4939,467506873802
13787,1650,923485882084
13789,4942,136486185997
13788,4941,923485882084
13790,"834,4943",923485882084
13791,1069,923485882084
13792,267,923485882084
13794,323,136486185997
13798,104,511259947571
13800,"482,528",869395596643
13801,482,869395596643
13802,"482,527",869395596643
13803,"482,1221",869395596643
13805,2977,467506873802
13809,4901,923041323258
2290,43,"804121600141,760029738066"
2291,481,407575456169
13808,4901,923041323258
13811,256,406194970961
2931,863,131801535028
13820,4955,923485882084
13806,4948,493980540339
13828,"4896,4934",758444174081
13829,"4958,4934",758444174081
13843,4961,136486185997
2955,839,"410040702296,165501917790"
638,454,"534209203929,923437623782,703614684224"
13815,4951,545559172177
13817,4953,569192161008
13818,49,913175848608
13821,4956,923485882084
13824,2287,406194970961
13825,454,511259947571
13827,"4706,4707",197341950772
13830,4959,758444174081
13831,3403,923485882084
13832,"608,1938",923485882084
13840,1665,136486185997
13841,2586,136486185997
13845,4962,519522036651
13852,244,493980540339
633,"452,107,108",769929183709
13839,2020,136486185997
13842,"695,17",393625365002
13844,"695,701,17",288354675743
13847,"3837,4964",758444174081
13848,"2214,4965",666040486933
13849,3391,923485882084
13850,3391,923485882084
13851,1341,136486185997
13853,"4949,4950",493980540339
13859,247,444873390371
13860,34,923485882084
13861,4968,913175848608
13863,261,497893661469
13866,2788,616554609597
13868,4168,653911562158
13869,4971,653911562158
13871,1069,923485882084
13872,4972,653911562158
13874,4973,869395596643
13876,68,288354675743
13877,68,288354675743
13879,68,288354675743
13881,68,288354675743
13864,4399,616554609597
13865,4969,"616554609597,616554609597"
13892,"4976,4934",758444174081
13901,,493980540339
13902,4981,493980540339
13855,4966,786837713576
13899,,375444363487
13887,"67,2074,68",288354675743
673,471,296272052435
13858,4967,616554609597
13862,1650,406194970961
13870,1069,923485882084
13873,3391,136486185997
13875,4974,"923485882084,225297020098"
13878,68,"288354675743,616554609597"
13882,68,616554609597
13885,68,616554609597
13888,"67,68",288354675743
13889,"67,68",288354675743
13890,477,923485882084
13893,"4977,4978,4979",758444174081
13896,2788,225297020098
13897,1069,869395596643
13900,"3391,1975",467506873802
13905,4984,399854590127
13891,4975,758444174081
13903,"4982,4983",493980540339
13914,4989,758444174081
13915,"4990,4991,4992",758444174081
13916,"4976,4934",758444174081
13920,4994,758444174081
13921,4995,758444174081
13922,553,923485882084
13926,760,616554609597
13927,"760,2163",616554609597
13928,760,616554609597
13929,,616554609597
13898,477,467506873802
13910,1058,197341950772
13912,4988,444873390371
13913,3904,225297020098
13917,"4993,117",891558330436
13918,4937,869395596643
13924,755,569192161008
13925,4996,758444174081
13930,760,616554609597
13931,760,616554609597
13932,"760,107,108",616554609597
13933,760,616554609597
13934,760,616554609597
13935,760,616554609597
2315,172,144838920781
13321,267,"519620315815,136486185997"
13909,4302,923485882084
13961,5003,616554609597
13943,"1178,107,108",184210960012
2319,975,"929819142165,245032061699"
13919,760,"616554609597,616554609597"
647,458,"734535702313,734535702313,858030157299,616554609597"
688,172,509760591885
13946,1907,136486185997
13947,889,511259947571
13948,731,812649641749
13949,2266,653911562158
13950,43,653911562158
13953,1118,923485882084
13955,3103,218093200747
13957,5000,406194970961
13956,262,653911562158
13958,5001,923485882084
13959,"295,5002","616554609597,616554609597"
13962,2516,758444174081
13963,"5004,5005",758444174081
13964,5006,197341950772
13945,4702,963784456473
13969,"4945,4946",758444174081
13976,4852,563580450746
13979,,136486185997
13981,,136486185997
13799,"482,481","869395596643,563580450746,696859435341"
13990,"482,1558,1674","923485882084,225297020098"
13971,5009,891558330436
13988,5017,616554609597
13967,2977,467506873802
13970,"4976,547",758444174081
13998,5021,758444174081
13966,461,"225297020098,136486185997"
13996,"1051,5020",545325003240
13973,5011,197341950772
13974,1695,869395596643
13977,902,812649641749
13978,461,136486185997
13980,461,136486185997
13982,"261,3720",582138190135
13983,5012,225297020098
13984,"5013,5014",399854590127
13985,5015,604665014408
13987,2337,511259947571
13993,5019,393625365002
14005,17,393625365002
2518,80,874158820580
13992,"2517,2362",758444174081
14000,"17,3221,295",923485882084
14015,"3504,571",393625365002
14011,5022,393625365002
14017,"1067,17","393625365002,393625365002"
14004,17,406194970961
14006,"28,17",393625365002
14007,"1936,17,2080,1067",393625365002
14008,"17,847,848",393625365002
14009,"28,17","393625365002,393625365002"
14010,"68,17",393625365002
14012,"17,295",393625365002
14013,"515,17",393625365002
14014,"531,17",393625365002
14016,"17,986",393625365002
14020,17,"393625365002,393625365002,393625365002"
14025,"5023,17,695",393625365002
14026,"67,17,68",393625365002
14028,5024,519620315815
14034,"347,5025",923041323258
14031,393,467506873802
14041,300,"616554609597,616554609597"
14035,5026,758444174081
14037,5028,758444174081
14038,4958,758444174081
14043,"5029,5030",758444174081
14045,"5031,5032",758444174081
14049,"1558,5033",497893661469
13991,"1558,267,964,481,4675","923485882084,225297020098"
13989,5018,"923485882084,225297020098"
14021,"68,17",393625365002
14024,"1936,1067,17",393625365002
14027,2661,869395596643
14029,17,406194970961
14032,393,"467506873802,467506873802"
14036,"5027,5021",758444174081
14039,1601,136486185997
14044,282,923485882084
14047,1341,136486185997
14048,1558,497893661469
14051,1558,497893661469
14052,1558,497893661469
14053,1558,497893661469
14059,"2070,2314",923485882084
14069,"323,1558",225297020098
14070,476,225297020098
14065,"5039,5040",758444174081
14067,1717,604665014408
14058,"5037,5038,4975",493980540339
14072,1773,197341950772
14078,,923041323258
14079,5042,563580450746
745,512,206727921604
2335,"323,1273",321316551291
14046,1341,136486185997
2324,1267,896270580909
2957,1522,959078742794
14085,325,493980540339
14055,2191,758444174081
14060,49,913175848608
14062,"1560,4702",923485882084
14063,1069,923485882084
14064,1558,497382152459
14066,"1907,1665,3463",923485882084
14068,1003,406194970961
14075,3560,869395596643
14083,571,288354675743
14084,571,288354675743
14089,1967,136486185997
14091,5043,493980540339
14092,5044,197341950772
14056,5035,758444174081
14093,5045,758444174081
14094,5046,758444174081
14097,5048,758444174081
14098,2517,758444174081
14099,5049,923485882084
14111,5054,923485882084
14113,5057,758444174081
14050,1558,"497893661469,467506873802"
14074,5041,"616554609597,616554609597"
14080,"476,269",497893661469
14081,109,467506873802
14082,571,288354675743
14088,"283,1387",869395596643
14095,5047,758444174081
14096,111,758444174081
14100,5050,923485882084
14101,149,923485882084
14102,29,923485882084
14104,264,923485882084
14106,4346,288354675743
14107,5051,288354675743
14108,5052,406194970961
14110,3391,923485882084
14112,"5055,5056",758444174081
14114,"1997,1823",758444174081
14121,5059,406194970961
808,"548,548,548,548",874158820580
14138,,197341950772
754,163,232920340516
2318,975,"929819142165,355242680870,368390667456"
14109,5053,197341950772
14115,5058,666040486933
2327,1269,114447454905
2370,1008,"128533184648,407575456169"
14117,1460,583722594102
2424,186,734535702313
2433,1323,911593860202
14120,"267,268",136486185997
14122,5060,406194970961
14123,636,288354675743
14125,233,511259947571
14126,281,653911562158
14127,"835,5061",493980540339
14130,1069,923485882084
14134,342,923485882084
14137,3174,869395596643
14139,163,493980540339
14142,3720,497893661469
14119,655,923485882084
14145,5065,758444174081
14156,5071,923485882084
14157,"5072,2198",616554609597
14171,5079,139103050963
14153,"2396,5069,5070",399854590127
14132,568,497893661469
14133,1664,963784456473
14136,3174,869395596643
14144,5058,666040486933
14146,"482,1381",136486185997
14147,"2977,1381,3532",136486185997
14149,"5066,5067",399854590127
14151,1907,136486185997
14152,"4949,5068",493980540339
14155,3894,923485882084
14158,1528,923485882084
14159,5073,923485882084
14160,5074,923485882084
14162,374,399854590127
14163,5076,467506873802
14164,3103,812649641749
14165,5077,406194970961
14167,5078,136486185997
14168,5078,136486185997
14169,"228,986,2074,435",393625365002
14170,375,493980540339
14173,5081,923485882084
14176,"471,5082",604665014408
14103,476,"497893661469,667095183558"
14191,"267,268,5091,1341","136486185997,225297020098"
14172,5080,758444174081
12991,145,"497893661469,656985579957"
14166,295,406194970961
14174,476,923485882084
14178,2767,583722594102
14182,1463,493980540339
14180,5083,863329919180
14183,2938,197341950772
14184,5084,758444174081
14186,5086,923485882084
14188,"68,17",406194970961
14189,"1067,118,571",406194970961
14192,267,497893661469
14193,3477,210965998732
14195,"964,462",869395596643
14196,"5092,5093",399854590127
14197,"536,5094",399854590127
14198,5095,399854590127
14199,653,399854590127
14200,5096,399854590127
14206,"5100,5101,5102",923041323258
14207,"5100,5101,5102",923041323258
14208,"5100,5101,5102",923041323258
14209,"5100,5101,5102",923041323258
14210,"5100,5101,5102",923041323258
14211,"5100,5101,5102",923041323258
14212,"5100,5101,5102",923041323258
14213,"5100,5101,5102",923041323258
14214,"5100,5103",923041323258
14216,"5100,5101,5102",923041323258
14217,"5100,5101,5102",923041323258
14218,"5100,5101,5102",923041323258
14219,"5100,5101,5102",923041323258
14220,"5100,5101,5102",923041323258
14221,"5100,5101,5102",923041323258
14215,"5100,5101,5102",923041323258
14205,"5100,5101,5102",923041323258
14222,"5100,5101,5102",923041323258
14229,5106,758444174081
14225,4967,616554609597
14230,5107,758444174081
14236,964,497893661469
14190,"5087,5088,5089,1665,5090,999","136486185997,225297020098"
14241,"5110,3391,3720,5087",225297020098
14242,"3342,1381,267,3391",225297020098
5187,"2232,125",245032061699
14223,"335,641",212681067782
14227,"482,527,528",923485882084
14228,1108,136486185997
14231,"1069,332",136486185997
14232,353,653911562158
14233,1530,653911562158
14234,5108,653911562158
14235,1739,653911562158
14238,"293,5109",399854590127
14239,1360,752912548587
14240,"481,482,268,462,1218",616040736095
14243,4037,197341950772
14244,2818,923485882084
14247,"5113,1074",406194970961
14248,5114,406194970961
14250,5115,406194970961
14252,233,696859435341
14255,5116,399854590127
14254,5116,399854590127
14266,3261,493980540339
14273,"323,5118",869395596643
14249,3391,869395596643
14267,"323,1381",869395596643
14253,167,583722594102
14282,486,197341950772
14285,991,197341950772
14289,4399,406194970961
763,196,579377061875
14251,233,696859435341
14256,"28,1067,228,17",406194970961
14258,"165,67,3244",497893661469
14259,5117,923485882084
14262,80,580594888329
14264,517,869395596643
14268,"323,1069,1381",869395596643
14269,"323,329",869395596643
14270,323,869395596643
14271,323,869395596643
14274,"323,1558",869395596643
14275,323,869395596643
14280,"283,679",616554609597
14288,5120,406194970961
14291,,616554609597
14301,,758444174081
7159,2811,175682234295
14293,5121,696859435341
14279,49,616554609597
14284,261,812649641749
14290,129,511259947571
14292,4719,197341950772
14294,5122,923485882084
14296,2900,653911562158
14297,283,444873390371
14298,5123,676459936481
14299,5124,497893661469
14300,356,653911562158
14302,10,869395596643
14303,"1188,126",136486185997
14306,"5125,5126",653911562158
14307,991,136486185997
14308,"5127,5128",653911562158
14313,1967,923485882084
14316,5129,923485882084
14317,1015,923485882084
14318,5130,511259947571
14319,29,604665014408
14323,4099,653911562158
14321,,493980540339
14330,5133,676459936481
14305,1125,493980540339
14341,5136,923485882084
13047,95,"653911562158,653911562158"
13835,95,"653911562158,653911562158"
14310,4624,653911562158
14312,2415,653911562158
14315,5007,949538583064
14320,2900,653911562158
14326,5131,653911562158
14328,517,869395596643
14329,5132,752912548587
14332,67,406194970961
14334,4318,406194970961
14335,323,136486185997
14338,5134,676459936481
14339,5135,511259947571
14340,2,197341950772
14342,3408,511259947571
14347,365,758444174081
14348,365,758444174081
14350,2156,378893720213
14352,5139,493980540339
14355,95,653911562158
14358,"2527,476",136486185997
14359,2377,399854590127
14369,5142,399854590127
14371,"5143,1381",197341950772
14383,"5148,269",136486185997
14333,2111,406194970961
14361,234,493980540339
756,457,804121600141
14346,365,758444174081
14349,5137,676459936481
14351,5138,868239522489
14353,3075,676459936481
14354,92,616554609597
14356,"517,258",497893661469
14360,2289,399854590127
14363,5140,653911562158
14362,16,653911562158
14365,3855,923485882084
14366,1143,923485882084
14367,1758,399854590127
14368,5141,399854590127
14370,1682,399854590127
14374,5144,406194970961
14376,1527,136486185997
14377,3111,653911562158
14380,5146,493980540339
14382,5147,676459936481
14387,"2562,5149",399854590127
2523,1370,"270247321047,424901071220,225297020098"
14392,,493980540339
14404,5155,923485882084
14411,196,467506873802
14412,5156,467506873802
14413,54,218093200747
14414,344,218093200747
14415,476,497893661469
14409,263,218093200747
14410,144,467506873802
14399,575,399854590127
14384,250,653911562158
14386,3720,582138190135
14390,"126,1074",497382152459
14391,4159,863329919180
14393,169,653911562158
14394,5150,758444174081
14395,267,"869395596643,197341950772"
14397,95,653911562158
14400,"2887,5151",721270495277
14401,5152,680646119979
14402,"636,5153,5154",721270495277
14403,1437,653911562158
14405,3230,923485882084
14406,425,923485882084
14423,5159,406194970961
14439,"5166,5167,5168",758444174081
14437,"2594,4932,2901,964,1108,4065",225297020098
14438,"3000,268,481,1069,4692",225297020098
14385,2977,"696859435341,399854590127,696859435341"
14427,5161,676459936481
14432,"5164,5165",604665014408
14407,"477,269",467506873802
14416,5157,649724260495
14417,"634,126",406194970961
14418,2781,758444174081
14420,445,653911562158
14421,160,225666126939
14424,95,653911562158
14426,95,653911562158
14425,5160,869395596643
14430,5162,653911562158
14431,5163,497893661469
14434,481,923485882084
14435,"481,1221",923485882084
14440,4902,399854590127
14441,2334,202863342858
14446,5170,653911562158
14451,5172,758444174081
14452,5173,758444174081
14442,17,406194970961
775,167,383616851268
14445,211,653911562158
14462,5175,676459936481
14472,54,616554609597
14473,"5181,5181,5181",616554609597
762,425,206727921604
14447,4615,653911562158
14449,207,758444174081
14450,5171,493980540339
14453,199,653911562158
14454,3334,653911562158
14455,3129,399854590127
14456,2586,707598199610
14457,199,653911562158
14458,2209,776793967210
14459,2209,776793967210
14460,199,653911562158
14461,5174,812649641749
14463,5176,197341950772
14464,5177,923485882084
14467,982,696859435341
14468,651,923485882084
14466,"4492,5179,5180",399854590127
14475,1354,616554609597
14476,1354,616554609597
14477,5182,399854590127
2377,885,648644218308
14482,5184,676459936481
14469,555,676459936481
2354,303,"542654609056,315631053874"
14485,5185,"136486185997,923485882084,707598199610"
14487,3523,"616554609597,444873390371"
14491,5188,676459936481
14470,95,653911562158
14474,999,616554609597
2343,145,"605301471334,824142047736,365660435784,165501917790,812649641749"
774,529,326872113008
14478,5183,108235469049
14479,"323,964",136486185997
14481,675,653911562158
14483,"476,477,482",667095183558
14484,4282,493980540339
14490,2661,869395596643
14492,"3518,5189",923485882084
14493,5190,923485882084
14494,3975,467506873802
14496,702,511259947571
14498,3800,776793967210
14501,1695,869395596643
14504,"2780,107,108",816526026113
14505,79,680646119979
2368,1003,537894940826
3280,61,928104352141
3331,"181,255",801392618851
14509,5194,923485882084
14495,488,696859435341
14500,1125,493980540339
14502,"1527,269",467506873802
14503,5191,758444174081
2959,167,801346475500
14506,79,680646119979
3441,1717,"563388874988,563388874988"
3353,168,"758079066679,852351726930,959078742794"
806,546,"410618275779,863329919180"
3487,615,996405937084
3541,"1736,126",929819142165
3576,268,488989482109
3600,1704,365660435784
3632,454,755780681559
3660,268,812649641749
3714,211,"245032061699,827772977470,355242680870,210733336914"
14508,16,786837713576
3766,211,605301471334
14510,5195,406194970961
14514,5136,563580450746
3560,1756,928487713665
3436,261,703052179864
3768,1811,159790379354
3530,262,"536320523506,536320523506"
3672,54,323273455984
3435,"295,1713,1714","994685553389,958249908971,951313012753"
3443,1718,"410040702296,245143586034,323273455984"
3448,545,869955988052
3463,1726,687229846531
3481,300,896894389979
3488,1734,812649641749
3502,17,448540462163
3515,1722,996405937084
3519,"531,17","448540462163,368390667456"
3521,1742,"929819142165,929819142165"
3525,1745,"130713082052,218093200747"
3529,"217,219",929819142165
3551,709,"144838920781,408647073007"
3571,1669,"971657212338,706302919753"
3585,167,858030157299
3599,710,"536320523506,536320523506"
3638,49,"323273455984,485018581158,923485882084"
3655,850,"323273455984,858030157299,666167540785,666167540785"
3735,1800,218093200747
3742,757,"536320523506,407445230620"
3577,,703052179864
3635,461,488989482109
3489,1735,996405937084
3518,17,812649641749
3536,1749,758079066679
3545,1532,996405937084
3549,365,558673205516
3569,1760,687229846531
3572,196,"394117657821,394117657821"
3604,1771,996405937084
3605,1772,213478247449
3606,1771,213478247449
3615,28,"929819142165,393625365002"
3622,365,448540462163
3663,"181,255",394117657821
3677,238,812649641749
3686,1699,"687229846531,355242680870,163652477464"
3716,211,245032061699
3718,211,175682234295
3719,1795,218093200747
3723,1796,"929819142165,175682234295"
3731,167,"801765945254,801765945254,396287033930,873750467314"
3732,"1067,17",756372794491
3667,1790,139817792074
3752,"564,1807",969896260093
3726,67,756372794491
3791,1817,536320523506
3798,"1821,1822,1823",117886705769
3629,148,509760591885
3634,454,916532885936
3636,1777,245032061699
3683,916,"964657504129,448540462163"
3689,1125,"130713082052,218093200747"
3720,211,858030157299
3722,"295,28","756372794491,438071472030"
3744,"41,107,108",666328158492
3755,1808,764118488854
3762,1810,"929819142165,929819142165,929819142165"
3778,224,605301471334
3782,262,"536320523506,172095131804"
3804,1824,605301471334
3813,325,800705054080
3819,"1570,107,108",383616851268
3820,89,515788758231
3832,"571,228",756372794491
3956,1870,521144791562
3960,1300,277883390501
3826,546,"172095131804,172095131804"
3977,1877,521144791562
3846,517,"756372794491,426362434662,426362434662"
3856,1234,"824142047736,824142047736"
3857,1519,407575456169
3858,1842,"996405937084,996405937084,149062085809"
3862,"986,507",756372794491
3864,"986,588",756372794491
3880,850,558673205516
3883,850,"605301471334,971657212338"
3892,"1109,1110,636",756372794491
3895,511,"277883390501,563388874988"
3903,234,616040736095
3916,"1854,1153",257206398811
3936,130,680101439838
4004,872,"687229846531,687229846531"
4050,485,"175682234295,210733336914,951313012753"
4082,126,756372794491
4095,"17,28",438071472030
4106,321,863699380035
4117,"1911,1912,1913",438071472030
3893,"1821,1847,1848",117886705769
3932,1441,426362434662
3935,130,680101439838
4063,2148,922388669862
4161,"597,598",929819142165
3923,"1857,107,108",314462754950
3940,262,"536320523506,323273455984"
4037,181,"221736714783,604665014408"
3949,145,"886093680890,849733476327"
3965,"820,295","824142047736,245143586034,438071472030,438071472030,123317730197,629902110827"
3944,1866,426362434662
3953,1868,426362434662
3963,1871,175682234295
3972,1874,858030157299
3990,1879,971657212338
4024,365,245032061699
4025,"365,1885",521144791562
4029,186,812649641749
4046,1890,618355761471
4102,367,929819142165
4141,757,438071472030
4142,"256,295",756372794491
4222,67,756372794491
4225,1947,756372794491
4263,"800,1953",604665014408
3997,207,438071472030
4209,1941,323273455984
3959,344,964657504129
4187,455,"928487713665,858030157299"
4171,87,706986751636
4002,770,438071472030
4028,1887,964657504129
4051,218,"605301471334,867935070956"
4075,"329,1896",758079066679
4078,1897,800705054080
4087,461,438071472030
4093,571,"323273455984,756372794491,438071472030,393625365002"
4105,1905,863699380035
4143,196,669489524419
4172,61,323273455984
4207,262,438071472030
4218,1945,438071472030
4292,"482,270,476",783298102704
4313,1437,261672904480
4340,"527,528,786,1975",958249908971
2527,816,509760591885
4220,"710,710,216,1946,1946","536320523506,536320523506"
4211,1943,858030157299
4260,363,535497907081
4213,550,591971526382
4360,941,914879674634
4346,473,994985901817
4339,641,415381452411
4253,145,"438071472030,438071472030,971657212338,849733476327,438071472030"
4227,1567,"102518202006,776694933307"
4270,1272,438071472030
4275,1731,213478247449
4282,149,858030157299
4284,1956,687229846531
4310,224,886093680890
4314,866,"563388874988,499011384384"
4318,147,929819142165
4335,196,323273455984
4370,1980,122593006807
4372,1981,886093680890
4393,1984,669489524419
4425,2001,314462754950
4410,147,"644081273478,448540462163,951313012753"
4399,"147,1988","929819142165,929819142165"
4394,1985,438071472030
4373,295,858030157299
4397,"182,850",257206398811
4417,138,"971657212338,756372794491,245143586034,863329919180"
4400,1989,438071472030
4402,1990,245032061699
4405,224,353868443200
4408,595,687229846531
4409,793,438071472030
4433,1558,323273455984
4447,935,756372794491
4449,935,"318509972361,332049503008"
4450,935,245032061699
4459,301,709960603219
4464,2013,221736714783
4478,"2021,2022",692836399858
4481,"1874,107,108",438071472030
4483,"2024,57",964657504129
4484,545,"353868443200,353868443200"
4473,54,994985901817
4426,858,126580655982
4427,858,706302919753
4435,"1558,1988","929819142165,426362434662"
4455,"2007,2008","123317730197,797686213271"
4479,"585,2023",332049503008
4480,965,"332049503008,812649641749"
4487,2025,566789475601
4494,2026,"175682234295,662106175294"
4514,"571,68","756372794491,393625365002"
4515,"571,17",800705054080
4517,"68,571","270247321047,210733336914"
4518,"17,230,2033",929819142165
4520,1669,971657212338
4519,"230,17",756372794491
4530,17,929819142165
4532,"28,17",929819142165
4543,354,123317730197
4591,2046,"245032061699,245032061699"
4636,517,"706302919753,756372794491"
4546,2157,661251333274
4579,"145,107,108",616040736095
4527,17,"800705054080,800705054080"
4531,"28,17","756372794491,756372794491"
4533,2034,"756372794491,406194970961"
4534,230,270247321047
4535,17,478701691965
4542,"68,571,588",756372794491
4548,"1936,17,230",929819142165
4550,2035,"929819142165,406194970961"
4556,2038,475272494144
4557,228,584661223260
4571,109,"126580655982,812649641749"
4572,61,409371505827
4574,2041,996405937084
4584,"479,507",929819142165
4588,164,"994985901817,396287033930"
4643,2061,929819142165
4653,215,407575456169
4672,1008,929819142165
4645,"622,1405,1406,2062",812649641749
4658,2066,764118488854
4670,2073,314462754950
4709,"2085,2086",123317730197
4600,264,491201620041
4601,"264,324",491201620041
4607,2048,165501917790
4610,488,165501917790
4612,"2054,2053",117886705769
4642,"225,125","245032061699,245032061699"
4646,1217,687229846531
4655,1527,318509972361
4656,2065,"426362434662,462346580459"
4657,1647,"964657504129,929819142165,438071472030"
4667,2070,438071472030
4673,471,929819142165
4679,"230,571,2074",756372794491
4688,155,515788758231
4698,"67,2074,68,435",438071472030
4701,"67,2074,68","756372794491,438071472030"
4715,1303,929819142165
4719,"224,2089,2090",801392618851
4721,2092,261261055355
4722,2093,"438071472030,653911562158"
4760,54,488989482109
4774,2113,"135161241107,424429512863"
4778,"950,335,390",958249908971
4781,186,619517338401
4795,1008,247037694794
4716,1303,756372794491
4835,2132,934291818657
4907,556,618355761471
4731,841,"206778660188,769573635661"
4955,"87,2163",517277741262
4754,"631,847,848",706986751636
4718,"1303,828",929819142165
4747,2104,426362434662
4749,2105,426362434662
4752,167,372828469540
4763,2075,740901501816
4773,428,438071472030
4775,1125,974609541585
4796,2121,172105222291
4801,2123,"929819142165,426362434662,426362434662"
4865,186,247037694794
4916,2111,958249908971
4922,2149,996405937084
4953,2162,980857559390
4954,774,"958249908971,812649641749"
9466,308,"634676158068,658197689408"
5081,2194,867935070956
4802,1134,407575456169
4804,"491,125",245032061699
4859,"471,2137,186",852351726930
4812,2127,438071472030
4816,2070,275600400905
4906,181,"457524436096,760029738066,764118488854"
4832,145,"801765945254,801765945254"
4823,401,"756372794491,210965998732,396287033930,393625365002"
4842,1506,"618355761471,618355761471,618355761471"
4844,365,258810996865
4862,215,558673205516
4921,1839,483257040799
5021,200,172095131804
5048,362,"257206398811,126580655982"
5066,1215,"230986011321,426362434662,687229846531,409769291691,430020105059"
5069,"2191,2192",438071472030
5085,2096,563580450746
5089,485,206778660188
5093,109,"536103849810,221736714783"
5103,321,448540462163
5106,1768,709960603219
5116,2208,"448594932067,313128132368"
3414,1700,"783298102704,531129283270,812649641749,478701691965"
4845,1447,994985901817
4893,942,463689773804
4876,261,852351726930
7882,4,365660435784
4899,679,"438071472030,210396356827"
5019,"298,349",591971526382
4895,"87,650","438071472030,218093200747,821068817689,758444174081"
4917,1420,858030157299
4929,25,928104352141
4941,2158,245032061699
4948,2161,958249908971
4949,589,756372794491
4979,2169,426362434662
4982,2169,381205542744
4984,"140,141",929819142165
4999,"2171,2172",604665014408
5067,"1153,892",438071472030
5075,481,140289111734
5076,2193,521891611745
5090,2200,974609541585
5228,145,407575456169
5095,677,218093200747
3424,75,"213478247449,589867706993"
5068,"335,2020",153197836615
5108,,407575456169
5111,2205,971657212338
5142,"2217,720",475272494144
5072,295,448540462163
5013,398,"974609541585,605301471334,313128132368"
5018,499,250338844269
5057,159,438071472030
5083,"2195,2196",249593721612
5086,1825,"563580450746,951313012753"
5098,"476,269","563580450746,853065672752,497893661469,225297020098,497893661469"
5105,365,438071472030
5124,2209,737418027113
5126,2211,126580655982
5130,2214,929819142165
5144,2218,563580450746
5148,1798,"980857559390,604665014408"
5167,2226,"123317730197,438071472030,172095131804"
5170,452,"783298102704,812649641749"
9471,380,929819142165
5037,"847,2183",806130336591
9321,244,"562418724503,372828469540,716282150015,604665014408"
5009,832,407575456169
5101,"54,943",488989482109
5078,182,"687229846531,858030157299,312759452298,202243584162,173975302140,368684668577"
5071,145,"144838920781,849733476327,849733476327,849733476327,849733476327"
5006,145,"407575456169,821068817689"
5040,2184,426362434662
5058,301,"438071472030,709960603219"
5084,"2197,2198",488989482109
5091,2201,"438071472030,396287033930,957069255365"
5094,458,372828469540
5102,485,"457524436096,407445230620"
5107,2203,353868443200
5122,2208,245032061699
5133,2216,457524436096
5137,228,800705054080
5158,"965,2223,1781",896894389979
5163,95,218093200747
5204,7,"438071472030,396287033930,812649641749"
5092,163,535497907081
7166,507,616286639596
5141,1756,928487713665
5145,1931,806130336591
5174,145,867935070956
5110,1065,172105222291
5132,488,"438071472030,706986751636,280468269439"
5128,2213,407575456169
5125,2210,562580531983
5129,710,"536320523506,516695344247,869395596643,869395596643"
5135,"197,456",268419714215
5138,"7,16,17","783298102704,438071472030,396287033930"
5147,479,929819142165
5150,2220,"562580531983,210733336914,438071472030,996405937084,165501917790,812649641749"
5153,1463,"892534879101,964657504129"
5154,1447,994985901817
5160,261,448540462163
5169,2228,491201620041
5172,2229,964657504129
5186,"488,117",879531035402
5189,927,249593721612
5196,2235,996405937084
5208,2240,249593721612
5230,757,536320523506
9475,3513,381205542744
3429,1708,509760591885
5188,181,"457524436096,929819142165"
5152,"2221,2222",858030157299
5157,"228,631","438071472030,563388874988"
5166,183,756372794491
5168,2227,756372794491
5179,743,365660435784
5177,148,245032061699
5185,488,831046448096
5191,571,756372794491
5194,"1065,107,108",488989482109
5197,200,869955988052
5202,200,563388874988
5205,2239,
5207,1699,247037694794
5211,927,"929819142165,929819142165"
5217,770,801346475500
5344,"1932,1933","914879674634,716282150015,716282150015"
5355,464,996405937084
5362,1374,706986751636
5385,2293,971657212338
5394,2300,245032061699
5563,443,"996405937084,996405937084"
5591,443,126580655982
9478,49,245143586034
3430,270,"812649641749,812649641749,812649641749"
5226,1839,117886705769
5262,"244,456",706986751636
5300,"500,1662","652884912716,844849809695"
5285,"145,1690","165501917790,365660435784"
5259,244,"706986751636,867935070956,872992090369,245032061699,758444174081"
5247,1731,996405937084
5236,26,"249593721612,498927610170"
5250,1215,"230986011321,536103849810,812649641749"
5271,631,"563388874988,438071472030"
5278,93,706986751636
5279,471,616286639596
5280,832,407575456169
5282,2263,165501917790
5284,365,801765945254
5286,592,"858030157299,396287033930"
5288,2264,687229846531
5291,2266,"824142047736,869228245033"
5330,2277,407445230620
5403,138,245032061699
5443,453,"696732212733,964657504129,173975302140"
2531,367,"270247321047,888721759330,218093200747"
5422,"2308,560",980857559390
5343,2284,687229846531
5359,"1304,1305",627759337467
5384,2292,"964657504129,812649641749"
5395,"2301,107,108",694195477658
5408,"390,335,329,476",438071472030
5409,1388,764118488854
5414,1218,800705054080
5415,648,974609541585
5417,"118,119","706986751636,496854931147"
5424,2309,947823867985
5440,1669,245032061699
5460,245,"323273455984,769573635661"
5493,1440,245032061699
5508,695,756372794491
5511,2336,462346580459
5519,1780,126580655982
5562,175,144838920781
5585,"244,117",618355761471
5600,"1463,117",428393280338
5612,342,213478247449
5405,1051,210396356827
3446,342,"315631053874,315631053874"
5383,192,618355761471
5515,481,210396356827
5388,33,175682234295
5392,2297,964657504129
5750,186,"245032061699,245032061699"
5541,147,687229846531
5438,138,"245032061699,450900851690"
5431,138,971657212338
5442,1658,144838920781
5446,453,"438071472030,852351726930"
5465,2313,964657504129
5466,2283,407575456169
5488,1741,756372794491
5489,444,"355242680870,946525509013,951313012753,812649641749,869395596643,869395596643"
5530,"1154,541,1661,1269",426362434662
5531,635,438071472030
5572,2347,123317730197
5696,146,589867706993
5738,2392,109358135885
5741,651,261672904480
5751,186,245032061699
2532,367,929819142165
5524,2339,"964657504129,916532885936,916532885936"
5536,"2345,165",929819142165
5537,"147,1647","717899694521,173975302140,853065672752,869395596643"
5649,147,"462346580459,764118488854"
5550,448,817321833631
5559,1731,996405937084
5570,401,"261672904480,817434891767,393625365002"
5596,256,"756372794491,666167540785"
5610,2364,618355761471
5622,164,498927610170
5639,508,817321833631
5655,"2369,2354",888721759330
5659,872,165501917790
5661,641,206778660188
5660,1388,783298102704
5665,2230,249593721612
5672,2111,717899694521
5687,1420,888721759330
5688,2382,462346580459
5704,2287,"743946338402,406194970961"
5705,2385,996405937084
5729,"517,258",756372794491
5773,642,888721759330
5823,"618,107,108",618355761471
5934,"2457,103",455989312956
5748,186,245032061699
5914,186,"165501917790,396287033930,992505173378"
5753,2397,407575456169
5758,109,378991748318
5780,2400,886093680890
5794,513,245032061699
5814,"1109,1110,2407",929819142165
5822,247,"355242680870,758444174081,616554609597"
5827,927,437934519571
5833,841,886093680890
5844,"2419,117","462346580459,312759452298"
5847,"695,17",438071472030
5858,2424,521144791562
5883,443,996405937084
5887,2436,249593721612
5944,2461,756372794491
5990,850,558673205516
6013,2478,500357715903
6046,742,812649641749
6105,2506,245032061699
6047,283,529451196997
5846,953,109358135885
5957,283,529451196997
5985,2468,"556387407572,426362434662"
6010,529,618355761471
5849,185,996405937084
5911,"784,107,108",618355761471
6041,2486,964657504129
5876,158,261672904480
5912,"462,958",438071472030
5932,757,"888721759330,861248654566"
5958,885,"536320523506,478701691965"
5967,2184,462346580459
5972,885,"500357715903,616286639596"
5981,2466,"849733476327,245143586034"
5991,184,"323273455984,123317730197"
5997,778,440370063730
6001,1065,"365660435784,922388669862,916532885936,159790379354,801765945254"
6009,111,123317730197
6014,"2479,117",844849809695
6017,"2481,2482,2478",500357715903
6036,835,448540462163
6040,2485,123317730197
6062,283,958249908971
6146,,606884302092
6072,2491,165501917790
6064,,643587140122
6117,247,462346580459
6089,"283,2198",488989482109
6149,,606884302092
6147,809,606884302092
6051,2488,756372794491
6133,"2511,456",618355761471
6178,"147,335",800705054080
6055,"1762,2489,901",783298102704
6080,2494,218093200747
6070,"207,107,108",547168561028
6083,"2496,2497",426362434662
6085,2498,783298102704
6091,1,756372794491
6092,499,"535497907081,438071472030"
6101,507,800705054080
6114,131,563580450746
6115,68,756372794491
6120,247,756372794491
6136,2082,213478247449
6145,1234,"536320523506,536320523506"
6150,803,210396356827
6154,2514,249593721612
6174,2020,731159599603
7171,507,706302919753
6323,,
6354,"295,1713,2575,2576,603",812649641749
6191,166,123317730197
6459,2604,886093680890
6299,"126,1272",812649641749
6249,"145,2538","365660435784,616040736095"
6253,145,922388669862
6243,145,971657212338
6200,2522,440370063730
6207,2525,365660435784
6216,"2528,2529",929819142165
6218,2528,929819142165
6225,"2531,1405,2532",929819142165
6226,"2531,2533",929819142165
6242,145,566789475601
6266,2385,996405937084
6271,1452,426362434662
6291,2553,869955988052
6348,595,426362434662
6357,2578,996405937084
6395,2306,756372794491
6431,2596,888721759330
6462,757,"929819142165,438071472030"
6477,"2610,270,2076",863699380035
7173,507,263021605118
6408,"145,456",849733476327
6437,145,812649641749
6439,925,500357715903
6438,1137,357700371135
6278,1739,213478247449
6290,"68,17,571",812649641749
6298,"52,103",263940288201
6311,476,812649641749
6333,1065,365660435784
6335,2571,563580450746
6356,2445,"355242680870,666167540785"
6384,"695,230,571",812649641749
6387,2587,"764118488854,454507501719,951313012753,318509972361,725382501321"
6410,"145,117",165501917790
6412,1669,717899694521
6421,301,706302919753
6442,223,760029738066
6458,2603,958249908971
6465,2364,365660435784
6470,2488,958249908971
6485,515,812649641749
6507,167,166731549517
6515,1825,971657212338
6652,793,488989482109
6557,"334,2642","488989482109,488989482109"
6511,2626,438071472030
6513,"182,117",165501917790
6514,342,"213478247449,315631053874,315631053874"
6518,1700,"817321833631,210965998732"
6526,109,817321833631
6541,2633,448540462163
6542,145,365660435784
6548,398,827772977470
6551,2639,144838920781
6554,1,"218093200747,175682234295"
6556,109,245032061699
6567,2647,971657212338
6613,2667,"159135092439,536103849810,883913356047,923437623782"
6627,"2671,2672",996405937084
6650,877,929819142165
6657,"2683,1684",929819142165
6675,403,"438071472030,313128132368"
6678,2691,888721759330
6693,2696,929819142165
6694,2697,903328006826
6607,2157,"849733476327,849733476327"
6622,,727841430262
6574,79,"438071472030,823943248698"
6742,,175682234295
6764,1234,700584410923
6766,"1573,298",438071472030
6582,"2179,636",756372794491
6600,"2661,1947",438071472030
6624,"2668,2669",731159599603
6628,631,438071472030
6690,965,426362434662
6705,2680,996405937084
6707,"184,2698",801765945254
6711,2701,426362434662
6719,571,756372794491
6721,"571,68",210733336914
6724,571,245143586034
6735,571,438071472030
6736,247,"245143586034,357700371135"
6737,"247,69","958249908971,438071472030,438071472030"
6751,"66,17",924489435838
6759,419,756372794491
6765,57,964657504129
6767,247,971657212338
6770,2711,438071472030
6769,186,658081147494
6984,2056,"277883390501,277883390501"
7009,964,853065672752
3451,968,964657504129
6802,2722,994985901817
7112,"2795,2796",567839591024
7114,"267,268",140289111734
7187,"267,269",381678968179
7279,403,756372794491
6871,298,316195095367
7180,186,776694933307
6817,1669,888721759330
7327,"710,710,216,1946,1946",536320523506
6799,181,867935070956
6821,258,756372794491
6825,839,"812649641749,563388874988,616554609597"
6781,295,"245143586034,245143586034"
6831,2728,558673205516
7287,488,971657212338
6839,1669,"888721759330,863329919180"
6854,1069,245143586034
7311,716,706986751636
7344,74,869955988052
6851,344,853065672752
6850,2007,218093200747
6902,"757,323",438071472030
3458,169,213478247449
6957,"571,2758,695",438071472030
6986,"2765,257,1005",812649641749
6853,1069,743946338402
6966,"244,456",238042137625
7061,,202243584162
7147,186,658081147494
6864,61,563388874988
6964,295,756372794491
6873,239,602884829132
6869,298,824142047736
7100,"87,349",980857559390
6875,380,971657212338
6990,2770,758079066679
7015,2777,355242680870
7036,158,261672904480
7060,7,396287033930
7091,"2793,531",498927610170
7387,471,536320523506
3483,148,"996405937084,263021605118,493359161987"
7564,2353,138008228727
6911,1479,536320523506
6928,2743,532998719818
7308,181,"438071472030,394117657821"
6912,832,563388874988
6932,"757,471",536320523506
6933,2746,249593721612
6943,507,549265328193
6956,2757,964657504129
6989,2769,914879674634
7008,793,438071472030
7014,213,655438819868
7020,2780,238042137625
7062,718,"902628186976,247037694794,399854590127"
7155,2810,971657212338
7168,"507,2813","616286639596,616286639596"
7200,1700,175682234295
7201,78,438071472030
7231,2826,315631053874
7247,2833,602884829132
7342,2856,394117657821
7395,2875,888721759330
7549,1647,563388874988
6991,166,971657212338
7063,555,478701691965
7093,868,849733476327
7143,243,438071472030
7109,61,971657212338
7211,"267,270,269",602884829132
7295,841,"438071472030,951313012753,462346580459"
7390,184,"563388874988,951313012753,697751657465"
7177,507,616286639596
7209,1650,817434891767
7215,461,852351726930
7227,2824,448540462163
7233,2827,769573635661
7255,281,817434891767
7260,1044,658081147494
7262,1044,658081147494
7286,"2676,488",438071472030
7316,710,"536320523506,923437623782"
7324,710,500357715903
7362,61,971657212338
7402,"267,1339",852351726930
7424,295,806130336591
7455,841,563388874988
7494,2897,800705054080
7280,193,872992090369
11767,608,496854931147
7391,"2186,2870,2871,2870",102518202006
7511,2903,994985901817
7318,710,144838920781
7258,87,"438071472030,448594932067,162342107260"
7326,710,616286639596
7366,326,396287033930
7393,2763,971657212338
7419,488,563388874988
7425,295,"563388874988,396287033930"
7445,2885,783298102704
7450,444,"662106175294,706302919753,467506873802"
7451,444,971657212338
7476,364,867935070956
7482,631,563388874988
7490,"230,571",438071472030
7504,2013,355242680870
7533,"2912,2913",438071472030
7534,"2912,2913",563388874988
7535,2914,438071472030
7565,2314,275600400905
7581,"2923,2924",658081147494
11774,262,627759337467
7558,182,769573635661
7607,365,"438071472030,951313012753,758444174081,758444174081"
959,181,"750156468469,407575456169,579377061875,448540462163,472558623157,165501917790,371416544015,152751758606,868239522489"
3588,"256,283,119",812649641749
7752,184,"776694933307,890294665745"
7881,4,478701691965
5418,"119,80,650",694195477658
7529,295,396287033930
5533,2344,442528217059
7553,935,409371505827
14181,"57,1140",812649641749
8199,31,563388874988
7566,325,706986751636
1519,181,"579377061875,394117657821"
7567,1463,849733476327
7583,642,916532885936
7593,2931,233015433573
7608,2937,"368390667456,426362434662"
7672,1793,"144838920781,666328158492,569192161008"
7747,443,996405937084
7869,49,563388874988
6065,"167,107,108","844849809695,922388669862"
14630,670,653911562158
188,148,"515788758231,410618275779,242725736100,426362434662,323273455984,448540462163,951313012753,951313012753,666167540785,245143586034,616554609597"
2864,283,"242725736100,958249908971,245143586034,616554609597"
7844,283,"563388874988,713815986884,713815986884,713815986884,888990630183"
14634,"1665,4002",136486185997
14631,295,616554609597
2170,167,"579377061875,323273455984,994985901817,123317730197,261672904480,873750467314,575030670508,992505173378,497893661469"
657,75,"750156468469,218093200747,448540462163,589867706993,218093200747,666167540785,381205542744"
2344,"571,68,295","929819142165,557097932039"
1505,167,867935070956
14626,17,406194970961
14620,785,653911562158
2533,367,"130713082052,140289111734,929819142165,616554609597"
350,283,"321316551291,874158820580,536320523506,123317730197,951313012753,245143586034"
5743,283,"245143586034,245143586034,964657504129,662106175294,245143586034,210965998732,313128132368,332049503008,123317730197,496854931147,888990630183"
8663,283,"565508649176,175682234295"
1979,283,"410618275779,321316551291,713815986884,713815986884"
2545,636,"584661223260,929819142165"
2547,511,230986011321
2559,1238,"896894389979,497893661469"
2563,1383,509760591885
4208,283,"140289111734,869395596643,869395596643"
7012,283,"754817958681,713815986884,713815986884,713815986884,713815986884,713815986884"
6057,"283,316","123317730197,636545644634,636545644634"
5922,"283,456","713815986884,713815986884"
5923,283,"713815986884,565508649176,565508649176"
9611,283,245143586034
4964,283,"438071472030,971657212338"
6073,283,"713815986884,565508649176,565508649176,713815986884,713815986884"
2663,"283,679","579377061875,824142047736"
5800,283,"448540462163,396287033930"
3730,283,"646088311507,444873390371"
5096,283,958249908971
2369,283,753128310892
2571,433,321316551291
2573,1385,959078742794
2575,1387,277883390501
2582,1390,"321316551291,756372794491"
2592,739,"230986011321,257206398811"
2593,1396,584661223260
2599,189,509760591885
2612,1076,"321316551291,589867706993,500357715903"
2616,1303,"321316551291,756372794491,169631732730"
7843,283,334291829935
11025,283,"245143586034,837136053942"
2741,283,"579377061875,713815986884,713815986884"
7842,"283,3024",616286639596
5853,283,"817321833631,958249908971,413739000844"
7846,283,"616286639596,210965998732"
10094,"283,575",175682234295
1993,283,821032141765
6447,"1140,283","713815986884,713815986884,713815986884,713815986884"
10438,283,868239522489
3623,283,"958249908971,210965998732"
776,186,"579377061875,734535702313,438071472030"
5314,186,"372828469540,396287033930"
338,283,"177371299101,616286639596"
2413,283,"874158820580,713815986884,812649641749,713815986884"
7845,283,396287033930
5852,"283,679","817321833631,951313012753"
8556,283,245032061699
5951,283,529451196997
10815,283,868239522489
9484,283,666167540785
13109,283,957069255365
13110,"283,2422",616554609597
2434,283,"874158820580,713815986884"
13380,283,666040486933
8112,"186,2107",591971526382
13119,283,"957069255365,444873390371"
10400,283,868239522489
9792,283,206035657180
13114,283,713815986884
5419,"283,522,2307",694195477658
5947,283,"713815986884,713815986884"
12906,283,957069255365
10091,"283,3714",666167540785
13117,283,713815986884
2619,31,"242725736100,242725736100"
11212,283,175682234295
9823,283,136217760934
5845,"283,2420,901,2421",172689322089
10354,"126,228,1473,283",596020596118
6044,283,756372794491
11680,283,713815986884
8983,283,868239522489
9973,283,136217760934
4898,"283,679",438071472030
8731,"1140,257,3289,283",270247321047
5851,"283,2422","817321833631,958249908971"
5929,"1140,283","958249908971,312759452298"
2934,186,"407575456169,128533184648,407445230620,500357715903,888721759330"
1804,186,"801392618851,365660435784,165501917790,197341950772"
10436,186,"844348411929,397699130328,569192161008,472558623157"
3979,186,"323273455984,245032061699,245032061699,924489435838,323273455984,372828469540"
5746,186,"245032061699,396287033930,604665014408,493980540339,497893661469"
2896,186,"144838920781,144838920781,218093200747"
5379,186,"562580531983,396287033930,332049503008"
4031,"186,181","521144791562,312759452298"
4013,186,"245032061699,511983294691,233015433573,245032061699,604665014408,604665014408,869395596643"
1262,186,"661251333274,764118488854"
5752,186,"245032061699,245032061699,463689773804"
3040,186,"407575456169,407445230620,396287033930"
5546,186,"801765945254,245032061699"
10040,186,951313012753
10150,186,413739000844
4847,186,"457524436096,562418724503"
5760,186,"888721759330,951313012753"
4833,186,144838920781
4850,186,114447454905
6380,186,"407575456169,123317730197"
5140,186,206778660188
11864,186,396287033930
5261,186,407445230620
4030,186,323273455984
7190,186,245032061699
11198,186,165501917790
5336,186,323273455984
9241,186,355242680870
2926,186,233015433573
6830,186,690937716610
2621,75,753128310892
2629,33,836928405393
2628,1411,911593860202
2642,453,"959078742794,498927610170"
8693,186,122678901963
11696,186,869228245033
10466,186,159790379354
8300,"186,2106",902535120692
13200,186,758444174081
13024,186,616554609597
4860,186,114447454905
5775,186,245032061699
4017,186,521144791562
2643,146,"509760591885,175682234295,381205542744"
210,186,"391031877698,245032061699,123317730197,323273455984,426362434662,332049503008,396287033930,152751758606,703052179864,992505173378,703052179864,497893661469,497893661469,591456048923"
2651,1272,"929819142165,929819142165,929819142165"
2659,165,"584661223260,634676158068"
2668,585,"874158820580,812649641749,812649641749,812649641749,812649641749"
2669,208,"874158820580,218093200747,703614684224,616554609597,758444174081"
2684,631,"916532885936,951313012753,396287033930"
7174,507,"616286639596,616286639596,868239522489,169631732730"
2802,186,579377061875
2686,631,"491201620041,812649641749"
2691,925,979910711272
1035,31,"140289111734,800705054080,824142047736,448540462163,123317730197,769573635661,616554609597,616554609597,616554609597"
436,351,"242725736100,315631053874,318509972361,687229846531,230986011321,355242680870,472558623157,462346580459,245143586034,740982016794,812649641749,438102585810,616554609597,348461817543,703614684224,616554609597,406194970961"
933,517,"676591585116,321316551291,426362434662,500357715903,951313012753,245143586034,313128132368,616554609597,616554609597,123317730197,616554609597,450900851690,497893661469,317425191534,497893661469,616554609597,616554609597,616554609597,197341950772,616554609597,616554609597"
1628,303,"783298102704,323273455984,536103849810,716282150015,951313012753,313128132368,159790379354,365660435784,696859435341"
716,499,"206727921604,974609541585,706986751636,703052179864,858030157299,994985901817,716282150015,245143586034,961890638160,604665014408,496854931147"
555,419,"242725736100,916532885936,162342107260,783298102704,123317730197,396287033930,666167540785,123317730197,951313012753,173975302140,616554609597,497893661469"
769,525,"852351726930,867935070956,644081273478,867935070956,172095131804"
4049,757,"536320523506,245143586034,640284426813,591971526382,312759452298,636545644634,868239522489"
5256,147,"140289111734,353868443200,951313012753"
7813,344,"873750467314,218093200747,604665014408"
800,344,"703052179864,407575456169,801765945254"
5319,344,"604665014408,438071472030"
1227,757,"713815986884,713815986884,489816938483"
11357,344,"394117657821,394117657821"
7528,344,969896260093
6874,344,602884829132
823,"54,344",869679830682
3958,344,852351726930
7807,344,"438071472030,394117657821"
7375,344,396287033930
1158,344,661251333274
10680,344,604665014408
4569,344,210396356827
2900,344,579377061875
1965,344,804121600141
1048,344,579377061875
901,344,"394117657821,394117657821"
4387,344,"407575456169,365660435784,703052179864"
59,"58,59","140289111734,321316551291,892587510952"
4808,461,144838920781
4086,461,438071472030
10946,"461,793",488989482109
10945,461,"616554609597,616554609597"
5038,461,488989482109
4621,147,323273455984
11754,2657,616040736095
955,"638,107,108","867935070956,867935070956"
13083,461,235400699090
9201,147,964657504129
13084,461,394117657821
7713,461,658081147494
3354,449,558673205516
629,449,874158820580
137,134,"821068817689,509760591885,687229846531,858030157299,123317730197,951313012753,812649641749"
2693,1429,"959078742794,618355761471"
2705,"1361,117",634022492611
2712,146,509760591885
2773,365,"874158820580,812649641749,801765945254,801765945254,407445230620,716282150015,173975302140,951313012753"
1165,29,"140289111734,867935070956,232920340516,438071472030,868239522489,812649641749"
7961,262,"916532885936,716282150015,616554609597,951313012753,616554609597,812649641749,923485882084"
2283,164,"321316551291,353868443200,812649641749,165501917790,616554609597,245143586034,172095131804,225297020098"
535,89,"874158820580,874158820580,717899694521,812649641749,210965998732,210396356827"
1861,1050,"874158820580,817321833631,874158820580,323273455984,812649641749,964657504129,245143586034,868239522489,867935070956"
2713,1437,"750156468469,175682234295,666167540785,869228245033"
2733,1445,896894389979
3109,75,"874158820580,958249908971,869228245033,812649641749,383092039780,210965998732"
4616,263,760029738066
3616,1044,"536320523506,206778660188,873750467314,280468269439"
663,75,"750156468469,636545644634,994985901817,869228245033,812649641749,812649641749"
12533,247,"812649641749,321316551291,444873390371,497893661469"
354,296,"230986011321,980857559390,659431910127,716282150015,357041318124,210965998732,812649641749,716282150015,296272052435"
448,353,"509760591885,817321833631,996405937084,353868443200,666167540785,812649641749,210965998732"
11100,"270,4002",812649641749
10014,452,"245143586034,616040736095"
9661,882,616554609597
4000,"755,916","750156468469,951313012753"
11175,4025,703052179864
6432,1447,"138008228727,312759452298,268075128115"
12064,4369,175682234295
13145,4716,629902110827
8823,1764,312759452298
265,227,"509760591885,172689322089,563580450746,653911562158"
3582,1764,849733476327
3741,138,"175682234295,863329919180"
2728,224,"801392618851,353868443200,475272494144,355242680870"
3253,148,"753128310892,515788758231,531129283270,616554609597,616554609597,616554609597"
10510,"261,747","812649641749,876678666189,631346754147,582138190135"
2737,592,469005496082
2742,160,509760591885
3500,507,616286639596
10807,181,413739000844
1222,263,"661251333274,516726561240,969896260093,245143586034,702092704484,949538583064,703753739711,869395596643,424429512863,758444174081"
2754,1451,979910711272
141,138,"801392618851,836928405393,168459389183,687229846531,378991748318,563388874988,448540462163,245143586034,951313012753,575030670508,949538583064,769929922987,696859435341"
5905,891,"462346580459,858030157299,563580450746,173975302140,315631053874,392772452716,653911562158,653911562158"
2985,75,"296272052435,753128310892,409371505827,863329919180,263021605118"
13279,4757,604665014408
7893,31,769573635661
2756,146,509760591885
316,263,394117657821
11788,263,873750467314
2412,263,"394117657821,438071472030,238042137625,372828469540,245143586034,680101439838,396287033930,123317730197,992505173378,569047383287"
4118,138,323273455984
753,263,"394117657821,734520369898,969896260093,858030157299,238042137625,245143586034,332049503008"
224,197,"391031877698,783298102704,618355761471,405513968079,886093680890,703052179864,357041318124,616554609597"
9410,263,"368390667456,368390667456,758444174081"
7415,263,"407575456169,245143586034,703052179864"
6138,263,"245143586034,438071472030"
2757,263,"394117657821,407575456169,245143586034"
12876,263,430020105059
2988,"263,107,108",801346475500
8751,263,"680101439838,245143586034"
4734,263,669489524419
3057,885,"140289111734,536320523506,478701691965,735975956845"
2759,181,579377061875
2986,263,407575456169
5420,224,"339046812284,823943248698,951313012753,758444174081,923485882084"
4430,263,"323273455984,396287033930,852351726930,365660435784,604665014408,128989895054"
3157,1523,"801346475500,394117657821"
365,301,"801392618851,123317730197,245143586034,666167540785,569192161008"
3433,958,"318509972361,438071472030,662106175294,951313012753,309842505795,616554609597"
672,470,"509760591885,410618275779,750156468469,245032061699,951313012753,126580655982,462628741767,769929922987"
2263,301,"410618275779,776694933307,245143586034,126580655982,957069255365,758444174081"
2040,595,"705555476885,357700371135,563388874988"
13253,"482,527,528",569192161008
4182,455,"438071472030,783298102704,245143586034,123317730197,604665014408,616554609597"
4179,455,"321316551291,852351726930,321316551291,438071472030"
2762,149,874158820580
2763,182,"131801535028,624645863371"
2768,1455,242725736100
2770,522,690937716610
883,595,"230986011321,500357715903,994985901817,994985901817,687229846531,644691307821,545559172177"
2044,595,"516695344247,542654609056,426362434662,500357715903,557097932039"
1661,958,"874158820580,858030157299,951313012753,604665014408"
699,485,"600928040850,734535702313,368390667456,430020105059"
1646,952,"140289111734,130713082052,238042137625,245143586034,616554609597,424901071220"
7523,234,"407445230620,365660435784"
4214,323,"448540462163,888721759330"
891,4,"140289111734,321316551291,971657212338,123317730197,365660435784,321316551291,951313012753,424901071220,645173583380,689317362970,869395596643,497893661469,497893661469"
8291,"126,2017","951313012753,424901071220,779090865758"
13721,"2093,2623,4907,2623,4908",779090865758
3543,507,812649641749
3378,"295,507","929819142165,245143586034,396287033930"
2174,295,"690937716610,756372794491"
7167,507,448540462163
2771,490,579377061875
1046,674,"959078742794,312656726945,946706748102,916532885936,653559399185,123317730197,687229846531,616554609597,616554609597,888990630183,108235469049"
2738,982,579377061875
7165,507,"756372794491,951313012753,210733336914"
6185,200,"618355761471,245143586034,177451509238,869395596643"
3023,507,690937716610
4356,507,"130713082052,438071472030"
202,179,"703052179864,888721759330,764118488854,888721759330,616554609597,616554609597,716282150015"
3010,200,"867935070956,438071472030,123317730197,769573635661,368390667456"
1899,1044,"801346475500,783298102704,658081147494,694523396358"
2734,557,"836928405393,448540462163,994985901817"
839,163,"661251333274,257206398811"
4196,182,"323273455984,951313012753,696859435341"
7739,841,"438071472030,463689773804,126580655982"
789,"200,107,108","867935070956,849733476327,618355761471,867935070956,158358714146"
2536,841,"734535702313,407445230620,245032061699,687229846531"
2779,1461,"753128310892,438071472030"
12542,4548,703753739711
1615,96,"979910711272,323273455984,441959532869,225666126939,640284426813"
13157,1883,"280468269439,531869172519"
9458,181,"562418724503,951313012753"
6640,"488,2676","824142047736,869395596643,869395596643"
2063,181,"321316551291,131801535028,218093200747,497893661469"
4065,1125,"438071472030,706986751636,706986751636,438071472030"
4377,264,"488989482109,218093200747"
12658,1125,415669267973
1706,757,"713815986884,611142688826,426362434662,426362434662"
10663,"335,958,323",631346754147
10884,"641,335","812649641749,496854931147"
693,455,"874158820580,971657212338"
1294,"556,599",394117657821
1669,335,296272052435
3528,"217,1746",558673205516
8621,999,312759452298
7193,1523,215997887587
12769,1259,467506873802
9772,396,928487713665
2774,1065,"407575456169,261672904480,245143586034"
3124,145,"131801535028,396287033930,824142047736,173975302140"
4068,196,"438071472030,531129283270,407445230620,122678901963"
12833,4405,497893661469
6493,1374,858030157299
6005,1265,438071472030
4573,1265,"849733476327,801765945254,821068817689"
232,202,394117657821
2778,1460,"657730610795,783298102704,321316551291,478701691965,687229846531,694195477658,245143586034,951313012753,616554609597,312759452298,892587510952,583722594102"
14629,202,444873390371
3345,295,783298102704
7762,211,"888721759330,869228245033"
2782,207,"974609541585,493980540339"
7176,507,706302919753
1215,748,"230986011321,646088311507,245143586034,971657212338,994985901817,280468269439,716282150015,616554609597,666167540785,666167540785,426362434662,616554609597,616554609597"
1052,677,"296272052435,396287033930,858030157299,545559172177,951313012753,409371505827,200855216135,604665014408,616554609597,543878232429"
712,38,"748039353331,928487713665,836928405393,858030157299,438071472030,716282150015,545559172177,716282150015"
2486,1347,"928487713665,123317730197"
6868,298,928487713665
2647,860,"928487713665,914879674634"
1077,79,"928487713665,438071472030,257206398811"
8898,"872,107,108","284356751435,928487713665"
11991,1423,928487713665
3234,75,"928487713665,928487713665"
550,75,"410618275779,210965998732"
3357,365,394117657821
1133,365,"232920340516,709960603219,869395596643"
3682,365,"448540462163,448540462163,407445230620,339931740950"
434,224,"750156468469,817321833631,863329919180,812649641749,450900851690"
2074,1143,"516695344247,911593860202,971657212338,122678901963,863329919180,604665014408"
669,79,"874158820580,230986011321,438071472030,797686213271,680646119979"
981,54,"383616851268,323273455984"
9379,54,"873750467314,992505173378,992505173378"
12207,54,"142764249804,616554609597"
7164,507,"706302919753,868239522489"
561,134,"509760591885,122678901963,769573635661"
6844,365,"929819142165,426362434662"
6797,365,858030157299
8108,365,"407445230620,801765945254"
7545,365,438071472030
6026,365,929819142165
4015,365,"438071472030,951313012753,407445230620,971657212338,869228245033,173975302140,758444174081,444873390371"
4406,743,"994985901817,144838920781,951313012753"
3128,365,394117657821
11378,147,"654025016981,951313012753,604665014408,362057624131,444873390371"
4652,54,"687229846531,323273455984,312759452298,136486185997"
1199,54,"769929183709,210396356827,448540462163,824142047736"
5193,261,"140289111734,321316551291,631346754147,339931740950"
5178,54,"323273455984,438071472030,923437623782,210396356827"
2529,488,"734535702313,764118488854,336636676011,994985901817"
2630,234,"321316551291,290735419117,604665014408,332049503008,496854931147,910900978473,493980540339"
7072,54,323273455984
6884,54,"994985901817,873750467314"
8945,54,"396287033930,923485882084"
9563,54,824142047736
7722,54,438071472030
2309,54,394117657821
2783,80,"874158820580,858030157299"
3294,7,"783298102704,563388874988,868239522489"
3299,433,"646088311507,868239522489,217886025664"
3304,557,253595547136
3305,353,"874158820580,545559172177,210965998732,740982016794,812649641749,218093200747,653911562158"
3309,"58,107,108",656985579957
3310,244,"646088311507,892534879101,764118488854,764118488854"
3311,43,213478247449
3316,10,874158820580
3319,986,"929819142165,756372794491"
3321,1660,783298102704
7572,54,438071472030
1992,54,"804121600141,198947507883"
7106,54,703052179864
6193,54,323273455984
2561,54,734535702313
5935,"184,54",355242680870
5317,54,415381452411
2586,54,407575456169
5786,54,323273455984
12343,54,"890294665745,703052179864"
13810,54,703052179864
7299,54,394117657821
12846,54,365660435784
5281,54,206778660188
204,181,"102374066294,734535702313,914879674634,438071472030,716282150015,245143586034,450900851690,394117657821"
2929,181,"579377061875,323273455984,365660435784,801765945254,365660435784,575030670508"
1366,181,"804121600141,323273455984,873750467314,604665014408,604665014408"
1782,181,"394117657821,372828469540,173975302140,394117657821"
10314,181,"394117657821,394117657821,381678968179,769929922987"
9682,181,396287033930
3644,181,"680101439838,312759452298,355242680870,689317362970"
1267,181,"769929183709,616554609597,616554609597,497893661469"
7336,181,764118488854
9271,181,888721759330
5669,181,"206778660188,323273455984"
1786,181,"783298102704,886093680890,951313012753,312759452298,312759452298,210733336914,689317362970"
916,181,"579377061875,858030157299,873750467314"
10549,181,122678901963
5306,"181,2107",323273455984
12617,181,787601335878
7707,181,365660435784
12624,181,394117657821
13440,181,834053766474
5307,181,604665014408
5633,181,407445230620
9315,181,562418724503
2790,398,"242725736100,409371505827,169631732730,557097932039"
2793,1467,"131801535028,438071472030"
2799,604,"131801535028,365660435784,868239522489"
2803,262,974609541585
2805,452,"410040702296,812649641749"
2809,"522,1386,1472,1473",242725736100
3324,468,318509972361
4423,588,929819142165
11304,181,604665014408
4761,"181,2107",323273455984
9026,186,165501917790
2359,145,"321316551291,365660435784,824142047736,873750467314,365660435784"
6258,145,"365660435784,284356751435,696859435341"
5464,145,"886093680890,591971526382,408647073007"
2264,"145,117","801346475500,666328158492"
4009,145,"475272494144,165501917790,218093200747"
8209,145,"218093200747,365660435784,575030670508"
6342,145,"858030157299,463689773804"
2673,145,"867935070956,365660435784"
6273,145,"165501917790,312759452298"
6239,145,"566789475601,922388669862"
9222,145,284356751435
1091,145,"579377061875,405513968079"
6246,145,922388669862
14325,145,696859435341
13008,145,705985861385
11089,145,849733476327
12113,145,350156215334
8955,"147,3371","951313012753,589867706993,321316551291,869395596643"
6177,"147,329","758372041391,140289111734,951313012753,332049503008,616040736095,497893661469"
6714,"147,2702","275600400905,923437623782"
6176,147,"964657504129,923437623782,812649641749,604665014408"
10599,"147,3371","758079066679,690719799488,444873390371"
12958,"147,3371","869395596643,467506873802"
4871,147,448540462163
2065,147,242725736100
4474,147,858030157299
10196,147,888721759330
10789,"147,1647",540859075517
12814,147,497893661469
6565,147,"426362434662,853065672752"
4935,"2155,334,147",140289111734
6506,"261,147",438071472030
7053,147,853065672752
6906,147,245143586034
5036,"147,1063,334",448540462163
10058,147,868239522489
1901,"1063,147",713815986884
3038,"390,147",253595547136
5540,147,964657504129
2814,232,584661223260
911,295,"315631053874,396287033930,694195477658,438071472030,448540462163,869395596643,497893661469"
4246,295,"800705054080,858030157299,245143586034"
2827,741,140289111734
1148,295,"874158820580,836928405393,824142047736,245143586034"
677,295,"475272494144,245143586034,396287033930,913175848608"
4331,295,"971657212338,756372794491,396287033930,245143586034"
4321,295,"858030157299,396287033930,951313012753,248275867936,869395596643"
7457,295,"706302919753,321316551291,159790379354"
10258,"228,295,695","929819142165,929819142165"
4327,295,"159790379354,924489435838,368390667456,368390667456"
2121,"820,295","242725736100,259698176019"
9197,295,"756372794491,396287033930"
7257,295,"706302919753,210965998732,210965998732"
7421,295,"438071472030,405513968079,245143586034"
4498,295,"448540462163,396287033930"
7691,295,"589867706993,616554609597"
7379,295,"756372794491,438071472030"
613,295,"817321833631,858030157299,123317730197,589867706993"
4329,295,"756372794491,438071472030,430020105059"
2832,89,"563388874988,515788758231,210965998732"
2835,1485,242725736100
2837,468,"974609541585,874158820580,662106175294,949538583064,812649641749,653911562158"
2840,1411,230986011321
2842,261,140289111734
4434,"2003,2004",812649641749
1935,295,"130713082052,438071472030"
9678,295,706302919753
7383,"295,92","706986751636,565508649176"
9380,295,"245143586034,261100721749"
4376,295,"706302919753,756372794491,245143586034,393625365002"
10265,"68,295,67",245143586034
6963,295,706302919753
4325,295,"929819142165,323273455984"
6960,295,706302919753
7005,138,355242680870
6168,138,426362434662
6895,295,706302919753
4324,295,"448540462163,756372794491"
1181,295,"874158820580,706302919753"
7854,295,396287033930
6715,"571,295",245143586034
6962,295,563388874988
6959,295,210733336914
10628,"295,28,3154",368390667456
6571,295,"123317730197,396287033930"
7431,295,"929819142165,616554609597"
7079,295,756372794491
6965,295,756372794491
7038,295,396287033930
6898,295,869955988052
6899,295,"694195477658,393625365002"
4404,295,"339046812284,396287033930"
10115,295,123317730197
6893,295,756372794491
7606,295,396287033930
7381,295,563388874988
7082,295,706302919753
6679,26,249593721612
1290,26,874158820580
2949,298,"974609541585,448540462163,210965998732"
1054,298,"270247321047,172095131804,405513968079,210965998732"
755,298,"410618275779,365660435784,245143586034,245143586034,604665014408,245143586034"
581,298,"321316551291,849733476327,589867706993,245143586034,961890638160"
543,298,"410618275779,396287033930,357041318124,210965998732,645173583380"
9174,298,"109358135885,245143586034,700381754999,604665014408"
7368,298,"365660435784,245143586034,589867706993"
1096,298,"410618275779,509760591885,509760591885,123317730197,405513968079,245143586034"
2852,488,"817927469568,397699130328"
7516,298,"824142047736,245143586034"
6870,298,"888721759330,210965998732"
9351,298,"210965998732,210965998732"
517,298,"321316551291,357041318124"
8223,298,"916532885936,245143586034"
4851,298,"980857559390,245143586034,666040486933"
2288,298,"410618275779,357041318124,357041318124"
8494,298,716282150015
9209,298,210965998732
9860,298,589867706993
9208,298,126580655982
2853,68,130713082052
2854,342,315631053874
1617,298,"509760591885,210965998732"
4148,298,"604665014408,210965998732,210965998732"
2859,38,563388874988
2866,109,509760591885
2869,1463,"321316551291,257206398811,159790379354"
2871,75,"145533674118,636545644634"
2872,185,"874158820580,636545644634"
2876,1498,"140289111734,381205542744"
2897,281,579377061875
2901,215,492424079933
2912,75,928487713665
2917,953,242725736100
357,298,"410618275779,210965998732"
9989,298,210965998732
7189,"298,2816",238042137625
6865,298,"800705054080,245143586034"
11513,196,"396287033930,123317730197,569047383287,758444174081,139103050963"
1586,507,"263021605118,874158820580,753128310892,210733336914,123317730197,438071472030,951313012753,863329919180"
5975,885,"500357715903,531869172519"
12878,263,703052179864
10297,87,372828469540
3912,130,"462346580459,680101439838,858030157299,438071472030,922388669862,365660435784"
7118,1455,"971657212338,261672904480,951313012753,616554609597"
3389,138,"144838920781,144838920781,426362434662,426362434662,929819142165,448540462163,368390667456,365660435784"
4016,138,"128533184648,245032061699,888721759330,448540462163,888721759330"
4618,138,"929819142165,888721759330,426362434662,924489435838,666167540785,863329919180"
3736,138,"756372794491,245143586034,368390667456,863329919180,666167540785,426362434662"
1002,138,"509760591885,888721759330,924489435838,113340019300"
601,138,"509760591885,509760591885,323273455984,426362434662,575030670508"
2918,953,242725736100
5436,138,"971657212338,888721759330"
4375,138,"706302919753,245032061699"
6166,138,"706302919753,245143586034"
11989,138,"812649641749,769929922987"
7352,138,"239675946514,888721759330"
8499,138,"355242680870,368390667456"
7351,138,"355242680870,450900851690,450900851690"
1882,138,"821032141765,245032061699,944365330747"
8537,138,888721759330
10487,138,315631053874
671,138,"296272052435,750156468469,245032061699"
2928,592,131801535028
6167,138,"706302919753,951313012753"
9347,138,368390667456
13376,138,863329919180
8623,138,888721759330
4419,138,"245032061699,944365330747"
668,138,"750156468469,245032061699,783298102704"
7154,138,888721759330
664,138,"509760591885,509760591885,475272494144,888721759330"
9847,138,888721759330
11982,26,"172095131804,812649641749,296272052435,812649641749"
2930,863,131801535028
6155,138,"497241615065,225666126939"
8701,138,888721759330
10318,138,563388874988
10393,138,245143586034
4176,138,"475272494144,863329919180"
10714,138,863329919180
2168,138,"929819142165,929819142165"
5428,138,"717899694521,225666126939"
2397,138,509760591885
1460,138,836928405393
5427,138,245032061699
665,138,"128533184648,888721759330,368390667456,863329919180"
12312,"138,159",450900851690
12246,138,944365330747
5433,138,245032061699
12171,138,863329919180
12748,138,450900851690
515,138,"509760591885,509760591885"
3123,138,886404893572
2932,756,911593860202
4560,2039,"858030157299,616554609597"
10853,138,863329919180
5425,138,"245032061699,888721759330"
3715,211,"448540462163,172095131804,123317730197,949538583064,949538583064,172095131804,152751758606,863329919180"
1919,1071,806130336591
2096,1152,"821032141765,296272052435"
2530,367,"959078742794,863699380035,662106175294,426362434662,951313012753"
662,75,"509760591885,448540462163,858030157299,863329919180,589867706993,565508649176"
248,213,"509760591885,929819142165,396287033930,863329919180,964657504129,175682234295"
2246,283,"821032141765,868239522489"
2199,1209,821032141765
4807,2125,858030157299
3159,1608,206727921604
1625,513,"817321833631,717899694521,462346580459,863329919180"
3939,1234,"536320523506,462346580459"
262,224,"315631053874,462346580459,315631053874"
3898,982,"462346580459,497893661469"
3621,1775,"462346580459,426362434662"
1794,87,"321316551291,462346580459,916532885936,916532885936"
992,49,"874158820580,756372794491,245143586034,426362434662,616554609597,616554609597,951313012753"
2062,29,"321316551291,756372794491,858030157299,123317730197"
4704,67,756372794491
7278,39,426362434662
3738,854,"756372794491,929819142165,323273455984,245032061699,448540462163,666167540785,863329919180"
4959,854,"756372794491,717899694521,409371505827,589867706993,396287033930,886487818534"
3464,507,"929819142165,756372794491,924489435838,438071472030,472558623157,868239522489"
1973,453,"657730610795,874158820580,438071472030,438071472030,662106175294,438071472030,756372794491"
1769,87,"874158820580,916532885936,706986751636,756372794491,165501917790,812649641749,280468269439,916532885936"
5697,4,"756372794491,971657212338,478701691965,756372794491,450900851690"
5010,"1109,1110","756372794491,971657212338,924489435838,636545644634,169631732730"
4890,953,"737418027113,756372794491,949538583064,616554609597"
6760,31,"756372794491,756372794491,478701691965,409769291691,438102585810"
2938,1516,175407856212
2943,742,874158820580
4779,"323,2115",438071472030
4059,517,"756372794491,756372794491,739619745461,616554609597,616554609597,616554609597,616554609597,616554609597"
243,211,"509760591885,817321833631,318509972361,245032061699,949538583064,640284426813"
95,95,"509760591885,509760591885,509760591885,509760591885,245032061699,616286639596,812649641749,812649641749"
1282,29,"187786157506,245032061699,409371505827,666167540785,202243584162,616554609597,152751758606,365660435784"
2497,213,"410618275779,245032061699,323273455984,863329919180"
1623,513,"817321833631,245032061699,971657212338,261672904480"
1629,256,"817321833631,323273455984,123317730197,396287033930,438071472030,951313012753,868239522489,951313012753,169631732730,497893661469,357973288236,497893661469"
2524,262,"974609541585,261672904480,245032061699,949538583064,169631732730"
3987,"118,80",812649641749
15,15,
443,"80,355",874158820580
4003,87,"604665014408,372828469540,994985901817,706986751636,928449770753"
4441,164,"994985901817,245143586034,604665014408,733784718417,315631053874"
752,517,"874158820580,353868443200,368390667456,824142047736,604665014408,951313012753"
8966,234,"616040736095,616040736095"
9238,234,"407445230620,493980540339"
1744,631,"140289111734,632616090422,438071472030,563388874988,396287033930,426362434662"
21,25,"874158820580,858030157299,261100721749"
1483,881,"491201620041,754817958681,563388874988,694523396358,644691307821"
4885,511,"144838920781,563388874988,863329919180"
4230,398,"605301471334,165501917790,769573635661,210733336914,169631732730,769929922987,653911562158"
4732,841,"567839591024,769573635661"
8178,2587,"769573635661,368390667456,218093200747,676459936481"
10290,2156,769573635661
5051,4,"958249908971,769573635661,426362434662"
969,61,"145507500900,753128310892,257206398811,438071472030,123317730197,655438819868,448594932067,108235469049"
5664,491,"144838920781,994985901817,764118488854,225666126939"
8522,469,"764118488854,396287033930,245143586034"
887,31,"475272494144,321316551291,896894389979,478701691965,783298102704,858030157299,769573635661,478701691965,616554609597,368390667456,123317730197,824142047736,575030670508,949538583064,516695344247,616554609597"
102,49,"801392618851,913175848608"
1788,87,"874158820580,321316551291,812649641749,173975302140,245143586034,123317730197,758444174081,616554609597"
5451,208,"438071472030,472558623157,596020596118,703614684224,869395596643"
5616,87,"123317730197,616554609597,616554609597,444873390371"
1063,87,"230986011321,321316551291,405513968079"
2969,1531,242725736100
86,87,"500357715903,372828469540,616554609597,616554609597"
1765,87,"874158820580,321316551291,958249908971,758444174081"
5618,87,"971657212338,372828469540,616554609597,616554609597"
1299,531,"874158820580,558673205516,812649641749"
1061,"87,650","230986011321,849733476327,540859075517"
1444,87,"748039353331,321316551291,321316551291,923485882084"
1566,87,"140289111734,321316551291,372828469540,616554609597"
6701,"1391,941,650",438071472030
5623,87,858030157299
13528,4861,570391141323
7848,"847,3026",739619745461
12639,232,497893661469
1809,232,242725736100
5943,"232,2460",756372794491
439,352,"509760591885,128533184648"
444,74,"242725736100,706302919753"
449,49,874158820580
279,232,"145533674118,114447454905,497893661469"
10936,232,142796071743
10935,232,"812649641749,426362434662"
11240,232,709960603219
3610,232,584661223260
9636,232,478701691965
2970,1532,"874158820580,996405937084,812649641749"
2972,1533,"509760591885,509760591885"
3346,1673,929819142165
3349,295,218093200747
3356,1677,974609541585
4784,"2116,2117",438071472030
2674,232,584661223260
2678,87,"867935070956,958249908971,142764249804"
427,"87,349","867935070956,867935070956"
5787,87,"165501917790,261043889763,616554609597"
5509,87,971657212338
5613,87,858030157299
10209,87,173975302140
1890,87,"321316551291,858030157299"
1793,87,"321316551291,858030157299"
3096,87,916532885936
8988,87,616554609597
5625,87,858030157299
2989,75,750156468469
12407,87,424901071220
12373,"87,349",616554609597
2515,87,321316551291
14304,"126,87",136486185997
13445,87,758444174081
3338,87,"296272052435,462346580459"
666,469,"750156468469,396287033930,245143586034"
1644,469,"817321833631,426362434662,409371505827"
4972,366,"756372794491,113340019300"
5878,469,"888721759330,557097932039"
1643,469,"579377061875,961890638160,108235469049"
509,392,"321316551291,964657504129,980857559390,858030157299,438071472030,245143586034,496854931147,758444174081"
2009,469,753128310892
10448,262,627759337467
12875,469,218873368151
2580,509,230986011321
8533,469,381205542744
12568,469,450900851690
8355,3171,472558623157
667,469,"750156468469,270247321047"
9180,469,883913356047
5919,469,448540462163
8590,"469,603",589867706993
12569,469,450900851690
2997,834,"140289111734,536320523506"
1385,"603,840","874158820580,131801535028,424901071220,616554609597"
28,31,"764118488854,409769291691"
894,603,321316551291
10482,603,489648020796
10242,"603,119","339046812284,339046812284"
12565,603,190920015373
3205,603,131801535028
10854,603,540859075517
2237,1065,"896894389979,165501917790,496854931147"
757,343,"515788758231,448540462163,409371505827,636545644634,175682234295,408647073007"
1528,223,"817321833631,210965998732,929819142165"
3003,89,"542654609056,812649641749"
3781,80,"812649641749,557097932039"
7087,1877,974609541585
10570,1544,195597178821
5254,374,974609541585
9461,1877,616554609597
8151,1877,238042137625
7700,1877,801346475500
1912,87,321316551291
4958,854,"706302919753,929819142165,261672904480,248275867936"
273,232,"145533674118,407575456169,951313012753,478701691965,472558623157,616554609597,472558623157,616554609597,616554609597,869395596643,696859435341,497893661469"
245,211,"509760591885,509760591885,509760591885,911593860202,448540462163,888721759330,869228245033,984398789005,225666126939,113340019300"
3012,1201,407575456169
9843,26,"863329919180,175682234295"
3014,95,"130713082052,355242680870"
3022,295,690937716610
3026,29,"874158820580,812649641749"
3028,295,690937716610
3029,28,"929819142165,277883390501,438071472030"
3044,1563,653559399185
3047,75,213478247449
3049,892,684877701428
3050,1565,974609541585
5234,26,"914879674634,249593721612,175682234295"
5237,26,"257206398811,971657212338,261100721749"
1291,26,"874158820580,218093200747,812649641749"
1423,426,"750156468469,716282150015,716282150015"
5233,26,"627759337467,249593721612,172095131804"
422,26,"748039353331,706986751636"
5603,2359,"123317730197,984398789005"
11990,26,218093200747
5982,26,"958249908971,249593721612"
5885,26,249593721612
4997,26,249593721612
1216,26,"801346475500,706986751636"
7712,26,221736714783
1287,26,"985288390348,123317730197"
3051,367,"410618275779,783298102704"
3060,1568,896894389979
3061,1569,323273455984
3067,1574,509760591885
3089,479,929819142165
3106,"228,1485,1586",929819142165
3107,71,753128310892
7665,26,"249593721612,249593721612"
231,26,"874158820580,249593721612"
12374,26,172095131804
5082,26,"249593721612,971657212338"
6978,26,249593721612
7469,26,249593721612
13665,26,786837713576
432,26,107532415064
7501,26,971657212338
6670,26,"812649641749,218093200747"
3115,1590,"783298102704,923485882084"
5212,26,879531035402
3404,26,349726290364
5235,26,353868443200
5510,26,218093200747
5181,"26,2231",249593721612
12496,26,645173583380
12260,26,261100721749
6754,26,249593721612
10082,26,914879674634
5016,26,249593721612
10350,26,498927610170
7950,26,249593721612
7244,26,249593721612
3550,26,365660435784
6466,26,249593721612
7708,26,249593721612
7116,26,627759337467
13813,26,786837713576
12492,26,510385529996
8191,26,249593721612
506,26,"874158820580,874158820580"
22,26,
3459,26,914879674634
2108,"1158,26",579377061875
5579,26,994985901817
5637,26,"498927610170,849733476327,849733476327,849733476327"
6807,39,249593721612
919,213,"750156468469,605301471334,396287033930,248275867936,949538583064"
2015,160,"509760591885,818493235519,888721759330,368390667456,666167540785,408647073007,640284426813"
1532,262,"253595547136,277883390501,277883390501,680101439838,368390667456"
1582,366,"242725736100,818493235519,257206398811,123317730197,126580655982"
7412,398,"558673205516,823943248698,313128132368,740982016794,202863342858,210965998732"
3117,71,137654565281
105,97,"509760591885,575030670508"
7035,97,632616090422
14343,521,653911562158
14090,521,511259947571
14309,"411,5128",653911562158
14344,521,653911562158
7378,295,"706302919753,248275867936"
4328,295,929819142165
37,39,863329919180
5966,39,"627759337467,971657212338"
13196,885,"824142047736,500357715903"
3145,296,974609541585
3156,1607,849733476327
5203,2238,"438071472030,868239522489,396287033930"
1863,1051,"321316551291,257206398811,604665014408"
10873,1051,257206398811
9414,140,396287033930
10871,1051,616554609597
10872,1051,498927610170
5503,1051,858030157299
13995,1051,545325003240
13999,1051,498927610170
3158,739,654069673680
14357,39,786837713576
7275,39,971657212338
7264,39,"426362434662,971657212338,245143586034"
9305,39,964657504129
7273,39,914879674634
7274,39,426362434662
8,9,
10,10,"874158820580,339046812284,616554609597,616554609597"
12,13,"964657504129,964657504129"
3192,613,"128533184648,245143586034,450900851690"
24,28,929819142165
25,29,"448540462163,858030157299,703052179864"
26,29,245143586034
35,38,
36,38,
41,43,"128533184648,706302919753"
45,49,"332049503008,485018581158,448540462163"
51,52,"245143586034,844849809695,658081147494"
52,53,
54,55,"874158820580,824142047736,616554609597,812649641749,616554609597"
7183,165,"924489435838,472558623157"
61,61,"980857559390,438071472030,869395596643"
71,73,"911593860202,245143586034,868239522489,123317730197,543878232429"
72,74,863329919180
73,75,"869228245033,383092039780"
75,75,636545644634
78,79,"140289111734,438071472030,797686213271"
84,86,
92,92,
96,95,
98,95,509760591885
104,96,"509760591885,280468269439,486438530862"
106,98,509760591885
111,105,579377061875
114,89,"515788758231,874158820580,812649641749"
119,29,"874158820580,994685553389,632616090422"
123,38,"874158820580,874158820580"
128,126,"929819142165,929819142165"
135,132,"128533184648,509760591885,509760591885"
148,146,"509760591885,175682234295"
152,67,"145533674118,323273455984,263021605118,812649641749,743946338402"
153,149,"874158820580,874158820580"
155,152,"874158820580,874158820580"
161,148,"509760591885,509760591885,661251333274,162342107260,210965998732"
162,156,"509760591885,509760591885,817321833631,812649641749,888721759330,438071472030"
165,158,"515788758231,475272494144"
167,109,"509760591885,163652477464,478701691965"
168,160,515788758231
169,"109,110","509760591885,509760591885"
170,"109,110","509760591885,509760591885"
5244,571,563388874988
171,"161,162",515788758231
177,135,"515788758231,979910711272,377551715313"
182,165,"391031877698,438071472030,472558623157"
189,148,"821068817689,163652477464"
192,148,"515788758231,245032061699,378991748318"
196,175,315631053874
197,118,"874158820580,874158820580,874158820580"
200,178,874158820580
201,175,"874158820580,353868443200,756372794491,396287033930"
206,183,"911593860202,929819142165,706302919753"
3194,164,"131801535028,994985901817,245143586034,405513968079,438102585810"
212,188,509760591885
213,189,"509760591885,605301471334"
216,"192,103","703052179864,703052179864"
221,178,"753128310892,753128310892,145533674118,817434891767,703614684224,114426911424"
225,198,509760591885
226,109,509760591885
227,199,"515788758231,509760591885,509760591885"
229,201,911593860202
244,211,"509760591885,409371505827"
247,213,"509760591885,296272052435,874158820580,888721759330,863329919180"
249,96,380452084443
3199,261,137654565281
5561,175,175682234295
263,225,"509760591885,509760591885"
266,228,929819142165
267,228,929819142165
270,229,"821068817689,824142047736,438071472030,824142047736,868239522489,396287033930"
285,95,"509760591885,886093680890,616286639596,296272052435"
287,241,"509760591885,863329919180"
296,246,"177371299101,210733336914,426362434662"
300,250,509760591885
305,160,515788758231
315,262,509760591885
326,273,"509760591885,562580531983,430020105059"
327,274,"911593860202,126580655982,126580655982"
336,223,"874158820580,804121600141,958249908971,893426271458,225666126939"
345,291,509760591885
346,291,"509760591885,318509972361"
355,297,"509760591885,509760591885"
356,297,"509760591885,509760591885,355242680870"
358,299,"874158820580,144838920781,812649641749,863329919180,758444174081"
359,247,"410618275779,410618275779,472558623157,497893661469"
360,183,"929819142165,874158820580,756372794491"
367,302,139817792074
3237,228,690937716610
373,308,"509760591885,949538583064"
378,313,410618275779
379,314,"509760591885,579377061875,974609541585,396287033930"
380,315,"509760591885,296272052435"
381,146,"509760591885,509760591885,509760591885"
382,313,410618275779
384,317,"321316551291,874158820580,321316551291,438071472030,496854931147"
396,"323,332",321316551291
405,251,"321316551291,980857559390"
407,75,410618275779
409,343,"410618275779,515788758231"
410,156,509760591885
412,29,"321316551291,758444174081"
413,345,"321316551291,123317730197,126580655982"
418,343,"410618275779,410618275779,515788758231"
419,343,"410618275779,636545644634"
421,343,"410618275779,126580655982,410618275779"
423,346,911593860202
424,80,874158820580
428,29,"542654609056,123317730197"
431,350,475272494144
464,290,"874158820580,874158820580"
470,146,"750156468469,817434891767,296272052435"
472,366,"242725736100,756372794491"
478,297,128533184648
479,172,"509760591885,817321833631,210733336914"
480,368,"216743486564,130713082052,756372794491,175682234295"
483,371,651724853829
492,380,"750156468469,863329919180"
493,146,750156468469
499,383,"509760591885,315631053874"
511,394,750156468469
514,397,242725736100
518,399,"542654609056,562580531983,812649641749,616554609597,472558623157,616554609597,666040486933"
536,409,"542654609056,175682234295"
544,75,"410618275779,213478247449"
546,75,410618275779
548,75,410618275779
549,75,"410618275779,604665014408"
551,75,"410618275779,869228245033"
553,417,206727921604
558,356,"750156468469,653911562158"
3238,892,874158820580
562,420,"750156468469,261672904480"
565,345,"750156468469,858030157299"
569,146,750156468469
571,146,"750156468469,175339198285"
572,146,"750156468469,863329919180"
575,146,509760591885
576,146,"509760591885,509760591885"
577,146,"509760591885,662106175294,863329919180,210965998732"
586,426,"542654609056,750156468469,357973288236"
3240,866,128533184648
588,92,874158820580
590,429,270247321047
598,426,242725736100
599,80,542654609056
602,"435,436","817321833631,929819142165"
608,420,509760591885
621,172,534209203929
622,4,242725736100
626,446,"242725736100,756372794491"
632,451,534209203929
639,"284,285","509760591885,739619745461"
642,49,"216743486564,756372794491"
644,352,534209203929
646,457,817321833631
674,228,"929819142165,929819142165"
676,228,"929819142165,929819142165"
679,"47,48",270247321047
687,479,"929819142165,756372794491"
691,480,"874158820580,969896260093,783298102704,596020596118,716282150015,172095131804"
695,"483,107,108",867935070956
861,"582,583",874158820580
706,491,804121600141
707,492,804121600141
713,497,"750156468469,438071472030,438071472030"
715,498,804121600141
717,211,"206727921604,969896260093"
729,507,"657730610795,616286639596"
730,508,509760591885
735,89,804121600141
738,1,"748039353331,123317730197,396287033930"
737,510,"162342107260,296272052435"
1382,731,753128310892
741,508,"661251333274,462628741767"
743,511,"661251333274,869228245033,245143586034"
746,513,"509760591885,817321833631"
747,343,"515788758231,245032061699"
748,514,750156468469
750,80,"874158820580,632667648014,448540462163,438071472030,496854931147"
760,146,509760591885
764,520,"410618275779,800705054080"
767,523,"579377061875,869228245033"
1058,165,874158820580
1985,"1109,1110,183","929819142165,756372794491"
5795,965,756372794491
777,530,801346475500
780,92,"874158820580,812649641749,812649641749"
784,538,"867935070956,951313012753"
794,247,"410618275779,123317730197,210965998732,497893661469,758444174081"
795,247,"410618275779,438071472030,210965998732,715710874160"
797,499,"230986011321,916532885936,971657212338,896894389979,616554609597,426362434662,616554609597,689317362970,923485882084"
814,552,509760591885
815,552,"509760591885,509760591885,493359161987"
833,566,"410618275779,213478247449,783298102704,604665014408,923485882084"
849,574,296272052435
851,576,579377061875
862,290,"509760591885,994985901817,558673205516,165501917790,858030157299,656985579957,245143586034"
873,588,874158820580
874,589,"929819142165,929819142165"
876,591,579377061875
878,592,"270247321047,321316551291,485018581158,261100721749,261100721749,868239522489"
879,25,"874158820580,584661223260,858030157299,126580655982"
886,313,509760591885
890,601,579377061875
893,316,"542654609056,563388874988"
898,606,296272052435
900,4,"475272494144,478701691965"
905,66,874158820580
918,614,"929819142165,863329919180"
922,616,"230986011321,817321833631,438071472030,974609541585,315631053874,123317730197,245143586034,616554609597,225297020098"
925,429,230986011321
928,429,"296272052435,448594932067,448594932067,448594932067,616554609597,616554609597"
947,635,874158820580
949,"228,637","929819142165,206096091859,438102585810"
952,109,"804121600141,750156468469,764118488854,165501917790,812649641749,984398789005"
962,640,"874158820580,929819142165"
970,61,145507500900
971,61,145507500900
974,590,"145507500900,410618275779,123317730197,365660435784,545559172177,616554609597,964657504129,616554609597,616554609597,616554609597,184210960012"
975,644,"145507500900,783298102704,238042137625"
982,86,296272052435
987,648,"140289111734,313128132368,396287033930,406194970961"
988,517,"929819142165,929819142165,929819142165"
991,146,"509760591885,769929922987"
999,620,"296272052435,296272052435,689317362970"
1009,96,509760591885
1012,657,"509760591885,958249908971,210965998732,213187897294"
1014,223,"661251333274,175682234295"
1252,772,509760591885
1017,659,509760591885
1021,29,"874158820580,353868443200"
1036,165,874158820580
1040,672,145507500900
1041,672,"145507500900,261100721749"
1044,433,"270247321047,868239522489"
1045,418,"258609519481,888721759330"
1047,675,"509760591885,509760591885,706302919753"
1049,89,874158820580
1055,303,296272052435
1057,679,"140289111734,812649641749"
1059,10,"874158820580,812649641749"
1064,"244,248",661251333274
1074,367,216743486564
1078,"684,685",579377061875
1080,66,"874158820580,756372794491,812649641749"
1085,109,"509760591885,355242680870"
1090,247,"874158820580,233015433573"
1093,89,"874158820580,874158820580,874158820580"
1105,213,"509760591885,296272052435,753128310892,410618275779,448540462163,929819142165,210965998732,575030670508"
1106,137,509760591885
1107,233,750156468469
2113,244,"130713082052,168459389183,168459389183,569192161008"
1113,165,874158820580
1114,7,"874158820580,812649641749"
1116,702,969723803270
1118,704,"657730610795,377217930018"
1119,18,874158820580
1124,146,509760591885
1127,89,874158820580
1137,146,509760591885
1146,650,874158820580
1161,725,874158820580
1163,164,748039353331
1168,420,"509760591885,509760591885"
1187,739,115890368776
1188,740,509760591885
1193,290,874158820580
1206,"161,162","509760591885,631559770471,949538583064"
1210,642,"140289111734,888721759330,424429512863"
1237,642,"748039353331,916532885936,716282150015,195597178821,424429512863"
3243,803,"131801535028,563388874988"
3245,803,"296272052435,604665014408,951313012753"
3247,80,874158820580
1258,89,"542654609056,515788758231,812649641749,923485882084"
1270,783,874158820580
1273,"161,162","979910711272,716282150015,566789475601,225666126939"
1277,29,"874158820580,888721759330,396287033930,758444174081"
1280,789,516726561240
1285,75,"874158820580,874158820580,636545644634,636545644634"
1288,228,"690937716610,812649641749,169631732730"
1292,672,321316551291
1296,89,"529287433425,467506873802"
1303,29,"911593860202,261100721749"
1307,146,"509760591885,509760591885"
1308,491,509760591885
1309,17,"263021605118,951313012753"
1317,803,579377061875
1326,92,874158820580
1327,"571,68,507,228,808",874158820580
1329,126,"874158820580,136486185997"
1331,810,979910711272
1335,813,979910711272
5811,"1109,1110",756372794491
1341,817,753128310892
1342,818,"579377061875,579377061875"
1343,819,579377061875
1348,104,750156468469
1351,642,"140289111734,502231921744"
1352,823,"661251333274,888721759330,575030670508"
1359,"687,688",753128310892
1360,826,"929819142165,929819142165"
1367,675,"579377061875,396287033930"
1369,"262,225",509760591885
1380,"837,838",296272052435
5831,276,165501917790
1383,"92,295",874158820580
1386,25,874158820580
1387,96,296272052435
1393,4,"929819142165,589867706993,478701691965"
1410,213,"296272052435,971657212338"
1414,213,"296272052435,355242680870"
1421,343,"410618275779,579377061875,717899694521"
1431,353,817321833631
1434,146,509760591885
1443,860,296272052435
1453,866,410618275779
1462,870,"929819142165,716282150015"
1466,189,"605301471334,863329919180,899186016280"
1470,301,836928405393
1480,228,929819142165
1481,879,509760591885
1485,604,"321316551291,131801535028,438071472030,438071472030,868239522489,123317730197"
1487,146,"509760591885,509760591885,144838920781"
1492,885,"929819142165,929819142165,536320523506,680101439838"
1493,228,"929819142165,448540462163"
1499,29,911593860202
3265,228,"929819142165,929819142165"
1508,891,929819142165
1510,892,"979910711272,438071472030,438071472030"
1512,857,817321833631
1521,508,804121600141
1524,901,394117657821
1526,223,"817321833631,753128310892,858030157299,636545644634,949538583064"
1527,223,"817321833631,923437623782"
1529,223,"817321833631,783298102704"
1531,208,"979910711272,979910711272"
1533,234,"242725736100,396287033930"
1536,"904,905",979910711272
1548,677,296272052435
1556,507,929819142165
1558,208,"804121600141,122678901963,368390667456,316195095367"
1564,126,"874158820580,438071472030"
1565,507,"874158820580,756372794491"
1567,922,817321833631
1572,925,"979910711272,971657212338,500357715903"
1580,454,"817321833631,996405937084"
2735,238,"410040702296,323273455984,206778660188,951313012753"
1584,225,748039353331
1587,291,"979910711272,261672904480,764118488854,396287033930,318509972361"
1588,29,"321316551291,261672904480"
1595,933,979910711272
1603,29,542654609056
1607,591,579377061875
1612,937,817321833631
1624,513,817321833631
1626,675,979910711272
1651,"168,332",929819142165
1653,957,"804121600141,979910711272,315631053874"
1663,618,"979910711272,399854590127"
1664,433,"579377061875,438071472030,868239522489"
1671,965,928449532550
1673,228,"753128310892,929819142165"
1675,354,874158820580
1687,160,"772224371321,323273455984,589867706993,441959532869,113340019300"
1688,975,"772224371321,323273455984,924489435838,448540462163"
1694,282,"321316551291,800705054080,497893661469"
1695,978,979910711272
1697,979,"836928405393,951313012753"
1701,164,"748039353331,748039353331"
1708,109,"509760591885,801765945254"
1712,148,"509760591885,509760591885"
1713,148,"509760591885,509760591885"
3272,1650,"874158820580,958249908971"
1715,"986,507","929819142165,929819142165,497893661469"
1720,989,509760591885
1725,994,509760591885
1728,160,509760591885
1735,228,"242725736100,323273455984,951313012753"
1739,"482,270,475",321316551291
1743,1002,107688298394
1745,232,"801392618851,426362434662"
1761,1009,242725736100
1770,146,509760591885
1773,25,874158820580
1775,1012,979910711272
1777,1013,801392618851
1781,18,"874158820580,242725736100,604665014408,218093200747"
1785,295,242725736100
1787,4,"783298102704,321316551291"
1792,"1017,1018",321316551291
1802,1022,114447454905
1807,"1025,1026",896894389979
1812,1028,979910711272
1814,302,783298102704
1819,511,516695344247
1821,228,"929819142165,756372794491,318509972361"
3274,345,"801392618851,971657212338,756372794491"
1834,650,"321316551291,756372794491"
1835,251,321316551291
1841,420,"799443797620,509760591885,509760591885"
1850,164,321316551291
1851,829,"315631053874,315631053874"
1858,1049,979910711272
1859,308,509760591885
1879,546,579377061875
1880,1057,242725736100
1891,223,817321833631
3275,1651,974609541585
3276,1065,"407575456169,309842505795,604665014408"
1897,143,"783298102704,616554609597,169631732730"
1900,1062,"804121600141,225666126939"
1916,1070,849733476327
1933,1080,579377061875
1940,497,137654565281
1943,315,804121600141
1944,"1083,1084,1085",867935070956
1947,"1088,1089",579377061875
1953,196,817321833631
1967,"1096,1097",509760591885
1972,517,"657730610795,426362434662,951313012753,604665014408,197341950772"
1983,854,"929819142165,644691307821"
3278,1238,407575456169
1989,431,"321316551291,837367463063"
1994,1115,"929819142165,426362434662"
2014,672,"296272052435,438071472030"
2025,225,929819142165
2029,1133,"748039353331,245143586034,616554609597"
2036,1136,509760591885
2038,4,"242725736100,339046812284,971657212338"
2045,1137,"137654565281,368390667456,703614684224,703614684224"
2048,860,817321833631
2050,191,"509760591885,949538583064,604665014408"
3281,224,750156468469
2052,613,969723803270
2057,590,928487713665
2060,211,817321833631
2076,343,979910711272
2079,1147,748039353331
2081,854,"929819142165,929819142165,318509972361,924489435838"
2082,605,"509760591885,175682234295,949538583064"
2084,710,"783298102704,694523396358"
2089,1149,"929819142165,426362434662"
2091,517,"277883390501,929819142165,706302919753"
3400,29,"874158820580,666167540785"
3402,631,"959078742794,438071472030,396287033930,869395596643"
7184,228,756372794491
7883,4,365660435784
7884,4,"756372794491,824142047736"
7885,4,500357715903
7886,4,563388874988
7887,4,971657212338
7888,4,365660435784
7891,31,563388874988
3419,1703,717899694521
7188,"67,68",756372794491
7194,256,438071472030
7197,491,888721759330
7204,1010,478701691965
7894,31,756372794491
7897,31,"769573635661,811016051328"
7902,223,"396287033930,760029738066,128533184648"
7912,225,261672904480
7914,75,869955988052
9483,283,666167540785
9487,1588,381205542744
5070,1,"438071472030,123317730197,175682234295,406194970961"
3626,196,"669489524419,704473490741,812649641749"
4249,832,"886093680890,407575456169,868239522489"
7212,2821,563388874988
7220,545,138008228727
7223,420,"448540462163,245032061699"
7225,2823,756372794491
7226,29,"756372794491,478701691965"
7237,295,"245143586034,406194970961"
7921,295,242725736100
433,167,"394117657821,873750467314,873750467314,394117657821"
7926,2730,426362434662
3437,160,"515788758231,869955988052,368390667456"
7250,613,888721759330
7252,258,756372794491
7256,2010,102518202006
7284,1418,407445230620
7297,488,567839591024
7302,1377,"563388874988,653911562158"
7303,345,971657212338
7304,"620,618",438071472030
7927,2114,687229846531
7929,"3017,3052,3053",245032061699
7930,2682,817434891767
11775,262,949538583064
3461,507,"812649641749,396287033930,868239522489"
3465,507,929819142165
3466,507,"263021605118,438071472030"
3467,228,448540462163
3468,228,929819142165
3471,228,"558673205516,800705054080,951313012753,486438530862"
3472,228,566789475601
3473,228,"929819142165,438071472030,951313012753,587921422357"
3474,228,"929819142165,263021605118,756372794491"
3476,228,"318509972361,318509972361,800705054080,438071472030,644691307821"
3497,367,"509760591885,405513968079,971657212338,409371505827,557097932039"
3498,"770,835","296272052435,211485956705"
3506,1741,584661223260
3514,1722,996405937084
3516,1490,531129283270
3520,461,488989482109
3522,1743,509760591885
3523,183,929819142165
3527,507,"812649641749,323273455984,405513968079,951313012753"
3538,571,800705054080
3544,228,448540462163
5899,2442,888721759330
11777,"148,4254,4255",703614684224
3546,228,"929819142165,393625365002"
3554,146,509760591885
3561,468,"717899694521,812649641749,899186016280,653911562158"
3563,17,"558673205516,756372794491,288354675743,393625365002,406194970961"
3564,17,929819142165
3567,17,800705054080
3570,247,"709960603219,210965998732"
3575,508,"817321833631,949538583064"
3578,1762,969896260093
3581,1763,563388874988
3584,1765,969896260093
3590,1765,969896260093
5904,132,888721759330
3593,1767,296272052435
3614,1067,"800705054080,709960603219,393625365002"
3620,224,755780681559
3624,"68,17,571",756372794491
3645,401,958249908971
3648,160,"869955988052,368390667456"
3661,"1109,1110","800705054080,756372794491,888721759330"
3662,1789,929819142165
3674,1792,717899694521
3680,38,"218093200747,553972503481"
3687,491,"172095131804,225666126939"
3695,185,"996405937084,869955988052"
5908,2445,"355242680870,666167540785,703614684224"
3699,739,"812649641749,426362434662,812649641749,173975302140"
3703,1527,709960603219
7310,716,"396287033930,716282150015,812649641749"
7314,2252,"812649641749,812649641749"
7325,710,616286639596
7333,2026,563388874988
7337,778,365660435784
7339,2854,"426362434662,929819142165"
7341,670,"563388874988,653911562158"
7343,74,261672904480
7347,74,"964657504129,964657504129"
7365,4,"478701691965,478701691965"
7369,854,888721759330
3704,211,"128533184648,929819142165,888721759330,210733336914,383092039780"
3705,211,"448540462163,318509972361"
3707,211,245032061699
3708,211,"858030157299,653911562158"
3710,211,245032061699
3711,211,"858030157299,210733336914,113340019300"
3712,654,929819142165
3713,211,"858030157299,604665014408"
3717,211,"128533184648,974609541585,210733336914,210733336914,218093200747"
3721,211,"144838920781,863329919180"
3725,1780,"756372794491,323273455984,616554609597,616554609597"
3727,178,"175682234295,202863342858,210965998732"
3728,126,756372794491
3734,1799,426362434662
3737,1799,929819142165
3750,80,218093200747
3757,1809,929819142165
3759,841,567839591024
3760,262,"536320523506,536320523506"
3761,196,"849733476327,405513968079"
3765,211,605301471334
3767,31,"211485956705,575030670508"
5918,148,355242680870
3777,1813,509760591885
3779,1814,971657212338
3783,247,"666328158492,916532885936,716282150015,680646119979"
3789,335,"713815986884,713815986884"
3794,169,175682234295
7374,228,756372794491
7377,631,438071472030
7384,92,706986751636
7385,"92,295",438071472030
7935,452,"812649641749,245143586034,616554609597"
7936,965,355242680870
7943,177,438071472030
3827,228,"929819142165,323273455984,951313012753,863329919180,587921422357,393625365002"
3828,"228,1832",558673205516
3829,228,"448540462163,951313012753,951313012753,596020596118,393625365002"
3831,228,756372794491
3835,228,812649641749
3836,228,756372794491
3838,228,756372794491
3840,228,"756372794491,756372794491"
3845,403,756372794491
3848,1835,515788758231
3851,"228,808","958249908971,951313012753"
3861,986,929819142165
3863,986,756372794491
3872,1835,515788758231
3886,857,"690937716610,225666126939"
3887,183,"756372794491,951313012753,721270495277"
3888,183,756372794491
3900,826,929819142165
3901,75,"353868443200,175682234295,396287033930,666167540785"
3908,1852,"415381452411,760121517727"
3911,75,175682234295
7404,302,849733476327
3948,1867,245032061699
3957,303,438071472030
3966,1871,971657212338
3970,1873,"438071472030,974609541585,238042137625,357041318124"
3968,636,"929819142165,929819142165,888721759330"
3973,1067,"800705054080,756372794491,924489435838,263021605118"
3983,876,"928104352141,536192518463"
3988,517,929819142165
3991,507,"756372794491,616286639596"
4001,75,"964657504129,210965998732"
4005,33,"438071472030,463689773804,645173583380"
7406,2877,756372794491
4011,588,438071472030
4045,1889,"558673205516,656985579957,472558623157"
4048,28,929819142165
4052,345,"858030157299,261672904480"
4053,49,"323273455984,123317730197,485018581158,951313012753,448540462163,245143586034,123317730197"
4057,508,717899694521
4071,126,"438071472030,405513968079,406194970961"
4072,29,202243584162
4073,262,"536320523506,996405937084"
4080,126,438071472030
7945,2777,"971657212338,706302919753,863329919180"
4083,1900,"886093680890,123317730197"
4084,"1901,230,1897,1405,1902",438071472030
4092,17,"448540462163,210733336914,923485882084"
4115,756,"438071472030,655438819868"
4122,1916,"438071472030,438071472030"
4129,1920,929819142165
4132,494,958249908971
4135,826,558673205516
4136,826,929819142165
4138,1923,509760591885
4152,1925,438071472030
4157,1747,"339046812284,339046812284,210396356827"
4158,1926,817927469568
4170,25,438071472030
4173,1780,"323273455984,858030157299"
4175,1780,"323273455984,971657212338"
4181,1934,"929819142165,426362434662,426362434662"
4185,164,"438071472030,123317730197,245143586034,396287033930"
4188,455,985288390348
4190,262,"536320523506,245032061699"
4194,1937,756372794491
4198,95,213478247449
4202,714,669489524419
4204,75,755780681559
4232,61,409371505827
4252,1952,812649641749
4256,4,"958249908971,706302919753"
4259,75,755780681559
4271,1272,756372794491
4276,642,"929819142165,396287033930"
4279,49,"971657212338,971657212338"
4281,1519,516726561240
4286,1957,448594932067
4288,1958,"438071472030,172689322089"
4289,1959,"438071472030,632616090422,172095131804"
4291,1960,756372794491
4296,1961,756372794491
4303,31,"323273455984,971657212338,334291829935"
4304,1964,144838920781
4307,"1967,747","173975302140,136486185997"
4315,168,448540462163
4332,295,929819142165
4334,1972,"478701691965,812649641749"
4337,66,929819142165
4348,80,858030157299
4349,80,858030157299
4351,80,858030157299
4353,80,858030157299
4354,80,175682234295
4358,1977,323273455984
4363,710,536320523506
4367,1605,"929819142165,756372794491"
4369,1979,117886705769
4380,401,"126580655982,645785362450,393625365002"
4384,507,"929819142165,924489435838"
4388,1983,"175682234295,812649641749,812649641749"
4398,1987,567839591024
4401,507,263021605118
4415,52,824142047736
4413,380,"706302919753,315631053874,924489435838"
4438,2005,929819142165
4444,935,318509972361
4445,935,"756372794491,812649641749,812649641749"
4457,2009,812649641749
4461,29,448540462163
4462,2012,126580655982
4465,160,"929819142165,666167540785"
4467,2015,"218093200747,892534879101,566789475601"
4471,1210,"438071472030,123317730197"
4482,57,315631053874
4486,57,"213478247449,964657504129"
4490,739,"958249908971,706986751636,589867706993"
7408,247,"438071472030,142118830886"
4492,247,"916532885936,916532885936,629902110827"
4505,"571,68,507","929819142165,438071472030,497893661469"
4506,2031,438071472030
4507,965,"756372794491,951313012753,123317730197"
4511,1067,812649641749
4513,"571,68","929819142165,123317730197"
4516,2032,448540462163
4521,17,270247321047
4522,17,"756372794491,210396356827"
4523,17,"929819142165,368390667456"
4524,17,756372794491
7417,2879,934291818657
4526,17,270247321047
4528,17,"756372794491,288354675743,393625365002"
4529,17,"123317730197,616554609597"
4536,"17,118,230",756372794491
4544,"68,571,1188","270247321047,123317730197"
4545,17,756372794491
4552,745,"123317730197,438071472030"
4553,"745,67,1109,1110",929819142165
7422,295,"438071472030,321316551291"
7423,295,"563388874988,406194970961"
7428,295,438071472030
7947,636,634676158068
4567,2040,365660435784
4575,2042,172095131804
4586,"68,634,17","756372794491,438071472030"
4587,2045,929819142165
4602,264,165501917790
4605,264,218093200747
4617,507,971657212338
4627,2057,426362434662
4631,2058,426362434662
4633,517,"426362434662,924489435838,368390667456,426362434662,426362434662,426362434662"
4634,517,"706302919753,616554609597,616554609597"
4635,517,426362434662
4637,517,426362434662
4641,225,971657212338
4644,517,"801392618851,245143586034"
4651,281,755780681559
4659,958,858030157299
4669,"1527,2071,2072",929819142165
4671,403,"123317730197,438071472030,165501917790,951313012753,172095131804,399854590127"
4675,28,756372794491
4678,"1234,1479",852351726930
4687,2075,717899694521
4693,2080,929819142165
4695,17,929819142165
4703,67,756372794491
4708,165,"756372794491,812649641749"
4711,670,"318509972361,549265328193"
4717,1303,929819142165
4730,2099,172095131804
4739,1272,929819142165
4745,1188,"783298102704,616554609597"
4746,2103,426362434662
4748,1415,438071472030
4753,183,929819142165
4758,651,"261672904480,961890638160"
4766,164,"994985901817,706986751636,245143586034,694523396358"
4791,95,"239675946514,653911562158"
4792,95,958249908971
4813,2016,558673205516
4814,2016,929819142165
4818,"1109,1110",929819142165
4821,2129,558673205516
4822,66,"756372794491,756372794491"
4826,29,"123317730197,958249908971"
4829,2007,"929819142165,958249908971,616554609597,616554609597,497893661469"
4834,2131,"126580655982,996405937084"
4848,684,974609541585
4867,1054,910355213795
4880,1669,"958249908971,888721759330,406194970961"
4883,1669,"245032061699,951313012753,888721759330,467506873802"
4886,78,"737418027113,888721759330,395780866633,489648020796"
4889,511,"245032061699,589867706993,245032061699"
4896,"1655,107,108",314462754950
4902,491,"409371505827,128533184648"
4903,491,651543915251
4913,1762,323273455984
4918,1420,438071472030
4919,2147,"438071472030,616554609597"
4925,1765,"117886705769,426362434662"
4926,1765,126580655982
4928,1765,126580655982
4933,1765,117886705769
4945,223,"958249908971,706302919753,949538583064"
4947,223,"958249908971,823943248698"
4950,1329,"123317730197,645173583380"
4957,854,"756372794491,929819142165"
4961,854,"706302919753,951313012753,368390667456,913175848608"
4965,366,756372794491
4966,854,563388874988
4968,366,706302919753
4969,366,756372794491
4976,208,"438071472030,438071472030,640284426813"
4983,140,929819142165
4985,140,"929819142165,323273455984,888721759330,929819142165"
4987,140,"929819142165,888721759330"
4988,96,"172095131804,448540462163"
4989,96,323273455984
4995,2170,158181543896
4996,834,536320523506
5001,2173,"618355761471,394117657821,616554609597"
5008,1246,"858030157299,616554609597"
5022,"1109,1110,2179",438071472030
5026,2180,801392618851
5031,892,"123317730197,531869172519"
5039,"1109,1110,745","929819142165,426362434662"
5043,367,929819142165
5046,517,756372794491
5050,208,"438071472030,438071472030"
5056,453,"126580655982,812649641749"
5073,531,"929819142165,801392618851"
5074,295,756372794491
5079,80,627759337467
5080,531,"929819142165,756372794491"
5087,1016,563580450746
5088,2199,563580450746
5097,"701,695,257",438071472030
5099,184,323273455984
5100,589,"756372794491,288354675743"
5104,2202,438071472030
5109,2204,563580450746
5112,491,249593721612
5114,2207,"245032061699,368390667456"
5118,953,858030157299
5921,148,163652477464
5123,953,"409371505827,557097932039"
5127,2212,475272494144
5131,2215,929819142165
5134,29,536103849810
5136,228,"929819142165,951313012753"
5143,43,"756372794491,313128132368,863329919180"
5149,1210,783298102704
5151,420,245032061699
5155,256,"438071472030,448540462163,666167540785,497893661469,497893661469"
5162,89,"475272494144,406194970961"
5165,291,755780681559
5171,31,756372794491
5173,31,"756372794491,756372794491"
5190,571,"438071472030,123317730197"
5192,17,438071472030
5195,"2233,2045,2234",929819142165
5199,"2236,2237",529591436048
5210,2241,168459389183
5215,1057,958249908971
5220,"1191,2245",438071472030
5231,2250,696732212733
5232,2251,"696732212733,210396356827"
5257,2257,245032061699
5260,2258,478701691965
5268,2261,971657212338
5270,"228,2044","706302919753,924489435838,951313012753"
5275,33,"563388874988,406194970961"
5277,228,"783298102704,634676158068"
5287,41,517277741262
5289,2265,126580655982
5290,592,858030157299
5305,517,"426362434662,929819142165,426362434662"
5309,517,"706302919753,245143586034"
5310,223,"239675946514,210965998732,383092039780"
5311,262,"448540462163,396287033930"
5315,2275,"438071472030,126580655982"
5322,7,438071472030
5323,"7,634","858030157299,824142047736"
5346,1125,407575456169
5354,368,666328158492
5358,464,996405937084
5361,2288,323273455984
5367,2289,827772977470
5369,2274,"996405937084,996405937084"
5374,29,"498927610170,825147034083"
5382,615,996405937084
6267,74,717899694521
6269,29,"858030157299,261100721749"
6270,"2156,1043",687229846531
5391,2296,"123317730197,951313012753"
5393,"2298,2299",438071472030
5397,2302,858030157299
5400,2302,858030157299
5401,2302,858030157299
5407,29,711917678474
5434,"837,838","929819142165,634676158068"
5437,"837,838,228",438071472030
5439,1669,"245032061699,245032061699"
5441,1669,245032061699
6288,319,717899694521
5444,2310,"929819142165,863329919180,863329919180,750156468469"
5445,2310,929819142165
5448,208,858030157299
5449,2310,"706302919753,929819142165,929819142165"
5452,208,"858030157299,951313012753,928104352141,616554609597"
5456,208,"438071472030,245143586034"
5475,2040,"706302919753,971657212338,923485882084"
5480,31,"426362434662,261672904480"
5486,2324,"123317730197,636545644634"
5487,2325,631559770471
7960,811,563388874988
5495,2310,"929819142165,929819142165"
5499,"592,2331","448540462163,868239522489"
5512,2337,"144838920781,239675946514"
5518,2338,489648020796
5526,615,996405937084
5532,635,563388874988
5544,731,"396287033930,863329919180"
5557,203,396287033930
7435,295,"812649641749,519620315815"
7437,2882,929819142165
7449,444,"355242680870,261672904480"
5567,38,448540462163
5568,38,563388874988
5598,585,812649641749
5599,2356,175682234295
5632,1883,536320523506
5636,1897,323273455984
5645,508,817321833631
5653,443,888721759330
5678,1411,426362434662
5681,"1109,1110","888721759330,756372794491,929819142165"
5690,295,589867706993
7969,"1736,126,408","438071472030,756372794491,426362434662"
5691,679,"123317730197,444873390371"
5694,2383,888721759330
5699,4,"756372794491,783298102704"
5702,2101,426362434662
5707,613,888721759330
5708,365,457524436096
5714,763,858030157299
5722,1201,886093680890
5725,7,"812649641749,812649641749"
5732,2310,"869955988052,426362434662,863329919180"
5736,488,"824142047736,824142047736"
5739,443,888721759330
6350,185,"996405937084,202863342858"
5744,2396,206778660188
5763,1809,213478247449
5767,"5,860",123317730197
5774,398,"210733336914,823943248698,169631732730"
5783,854,888721759330
5792,420,"888721759330,949538583064"
5793,513,971657212338
5796,513,717899694521
5802,2406,888721759330
5803,2105,448540462163
5807,"1109,1110",888721759330
6361,2580,165501917790
5809,"1109,1110",929819142165
7458,212,"951313012753,210733336914"
7477,2711,563388874988
7478,631,756372794491
7481,631,756372794491
7489,731,655438819868
7491,213,355242680870
7495,2898,769573635661
7507,345,756372794491
7515,74,735612117095
11778,367,109358135885
5813,"1109,1110",756372794491
5815,"1109,1110,183",756372794491
5821,"531,17","756372794491,393625365002"
7517,398,750156468469
7521,31,"684877701428,478701691965"
7526,211,"888721759330,210733336914,225666126939"
7975,211,666167540785
7976,2601,902628186976
7977,1669,"888721759330,467506873802,575030670508"
7979,471,"438071472030,169631732730,694996189155,531869172519,653911562158"
7983,"755,916",448540462163
9489,1002,456718678455
5835,1472,800705054080
5836,2414,756372794491
5837,491,109358135885
5854,283,817321833631
5857,183,"694195477658,929819142165"
5866,589,756372794491
5869,"244,2430","618355761471,824142047736"
5875,"2433,2434",265932231836
5879,511,"498927610170,658197689408"
5890,28,756372794491
5897,2440,"888721759330,756372794491,123317730197"
5902,2443,485018581158
7536,29,438071472030
7539,159,438071472030
7544,140,"888721759330,455989312956"
7548,2918,"764118488854,218093200747"
7552,468,"817434891767,949538583064"
7556,631,438071472030
7557,2921,"888721759330,383092039780"
7559,2922,123317730197
7562,196,"669489524419,309842505795,208149793229"
7586,2927,817434891767
7585,648,"974609541585,339931740950"
7981,186,355242680870
9498,43,368390667456
5930,2454,444965182086
5945,367,888721759330
5949,1669,"888721759330,760029738066"
5953,"1326,362",221736714783
5968,798,"888721759330,769929922987"
5988,613,355242680870
5989,613,"144838920781,863329919180"
5992,2470,929819142165
6008,2447,"323273455984,424901071220,424901071220"
6025,223,"353868443200,396287033930"
6037,2485,261672904480
6038,228,783298102704
6039,2485,462346580459
6042,571,"756372794491,438071472030"
6045,"283,2487",756372794491
6056,283,756372794491
6059,283,756372794491
6060,1609,756372794491
6063,228,"756372794491,448540462163"
6067,965,756372794491
6074,1019,249593721612
6086,2499,812649641749
6087,295,756372794491
6090,29,"567839591024,138008228727,636545644634"
6098,228,"929819142165,929819142165"
6099,228,929819142165
6108,552,109358135885
6111,228,756372794491
6118,"695,230",756372794491
6119,247,632616090422
6122,247,"971657212338,123317730197,123317730197,758444174081"
6127,17,756372794491
6131,2510,783298102704
6135,975,"261672904480,929819142165,245032061699,126580655982"
6143,1722,996405937084
7587,468,245032061699
7588,546,"128533184648,636545644634,949538583064,636545644634"
7589,546,"245032061699,195597178821"
7592,2930,769573635661
7595,2931,"175682234295,218093200747"
7603,2930,"413739000844,383092039780"
11780,4256,280468269439
6151,164,"994985901817,245143586034"
6153,185,247037694794
6165,68,731159599603
6189,181,104269135621
6192,"61,347",247037694794
6212,228,"800705054080,653911562158"
6213,228,123317730197
6215,228,756372794491
6221,2531,756372794491
6224,2531,263021605118
6227,2531,756372794491
6259,"768,107,108","411436249746,517134775523"
6292,2554,"353868443200,123317730197,173975302140"
6300,901,"175682234295,245143586034"
6306,2562,756372794491
6308,517,756372794491
6316,517,929819142165
6318,517,929819142165
6319,517,756372794491
6324,66,"756372794491,756372794491"
6327,"679,2567",536103849810
6334,2570,321316551291
6349,"595,2573",500357715903
6352,901,438071472030
6376,29,812649641749
6379,2585,131801535028
6400,211,"827772977470,225666126939"
6401,43,996405937084
6403,1272,753128310892
6411,1669,888721759330
6415,1839,117886705769
6416,354,438071472030
6424,44,"438071472030,123317730197,863329919180,888990630183"
6425,232,245143586034
6443,1019,"249593721612,249593721612"
7985,203,563388874988
6444,957,"994985901817,296272052435"
7611,160,706302919753
7617,2941,769573635661
7618,566,706302919753
7619,566,563388874988
7621,566,563388874988
7622,566,869955988052
7623,2942,"462346580459,951313012753"
7624,419,756372794491
7625,2943,769573635661
6449,1762,971657212338
6446,95,888721759330
6452,2600,756372794491
6453,2600,"971657212338,971657212338"
6457,118,"245143586034,812649641749"
6460,803,"245143586034,245143586034,645173583380"
6461,2605,426362434662
6464,2607,249593721612
6467,"261,622","602884829132,616040736095"
6468,2105,159135092439
6474,"585,2023",221736714783
7632,7,812649641749
6489,"2058,2615",123317730197
6490,442,"438071472030,245143586034,824142047736,261100721749"
6491,"2616,2617",238042137625
6495,262,725695791392
6497,2620,"888721759330,607453494945,899186016280"
6501,2620,563388874988
6503,7,812649641749
6505,2620,888721759330
6517,2627,888721759330
6519,491,812649641749
6522,80,245143586034
7634,2947,175682234295
6525,1825,"245032061699,923485882084"
6527,1825,245032061699
6528,1825,971657212338
6535,2631,"159135092439,175682234295"
6545,2637,"812649641749,758444174081"
6550,211,"245032061699,245032061699"
6563,67,"438071472030,957069255365"
6564,2645,426362434662
6572,2261,"175682234295,645173583380"
6576,1386,"756372794491,951313012753,758079066679"
6578,28,756372794491
7999,196,372828469540
6579,636,"756372794491,288354675743"
6580,636,"929819142165,288354675743"
6584,636,438071472030
6586,28,929819142165
6588,28,929819142165
6593,4,929819142165
6594,631,438071472030
6599,1669,888721759330
6605,224,680101439838
6609,1669,"706302919753,467506873802"
6615,2615,929819142165
6618,2274,996405937084
6630,613,"888721759330,863329919180"
6637,2675,929819142165
6653,"47,48",438071472030
6654,366,498927610170
6659,256,"438071472030,666167540785"
6662,1065,"849733476327,971657212338,309842505795,496854931147"
6674,2040,563388874988
6677,2690,426362434662
6682,2693,"426362434662,426362434662"
7643,756,655438819868
7646,2951,123317730197
6687,262,971657212338
6688,250,958249908971
10862,1,"616554609597,616554609597"
6698,860,869955988052
6703,256,756372794491
6708,631,438071472030
6712,507,"706302919753,756372794491"
6726,571,756372794491
6728,571,438071472030
6748,66,929819142165
6752,66,756372794491
6753,2707,"355242680870,951313012753,951313012753,604665014408"
6762,419,563388874988
7661,2956,165501917790
8096,2618,315631053874
6785,128,332049503008
6787,80,812649641749
6793,1178,245143586034
6795,545,563388874988
7663,80,971657212338
7676,61,655438819868
7683,61,971657212338
7682,61,971657212338
7692,2012,589867706993
7697,"1573,695",438071472030
7701,49,"971657212338,245143586034"
7702,631,563388874988
6813,571,438071472030
6816,1992,"817434891767,245032061699,863329919180"
6818,1669,318509972361
6820,"258,2725",438071472030
6833,2730,"558673205516,964657504129,616554609597,405513968079,616554609597,923485882084,616554609597"
6834,2470,929819142165
6846,2590,563388874988
6852,479,426362434662
6857,2647,"563388874988,869228245033"
6860,126,163652477464
6862,866,"563388874988,949538583064"
6877,"2736,2727",438071472030
6879,4,"971657212338,971657212338"
7703,989,817434891767
7711,2661,438071472030
7716,28,812649641749
7725,2981,636545644634
7727,345,175682234295
7733,351,"500357715903,210733336914,812649641749,500357715903,616554609597,467506873802"
7732,351,996405937084
7735,2984,"817434891767,175682234295"
7748,1781,396287033930
7753,18,812649641749
7754,546,245032061699
7764,2994,175682234295
11796,3477,"202863342858,210965998732,467506873802"
7994,156,"126580655982,225666126939"
8003,17,634676158068
8006,3075,245032061699
8012,3076,971657212338
8011,1090,"844849809695,463689773804"
8013,247,"438071472030,334291829935"
8020,3078,"971657212338,245032061699"
8023,3078,"245032061699,640284426813"
8032,3081,239675946514
8034,2075,971657212338
11797,75,114426911424
8035,2075,"769573635661,764118488854"
8044,79,438071472030
8047,1388,152461457404
8051,228,634676158068
8054,343,636545644634
8056,228,438071472030
8059,975,929819142165
8064,975,971657212338
8069,3088,409371505827
8082,1062,491201620041
11824,4281,636545644634
11826,213,949538583064
11835,4287,910103689624
8116,43,239675946514
8122,426,123317730197
8130,183,756372794491
8132,3110,245032061699
8133,3111,817434891767
8134,3110,245032061699
8140,"3114,3115",381205542744
8142,"687,688",413739000844
8144,676,951313012753
8146,975,368390667456
8167,211,888721759330
8168,354,951313012753
8173,262,409371505827
8174,262,409371505827
8177,507,634676158068
8190,3122,122678901963
8193,343,409371505827
8197,211,869228245033
8202,"228,2044","596020596118,169631732730"
8203,228,706302919753
8206,228,929819142165
8207,228,888721759330
8211,953,"716282150015,438071472030"
8213,511,869228245033
8232,504,817434891767
8234,631,"438071472030,123317730197"
8240,17,"396287033930,210396356827"
8247,507,123317730197
8259,29,817434891767
8266,798,823943248698
8271,511,122678901963
8274,75,210965998732
8279,2229,964657504129
8284,"3146,1398",438071472030
8311,262,888721759330
8312,262,409371505827
8319,566,368390667456
8323,3157,739619745461
8334,3161,245032061699
8336,455,716282150015
8341,3163,929819142165
8346,1609,753128310892
8354,3170,924489435838
8356,29,"140289111734,152751758606"
8361,499,438071472030
8369,"883,3176",316195095367
8372,3178,368390667456
8376,1800,563388874988
8377,7,438071472030
8378,3179,381205542744
8390,935,"666167540785,426362434662"
8393,3186,716282150015
8394,3187,175682234295
8397,225,717899694521
8401,7,438071472030
8412,345,756372794491
8419,"2269,3195",245032061699
8420,546,409371505827
8432,3197,122678901963
8438,1825,"368390667456,368390667456"
8443,748,"706986751636,245143586034,450900851690"
8451,709,"381205542744,312759452298"
8460,636,"634676158068,634676158068"
8464,165,924489435838
8467,2337,368390667456
8468,2337,"239675946514,210965998732"
8476,2659,756372794491
8478,491,409371505827
8488,3211,"896894389979,636545644634"
11841,4289,559725890045
8490,241,817434891767
8492,3213,"426362434662,426362434662"
8495,"52,107,108",716282150015
8496,16,888721759330
8513,3223,140289111734
8538,605,817434891767
8539,585,764118488854
8547,3235,"869228245033,114426911424"
8548,2111,355242680870
8553,961,122678901963
8555,3238,245032061699
8557,3238,245032061699
8586,283,666167540785
8588,948,381205542744
8594,61,589867706993
8596,"262,225",888721759330
8608,251,"122678901963,666167540785"
8609,74,706302919753
8617,7,756372794491
8619,247,"210965998732,999989006991"
8622,"68,17,3254,67",438071472030
8624,224,605301471334
8630,3256,868239522489
8633,417,122678901963
8637,1605,929819142165
8655,2683,"888721759330,426362434662"
8656,571,634676158068
8670,"3273,3274",368390667456
8676,17,634676158068
8683,17,929819142165
8694,3279,365660435784
8710,223,"239675946514,383092039780"
8715,850,716282150015
8719,"3284,1550",245032061699
8726,213,409371505827
8740,613,"888721759330,383092039780"
11846,4291,172095131804
8754,892,812649641749
8761,491,869228245033
8772,836,988947114188
8776,3307,245032061699
8783,3154,"929819142165,396287033930"
8789,1809,210965998732
8795,1825,126580655982
8825,367,769573635661
8827,3327,426362434662
8840,448,355242680870
8849,1067,756372794491
8851,3330,863329919180
8853,308,863329919180
8857,164,175682234295
8858,2105,426362434662
8860,3334,863329919180
8885,228,634676158068
8902,965,739619745461
8908,140,368390667456
8919,1588,284356751435
11857,"482,1221,481,958",616040736095
8928,3358,924489435838
8935,3359,175682234295
8937,213,409371505827
8943,523,239675946514
8956,798,409371505827
8970,178,"175682234295,703614684224"
8979,89,"680101439838,406194970961"
8982,17,756372794491
8986,507,634676158068
11861,4297,206727921604
8989,146,863329919180
8990,3075,631559770471
9000,31,"210965998732,210965998732"
9009,"647,290",284356751435
9010,571,634676158068
9016,497,964657504129
9018,3389,634676158068
9029,2377,"666167540785,210965998732,666167540785"
9031,989,817434891767
9043,3396,910103689624
9044,28,"563388874988,393625365002"
9045,28,448540462163
9049,28,888721759330
9053,28,756372794491
9054,28,888721759330
9055,28,756372794491
9056,28,756372794491
9057,28,"888721759330,448540462163"
9058,28,756372794491
9059,28,756372794491
11869,4300,910103689624
9060,28,756372794491
9070,"3049,3050",368390667456
9083,1217,"315631053874,315631053874,812649641749"
9084,28,812649641749
9086,3402,245032061699
9096,3407,"381205542744,202863342858,202863342858"
9102,3408,612248565815
9104,126,756372794491
9117,488,883913356047
9125,160,472558623157
9129,17,"756372794491,634676158068"
9136,3251,175682234295
9152,496,"355242680870,315631053874"
9161,3422,"996405937084,996405937084"
9176,3426,817434891767
9178,1067,756372794491
9179,"33,3427",616554609597
9192,3431,413739000844
9193,627,472558623157
9203,3111,817434891767
9213,3436,442640095315
9226,856,964657504129
9230,17,634676158068
9527,523,817434891767
9235,98,"929819142165,409769291691,225666126939,113340019300,557097932039"
9237,819,896894389979
9242,834,"951313012753,424901071220"
9270,184,951313012753
9285,731,475272494144
9287,3457,863329919180
9291,134,616554609597
9295,213,"929819142165,245143586034"
9299,2682,817434891767
9300,308,355242680870
9301,"408,636",929819142165
9302,"3460,3213",368390667456
9311,165,472558623157
9313,3192,636545644634
9322,1643,218093200747
9326,3464,"863329919180,863329919180"
9327,3464,924489435838
9328,182,764118488854
9334,28,756372794491
9336,494,"313128132368,450900851690"
9344,17,"634676158068,634676158068"
9350,29,218093200747
9353,"3473,398",313128132368
9359,126,"756372794491,924489435838,951313012753"
9366,140,888721759330
9376,879,313128132368
9384,702,313128132368
9392,2214,817434891767
9395,"228,66",756372794491
9400,228,634676158068
9404,1137,"313128132368,703614684224,703614684224"
9405,1568,"313128132368,868239522489"
9406,1137,823943248698
9413,3494,717899694521
9536,3536,869955988052
9418,366,756372794491
9426,1809,996405937084
9427,1809,996405937084
9435,43,"863329919180,863329919180"
9438,443,863329919180
9444,443,"888721759330,863329919180"
9452,3504,126580655982
9453,89,"996405937084,812649641749"
9454,75,"812649641749,812649641749,208149793229"
9455,571,929819142165
9462,262,812649641749
9625,351,165501917790
9490,2605,863329919180
11874,3979,175682234295
11893,4310,616554609597
11907,4317,158358714146
12179,3396,388631927962
12186,313,315631053874
12189,1140,570005420261
12191,4415,543878232429
12215,166,890294665745
12223,4426,162342107260
9505,2242,123317730197
9509,3529,709960603219
9515,826,929819142165
9519,3125,"919921832270,158358714146"
9520,"2977,269,3531,3532",325576598738
11910,989,750156468469
11916,507,263021605118
11928,4325,996405937084
11934,4222,202863342858
12229,508,126580655982
12240,854,"851580872021,248275867936,951313012753,497893661469"
12250,1722,996405937084
9539,3537,812649641749
9547,965,"242725736100,396287033930"
9558,"3542,747","631346754147,631346754147"
9559,75,"442640095315,964657504129"
9560,225,863329919180
9574,605,817434891767
9579,147,325576598738
9588,454,"996405937084,703614684224"
9592,250,210733336914
9603,3558,888721759330
9605,233,"563388874988,863329919180"
9621,146,"888721759330,368390667456,811016051328"
9622,887,313128132368
9642,2310,"869955988052,923485882084"
9643,228,634676158068
9645,613,"888721759330,863329919180,863329919180"
9648,92,812649641749
9655,855,996405937084
9672,1916,"797686213271,396287033930"
9687,1067,812649641749
9693,855,959078742794
9709,491,863329919180
9711,1038,812649641749
9720,3590,863329919180
9728,613,"863329919180,863329919180"
9736,613,863329919180
9738,3602,863329919180
9746,3605,863329919180
9758,"837,838,3613",210965998732
9762,592,332049503008
9764,228,634676158068
11939,731,"636545644634,216743486564"
11943,4332,863329919180
9775,1753,863329919180
9779,"3620,3621,3622",961890638160
9788,164,"245143586034,152142976299"
9789,165,812649641749
9793,3626,381205542744
9796,233,863329919180
9806,241,"863329919180,863329919180"
9808,126,634676158068
9811,61,381205542744
9819,520,"636545644634,769528542041"
9827,3637,394117657821
9829,3638,165501917790
9837,2075,863329919180
9841,299,863329919180
9842,3643,"863329919180,863329919180"
9844,3604,817434891767
9846,3645,764118488854
9849,1558,951313012753
9855,"3647,3648",636545644634
9866,366,126580655982
9868,211,245032061699
9876,43,812649641749
9885,2169,916532885936
10012,165,812649641749
9892,126,"888721759330,951313012753"
9895,1703,175682234295
9912,"390,335,323",812649641749
9916,2730,964657504129
9918,"837,838",634676158068
9929,566,368390667456
9939,3670,758079066679
9940,126,634676158068
9941,17,634676158068
9955,3676,716282150015
9961,636,706302919753
9981,165,924489435838
9988,224,563388874988
11960,291,210965998732
11963,3838,"949538583064,486438530862"
11969,4222,202863342858
11986,319,496854931147
11995,"270,1298",218093200747
11997,58,812649641749
11999,57,"202863342858,348461817543"
12006,2645,863329919180
12012,3227,424404007728
12014,29,450466551137
12016,"86,256",496854931147
10027,575,175682234295
10029,593,239675946514
10032,2406,"888721759330,169631732730"
10038,856,396287033930
10044,504,607453494945
10046,3699,684877701428
10049,3702,817434891767
10060,200,355242680870
10063,613,607453494945
10068,178,"636545644634,636545644634"
10074,724,636545644634
10076,520,"636545644634,769528542041"
12385,4455,225666126939
10078,183,706302919753
10097,3717,572264010876
10100,"228,66",706302919753
10108,575,239675946514
10118,290,837136053942
10124,4,426362434662
10129,3724,"426362434662,863329919180"
10131,3113,704473490741
10136,164,245143586034
10140,4,706302919753
10141,826,924489435838
10146,"3727,374",245032061699
10148,592,"919921832270,172095131804,616554609597"
10153,613,"607453494945,175339198285"
10156,2887,472558623157
10163,28,812649641749
10164,1732,489825954980
10165,1713,616554609597
10169,228,924489435838
10176,7,396287033930
10187,228,634676158068
10199,531,645785362450
10211,3749,769573635661
10216,232,812649641749
10222,80,"616554609597,616554609597,616554609597"
10227,1049,498927610170
10229,3750,636545644634
10246,"2943,3040,3754",218093200747
10252,2620,888721759330
10262,1217,"315631053874,315631053874"
10261,3760,472558623157
10267,"207,107,108",618355761471
10271,433,868239522489
10272,3764,426362434662
10277,"1109,1110",951313012753
10284,488,764118488854
10295,299,863329919180
10303,3773,863329919180
10316,75,919921832270
10321,965,426362434662
10323,29,165501917790
10332,1669,888721759330
10333,2792,396287033930
10334,433,868239522489
12028,"1732,892",636545644634
10373,3787,812649641749
10374,1438,175682234295
10389,68,396287033930
10397,"1558,216",824142047736
10399,126,951313012753
10411,1741,502231921744
10424,2201,"123317730197,957069255365"
10427,1398,604665014408
10440,"325,107,108",716282150015
10446,1485,863329919180
10450,566,"706302919753,913175848608"
10458,138,368390667456
10473,164,245143586034
10477,156,835487103963
10499,507,924489435838
10500,507,924489435838
10502,872,159790379354
10516,1762,396287033930
10521,300,666167540785
10531,3835,368390667456
10532,679,175682234295
10539,1676,817434891767
10561,29,498927610170
10564,1972,"563580450746,472558623157,616554609597,869395596643"
10565,3843,413739000844
10567,164,764118488854
10568,3846,"218093200747,676459936481"
10571,953,159790379354
10572,1217,315631053874
10575,1217,"315631053874,812649641749"
10579,517,"888721759330,951313012753"
10581,2970,996405937084
10582,2798,869955988052
10597,2377,210733336914
10601,3851,332049503008
10609,3854,426362434662
10611,3855,"863329919180,863329919180"
10618,2310,"706302919753,486438530862"
10622,571,596020596118
10623,126,634676158068
10637,870,426362434662
10649,3702,454324075418
10652,1825,257206398811
10653,1825,563388874988
10670,2326,764118488854
10672,343,929819142165
10673,1809,863329919180
10688,2730,964657504129
10693,1054,"616554609597,616554609597"
10702,224,812649641749
10703,44,868239522489
10705,935,863329919180
10716,126,929819142165
10717,3887,716282150015
10719,593,801392618851
10725,3447,531129283270
10727,3457,863329919180
10728,3457,863329919180
10733,3892,863329919180
10734,3893,868239522489
12034,517,"426362434662,426362434662,450900851690,406194970961"
12043,244,867935070956
12053,4366,388631927962
10735,313,"368390667456,689317362970"
10736,"2242,2243",540859075517
10755,297,210965998732
10764,80,858030157299
10766,"161,162",949538583064
10787,3905,863329919180
10793,1191,"616554609597,616554609597,175682234295"
10800,507,868239522489
10804,417,390467359333
10810,1772,315631053874
12060,4368,388631927962
12090,4377,"424901071220,424901071220"
10820,3913,863329919180
10823,3227,472558623157
10827,228,812649641749
10828,2214,863329919180
10834,228,951313012753
10845,7,812649641749
10849,3925,"604665014408,424901071220,113340019300"
10852,3927,863329919180
10857,3928,396287033930
10868,468,"949538583064,949538583064"
10870,996,604665014408
10882,208,"825147034083,202863342858"
10896,3935,812649641749
10920,75,396287033930
10923,3155,616554609597
10929,368,315631053874
10934,1074,"149062085809,497893661469"
10950,89,812649641749
10956,3951,558673205516
10960,"244,248",801392618851
10966,3955,658197689408
10999,3192,636545644634
11005,3966,315631053874
12094,"4383,4384",536192518463
11007,3969,"863329919180,225666126939"
11014,2439,658197689408
11020,16,315631053874
11032,3976,284356751435
11042,496,315631053874
11050,3986,604665014408
12097,4385,172095131804
12104,679,616554609597
12109,178,210965998732
12111,233,450900851690
12114,851,910103689624
12121,80,261100721749
12125,590,261100721749
11062,3992,868239522489
11064,472,812649641749
11071,"166,2945",173975302140
11074,89,750156468469
11076,61,928487713665
11079,3996,"753128310892,769528542041"
11083,857,910103689624
11088,3997,893426271458
11096,517,426362434662
11105,4007,951313012753
11111,308,"910103689624,658197689408"
11112,420,910103689624
11113,4009,315631053874
11119,223,863329919180
11122,148,"856589198312,856589198312,653911562158"
11135,"371,1642","616554609597,758444174081"
11140,166,"263940288201,365660435784"
11149,258,786816039084
11162,2728,703614684224
11168,491,949538583064
11179,631,869228245033
11190,244,849733476327
11206,1286,703614684224
11207,1286,703614684224
11208,4033,448594932067
11215,178,"703614684224,114426911424"
11218,178,703614684224
11224,"950,390,3417,335,334",812649641749
11237,223,396287033930
11238,185,210965998732
11241,823,175682234295
11250,4046,996405937084
11252,2980,812649641749
11268,"3463,335,2586",210396356827
11270,702,949538583064
11278,126,951313012753
11283,228,"709960603219,169631732730"
11286,4056,408647073007
11289,592,793797187505
11298,4060,868239522489
11306,233,863329919180
11309,"17,230",812649641749
12127,80,261100721749
12132,262,725695791392
12134,283,543878232429
12141,4395,543878232429
12277,491,984398789005
12282,"1473,892",812649641749
12286,156,365660435784
12287,"4451,4452",365660435784
12288,880,996405937084
12293,227,949538583064
12301,"68,17,67","616554609597,616554609597"
12303,95,689113501019
12304,29,563388874988
12315,4461,984398789005
12318,172,462628741767
12323,2683,486438530862
12330,4466,261100721749
12331,418,984398789005
12332,654,225666126939
12347,140,486438530862
12348,491,984398789005
12350,4165,863329919180
12366,491,225666126939
12377,"3229,3228","376251090104,399854590127"
12379,"2924,4489,4490",462628741767
12381,4491,441959532869
12386,"161,162",949538583064
12388,4495,658197689408
12394,4497,"616554609597,616554609597"
12397,2337,296272052435
12400,1964,486438530862
12410,4503,441959532869
12418,4505,658197689408
12421,517,644691307821
12424,468,949538583064
12438,491,225666126939
12442,2377,984398789005
12446,4513,"510385529996,162342107260"
12448,273,863329919180
12451,517,"812649641749,426362434662,500357715903"
12456,"4516,117",716282150015
12458,4517,225666126939
12462,4518,984398789005
12467,740,899186016280
12474,4523,616554609597
12478,3081,863329919180
12483,4527,486438530862
12487,3702,984398789005
12498,367,158358714146
12507,89,812649641749
12520,"301,117",616554609597
12521,2014,"984398789005,406194970961"
12525,4541,645173583380
12528,4544,616554609597
12531,1682,"831594906812,923041323258"
12547,1825,486438530862
12548,4551,225666126939
12552,684,984398789005
12555,1684,424901071220
12567,183,486438530862
12571,183,644691307821
12574,4564,210396356827
12586,2816,636545644634
12604,4573,"949538583064,172095131804"
12609,739,645173583380
12620,1695,149062085809
12625,181,394117657821
12627,702,725695791392
12629,29,248275867936
12633,1825,486438530862
12637,517,516695344247
12646,4579,412184139502
12647,3076,655438819868
12652,"1787,1788",640284426813
12727,2236,113340019300
12657,1411,441959532869
12660,855,658197689408
12666,2683,113340019300
12667,1002,424429512863
12671,55,869395596643
12683,4594,486438530862
12688,4596,630096962709
12693,228,951313012753
12697,"228,4598,4599",169631732730
12698,228,169631732730
12730,4,450900851690
12732,799,831594906812
12733,4607,210965998732
12737,508,225666126939
12738,4613,587921422357
12753,223,210965998732
12754,892,919921832270
12756,3391,"248275867936,923485882084"
12760,1225,448594932067
12763,"4619,4620",869228245033
12767,43,383092039780
12774,4626,332049503008
12780,2048,545559172177
12786,148,"383092039780,313128132368"
12788,420,910103689624
12790,4629,395780866633
12794,2242,113340019300
12802,1067,248275867936
12804,4636,616554609597
12806,1041,"486438530862,406194970961"
12807,1041,498927610170
12815,1669,383092039780
12824,670,383092039780
12827,189,450900851690
12831,"968,352",348461817543
12840,75,383092039780
12857,75,383092039780
12860,1178,497893661469
12863,4653,653911562158
12862,178,210965998732
12864,"4302,4654",653911562158
12883,4662,703753739711
12888,67,"812649641749,957069255365"
12895,4302,653911562158
12905,184,424429512863
12911,1762,383092039780
12914,147,869395596643
12915,"4020,4668,4669",462628741767
12917,1258,497382152459
12920,29,557097932039
12923,262,169631732730
12927,380,326966729528
12935,233,450900851690
12937,247,888990630183
12954,77,888990630183
12961,4537,108235469049
12964,468,949538583064
12972,4678,825147034083
12974,31,604665014408
12981,4680,383092039780
12982,208,169631732730
12984,208,169631732730
13003,4683,587921422357
13013,"2977,269","812649641749,467506873802"
13020,508,225666126939
13021,508,225666126939
13023,508,225666126939
13031,"885,471","497893661469,497893661469"
13035,4693,869228245033
13038,146,"653911562158,863329919180"
13049,513,557097932039
13065,126,486438530862
13091,"481,482",869395596643
13097,396,928487713665
13102,67,169631732730
13108,"7,571,80","629902110827,649724260495"
13113,256,629902110827
13121,1131,629902110827
13123,"4706,4707",888990630183
13139,996,616554609597
13143,3221,557097932039
13149,679,210396356827
13174,4723,587921422357
13180,2075,486438530862
13184,"483,107,108",497382152459
13190,3396,114426911424
13259,223,225666126939
13264,4751,213187897294
13268,3892,607453494945
13277,4755,869395596643
13300,841,"758444174081,923485882084"
13319,1519,197341950772
13324,95,758444174081
13326,4772,869395596643
13332,1227,592500511033
13334,"3003,3004",450900851690
13350,4783,197341950772
13358,4787,208149793229
13381,4797,863329919180
13387,"239,117",139103050963
13393,315,450900851690
13423,3441,863329919180
13427,4819,208149793229
13448,605,949538583064
13451,228,393625365002
13477,642,735443043029
13483,4044,467506873802
13486,4841,758444174081
13490,211,225666126939
13495,228,393625365002
13496,228,393625365002
13506,4848,718052741556
13467,4702,
13511,256,869395596643
13517,741,569192161008
13525,2035,406194970961
13536,4835,923041323258
13539,4835,923041323258
13546,4871,553972503481
13548,448,511259947571
13555,679,225297020098
13557,4873,592441676383
13561,"300,4874",869395596643
13564,4875,949538583064
13565,358,511259947571
13578,613,511259947571
13589,"228,637",393625365002
13593,799,822922842616
13601,28,393625365002
13602,28,288354675743
13610,295,393625365002
13628,4891,406194970961
13640,1539,511259947571
13643,517,426362434662
13648,295,393625365002
13650,"295,126",393625365002
13653,126,393625365002
13655,17,288354675743
13657,230,288354675743
13659,17,"288354675743,288354675743"
13660,515,288354675743
13667,4898,653911562158
13668,3075,511259947571
13669,28,288354675743
13690,401,393625365002
13691,146,863329919180
13693,4901,923041323258
13696,670,511259947571
13697,4702,493980540339
13698,4044,653911562158
13705,2396,822922842616
13717,4905,225297020098
13719,4906,616554609597
13722,2294,"616554609597,676459936481"
13728,4912,822922842616
13730,1072,758444174081
13731,1072,758444174081
13738,4916,923485882084
13739,4917,162342107260
13747,"371,1642",923041323258
13753,295,393625365002
13754,295,393625365002
13756,4925,467506873802
13761,4927,923485882084
13819,4954,184210960012
13826,"1191,4957",218093200747
13833,829,758444174081
13834,1911,758444174081
13836,95,653911562158
13854,4484,511259947571
13886,"67,68",616554609597
13894,4980,653911562158
13904,1823,758444174081
13906,989,399854590127
13908,4986,923485882084
13911,4987,616554609597
13923,996,718052741556
13940,4998,"923485882084,923485882084"
13954,4999,225666126939
13960,290,616554609597
13972,5010,891558330436
13986,5016,497893661469
13975,223,653911562158
14001,17,288354675743
14003,17,288354675743
14018,17,"393625365002,393625365002"
14019,"28,17","393625365002,393625365002"
14022,"831,571,17",393625365002
14030,1067,913175848608
14033,393,467506873802
14054,5034,758444174081
14071,29,923485882084
14073,313,963784456473
14076,642,169631732730
14086,2214,653911562158
14105,4346,288354675743
14116,92,406194970961
14124,636,288354675743
14128,"323,477",869395596643
14135,2915,923485882084
14140,5063,406194970961
14148,"482,481,527",667095183558
14154,2982,406194970961
14185,5085,758444174081
14187,3602,923485882084
14194,1664,963784456473
14237,531,197341950772
14245,"1197,5111",923485882084
14246,5112,923485882084
14260,"375,4923",493980540339
14261,517,869395596643
14263,80,580594888329
14272,"323,1381",869395596643
14277,964,136486185997
14278,5119,406194970961
14281,92,616554609597
14283,"476,1558,475",923485882084
14295,2337,653911562158
14314,445,653911562158
14322,223,653911562158
14336,95,653911562158
14364,2673,653911562158
14372,631,406194970961
14378,760,676459936481
14379,5145,786837713576
14381,223,653911562158
14388,1074,"497893661469,406194970961"
14389,126,497893661469
14398,295,721270495277
14419,"5031,5158,5005",758444174081
14428,458,493980540339
14429,2415,653911562158
14433,2730,604665014408
14436,1210,498927610170
14448,95,653911562158
14465,5178,696859435341
14480,124,653911562158
14497,75,653911562158
14513,2717,511259947571
14519,3213,758444174081
14535,3103,399854590127
14539,5205,758444174081
14540,1435,758444174081
14547,156,511259947571
14548,5210,406194970961
14580,520,769528542041
14585,233,653911562158
14606,1074,406194970961
2844,1487,"994685553389,478701691965"
4144,757,"438071472030,438071472030,812649641749,653559399185,616554609597"
7934,295,769573635661
7932,3055,706302919753
6132,227,"165501917790,448540462163,984398789005,899186016280,923485882084"
10948,227,951313012753
2104,138,"144838920781,245032061699,924489435838,413739000844,929819142165,498927610170,313128132368,949538583064,863329919180,113340019300,225666126939,169406762684"
2652,138,"509760591885,339046812284,888721759330,448540462163,951313012753,863329919180,949538583064,769929922987"
3860,138,"353868443200,888721759330,245143586034,680101439838,210965998732,498927610170,666167540785,863329919180,462628741767"
538,87,"321316551291,958249908971,218093200747,916532885936,758444174081,616554609597"
7933,295,"971657212338,123317730197,604665014408"
4322,295,"858030157299,396287033930,245143586034,951313012753,245143586034,824142047736,497893661469,616554609597,616554609597,629902110827"
9602,283,210965998732
5421,1051,"339046812284,662106175294,858030157299"
631,87,"874158820580,321316551291,916532885936,245143586034,321316551291,616554609597,557097932039,197341950772,616554609597"
2245,283,"713815986884,407445230620,713815986884,713815986884,396287033930,706986751636,463689773804,543878232429"
1389,33,"741416130534,769929183709,836928405393,339046812284,245143586034,951313012753,951313012753,245143586034,313128132368,589867706993,645173583380,406194970961"
1918,283,"140289111734,627759337467,536320523506,964657504129,438071472030,563388874988,971657212338,478701691965,616554609597,868239522489,888990630183"
4911,49,"339046812284,323273455984,448540462163,824142047736,261672904480,173975302140,424901071220,424901071220,123317730197,616554609597,424901071220,616554609597"
788,298,"801346475500,888721759330,245143586034,951313012753,616554609597,616554609597,616554609597,616554609597"
7840,283,858030157299
261,223,"515788758231,963223966093,817321833631,858030157299,837136053942,924489435838,165501917790,893426271458,951313012753"
14632,"3462,181",616554609597
2804,"592,892","874158820580,521144791562,485018581158,245143586034,245143586034,616554609597,616554609597,616554609597,837136053942,616554609597,616554609597"
951,109,"804121600141,974609541585,964657504129,717899694521,949538583064,409769291691,863329919180,210965998732"
1411,213,"296272052435,509760591885,888721759330,245143586034,575030670508,949538583064,250338844269,383092039780"
1039,298,"321316551291,824142047736,438071472030,396287033930,245143586034,964657504129,123317730197,210965998732"
5711,200,"888721759330,951313012753,951313012753,869395596643,198947507883"
1523,798,"748039353331,911593860202,277883390501,323273455984,687229846531,951313012753,225666126939,113340019300,557097932039"
2102,965,"783298102704,812649641749,448540462163,488989482109,245143586034,210965998732,396287033930,123317730197,248275867936,869395596643,869395596643"
4962,854,"756372794491,888721759330,951313012753,863329919180,395780866633,426362434662,113340019300,616554609597"
6805,196,"245143586034,407445230620,208149793229"
292,243,"874158820580,812649641749"
785,164,"115890368776,509760591885,218093200747,438071472030,516695344247,689317362970,172095131804"
335,281,"755780681559,804121600141,438071472030,980857559390,616554609597,217886025664,758444174081,758444174081,653911562158"
4853,298,"438071472030,618355761471,245143586034,863329919180"
2007,4,"270247321047,753128310892,929819142165,756372794491,951313012753,604665014408,645173583380,424901071220"
11067,3177,"824142047736,172095131804"
2017,80,"516695344247,836928405393,812649641749,812649641749,958249908971,123317730197,951313012753,616554609597,496854931147"
8370,3177,"716282150015,716282150015"
1325,243,"874158820580,438071472030,888990630183"
8455,243,438071472030
5498,1051,"858030157299,406194970961"
860,77,"115890368776,964657504129"
76,77,874158820580
5850,283,817321833631
6049,"283,883",756372794491
6061,283,"817321833631,868239522489,565508649176"
90,89,"542654609056,994685553389,218093200747,863329919180,531129283270,357041318124"
497,382,"542654609056,874158820580,690937716610,323273455984,817927469568,812649641749,923485882084,696859435341"
1234,29,"321316551291,542654609056,172095131804"
